period,time_period_s,reason,available
1,2.04,restart_or_ball_out_span,
1,14.04,opponent_possession_event_after_anchor,
1,18.04,opponent_possession_event_after_anchor,
1,54.04,restart_or_ball_out_span,
1,86.04,restart_or_ball_out_span,
1,118.04,complete_ten_attackers_unavailable,9.0
1,146.04,restart_or_ball_out_span,
1,162.04,restart_or_ball_out_span,
1,174.04,restart_or_ball_out_span,
1,178.04,opponent_possession_event_after_anchor,
1,186.04,opponent_possession_event_after_anchor,
1,190.04,restart_or_ball_out_span,
1,202.04,restart_or_ball_out_span,
1,210.04,opponent_possession_event_after_anchor,
1,214.04,opponent_possession_event_after_anchor,
1,266.04,restart_or_ball_out_span,
1,274.04,opponent_possession_event_after_anchor,
1,298.04,opponent_possession_event_after_anchor,
1,338.04,opponent_possession_event_after_anchor,
1,342.04,opponent_possession_event_after_anchor,
1,350.04,restart_or_ball_out_span,
1,354.04,restart_or_ball_out_span,
1,362.04,restart_or_ball_out_span,
1,370.04,restart_or_ball_out_span,
1,374.04,opponent_possession_event_after_anchor,
1,386.04,restart_or_ball_out_span,
1,414.04,restart_or_ball_out_span,
1,426.04,opponent_possession_event_after_anchor,
1,430.04,opponent_possession_event_after_anchor,
1,462.04,restart_or_ball_out_span,
1,482.04,restart_or_ball_out_span,
1,506.04,restart_or_ball_out_span,
1,542.04,restart_or_ball_out_span,
1,546.04,opponent_possession_event_after_anchor,
1,550.04,opponent_possession_event_after_anchor,
1,554.04,restart_or_ball_out_span,
1,582.04,restart_or_ball_out_span,
1,610.04,opponent_possession_event_after_anchor,
1,614.04,opponent_possession_event_after_anchor,
1,618.04,opponent_possession_event_after_anchor,
1,638.04,restart_or_ball_out_span,
1,658.04,restart_or_ball_out_span,
1,690.04,restart_or_ball_out_span,
1,694.04,restart_or_ball_out_span,
1,730.04,restart_or_ball_out_span,
1,742.04,restart_or_ball_out_span,
1,778.04,opponent_possession_event_after_anchor,
1,786.04,restart_or_ball_out_span,
1,806.04,restart_or_ball_out_span,
1,814.04,opponent_possession_event_after_anchor,
1,826.04,opponent_possession_event_after_anchor,
1,858.04,opponent_possession_event_after_anchor,
1,874.04,restart_or_ball_out_span,
1,902.04,opponent_possession_event_after_anchor,
1,906.04,opponent_possession_event_after_anchor,
1,954.04,opponent_possession_event_after_anchor,
1,966.04,opponent_possession_event_after_anchor,
1,978.04,opponent_possession_event_after_anchor,
1,982.04,restart_or_ball_out_span,
1,998.04,restart_or_ball_out_span,
1,1018.04,restart_or_ball_out_span,
1,1030.04,restart_or_ball_out_span,
1,1062.04,restart_or_ball_out_span,
1,1142.04,restart_or_ball_out_span,
1,1150.04,restart_or_ball_out_span,
1,1162.04,opponent_possession_event_after_anchor,
1,1170.04,opponent_possession_event_after_anchor,
1,1182.04,restart_or_ball_out_span,
1,1214.04,restart_or_ball_out_span,
1,1234.04,opponent_possession_event_after_anchor,
1,1262.04,restart_or_ball_out_span,
1,1294.04,restart_or_ball_out_span,
1,1314.04,restart_or_ball_out_span,
1,1350.04,opponent_possession_event_after_anchor,
1,1354.04,restart_or_ball_out_span,
1,1366.04,restart_or_ball_out_span,
1,1422.04,restart_or_ball_out_span,
1,1454.04,opponent_possession_event_after_anchor,
1,1458.04,restart_or_ball_out_span,
1,1462.04,restart_or_ball_out_span,
1,1470.04,restart_or_ball_out_span,
1,1474.04,restart_or_ball_out_span,
1,1526.04,restart_or_ball_out_span,
1,1538.04,opponent_possession_event_after_anchor,
1,1698.04,restart_or_ball_out_span,
1,1710.04,restart_or_ball_out_span,
1,1726.04,restart_or_ball_out_span,
1,1770.04,restart_or_ball_out_span,
1,1774.04,opponent_possession_event_after_anchor,
1,1794.04,restart_or_ball_out_span,
1,1806.04,restart_or_ball_out_span,
1,1834.04,restart_or_ball_out_span,
1,1838.04,opponent_possession_event_after_anchor,
1,1842.04,restart_or_ball_out_span,
1,1858.04,restart_or_ball_out_span,
1,1862.04,restart_or_ball_out_span,
1,1870.04,complete_ten_attackers_unavailable,9.0
1,1886.04,restart_or_ball_out_span,
1,1930.04,restart_or_ball_out_span,
1,1938.04,restart_or_ball_out_span,
1,1942.04,opponent_possession_event_after_anchor,
1,2018.04,restart_or_ball_out_span,
1,2042.04,restart_or_ball_out_span,
1,2050.04,restart_or_ball_out_span,
1,2058.04,restart_or_ball_out_span,
1,2070.04,opponent_possession_event_after_anchor,
1,2130.04,restart_or_ball_out_span,
1,2150.04,restart_or_ball_out_span,
1,2170.04,restart_or_ball_out_span,
1,2174.04,opponent_possession_event_after_anchor,
1,2206.04,opponent_possession_event_after_anchor,
1,2258.04,restart_or_ball_out_span,
1,2274.04,restart_or_ball_out_span,
1,2302.04,restart_or_ball_out_span,
1,2306.04,opponent_possession_event_after_anchor,
1,2362.04,opponent_possession_event_after_anchor,
1,2402.04,restart_or_ball_out_span,
1,2430.04,restart_or_ball_out_span,
1,2506.04,restart_or_ball_out_span,
1,2510.04,opponent_possession_event_after_anchor,
1,2530.04,restart_or_ball_out_span,
1,2550.04,restart_or_ball_out_span,
1,2558.04,opponent_possession_event_after_anchor,
1,2598.04,opponent_possession_event_after_anchor,
1,2626.04,opponent_possession_event_after_anchor,
1,2650.04,restart_or_ball_out_span,
1,2670.04,restart_or_ball_out_span,
1,2674.04,opponent_possession_event_after_anchor,
1,2678.04,restart_or_ball_out_span,
1,2706.04,opponent_possession_event_after_anchor,
1,2710.04,opponent_possession_event_after_anchor,
1,2726.04,opponent_possession_event_after_anchor,
1,2762.04,opponent_possession_event_after_anchor,
1,2770.04,opponent_possession_event_after_anchor,
1,2794.04,restart_or_ball_out_span,
1,2818.04,restart_or_ball_out_span,
1,2822.04,restart_or_ball_out_span,
2,2.04,no_possession_team,
2,6.04,no_possession_team,
2,10.04,no_possession_team,
2,14.04,no_possession_team,
2,18.04,no_possession_team,
2,22.04,no_possession_team,
2,26.04,no_possession_team,
2,30.04,no_possession_team,
2,34.04,no_possession_team,
2,38.04,opponent_possession_event_after_anchor,
2,42.04,complete_ten_attackers_unavailable,9.0
2,46.04,complete_ten_attackers_unavailable,9.0
2,50.04,complete_ten_attackers_unavailable,9.0
2,54.04,complete_ten_attackers_unavailable,9.0
2,58.04,complete_ten_attackers_unavailable,9.0
2,62.04,complete_ten_attackers_unavailable,9.0
2,66.04,complete_ten_attackers_unavailable,9.0
2,70.04,complete_ten_attackers_unavailable,9.0
2,74.04,complete_ten_attackers_unavailable,9.0
2,78.04,complete_ten_attackers_unavailable,9.0
2,82.04,complete_ten_attackers_unavailable,9.0
2,86.04,restart_or_ball_out_span,
2,90.04,complete_ten_attackers_unavailable,9.0
2,94.04,complete_ten_attackers_unavailable,9.0
2,98.04,restart_or_ball_out_span,
2,102.04,complete_ten_attackers_unavailable,9.0
2,106.04,restart_or_ball_out_span,
2,110.04,complete_ten_attackers_unavailable,9.0
2,114.04,restart_or_ball_out_span,
2,118.04,complete_ten_attackers_unavailable,9.0
2,122.04,complete_ten_attackers_unavailable,9.0
2,126.04,complete_ten_attackers_unavailable,9.0
2,130.04,complete_ten_attackers_unavailable,9.0
2,134.04,complete_ten_attackers_unavailable,9.0
2,138.04,complete_ten_attackers_unavailable,9.0
2,142.04,complete_ten_attackers_unavailable,9.0
2,146.04,complete_ten_attackers_unavailable,9.0
2,150.04,complete_ten_attackers_unavailable,9.0
2,154.04,complete_ten_attackers_unavailable,9.0
2,158.04,complete_ten_attackers_unavailable,9.0
2,162.04,complete_ten_attackers_unavailable,9.0
2,166.04,complete_ten_attackers_unavailable,9.0
2,170.04,complete_ten_attackers_unavailable,9.0
2,174.04,complete_ten_attackers_unavailable,9.0
2,178.04,complete_ten_attackers_unavailable,9.0
2,182.04,complete_ten_attackers_unavailable,9.0
2,186.04,complete_ten_attackers_unavailable,9.0
2,190.04,complete_ten_attackers_unavailable,9.0
2,194.04,complete_ten_attackers_unavailable,9.0
2,198.04,complete_ten_attackers_unavailable,9.0
2,202.04,restart_or_ball_out_span,
2,206.04,complete_ten_attackers_unavailable,9.0
2,210.04,complete_ten_attackers_unavailable,9.0
2,214.04,complete_ten_attackers_unavailable,9.0
2,218.04,complete_ten_attackers_unavailable,9.0
2,222.04,complete_ten_attackers_unavailable,9.0
2,226.04,complete_ten_attackers_unavailable,9.0
2,230.04,restart_or_ball_out_span,
2,234.04,complete_ten_attackers_unavailable,9.0
2,238.04,complete_ten_attackers_unavailable,9.0
2,242.04,complete_ten_attackers_unavailable,9.0
2,246.04,complete_ten_attackers_unavailable,9.0
2,250.04,complete_ten_attackers_unavailable,9.0
2,254.04,restart_or_ball_out_span,
2,258.04,opponent_possession_event_after_anchor,
2,262.04,complete_ten_attackers_unavailable,9.0
2,266.04,complete_ten_attackers_unavailable,9.0
2,270.04,complete_ten_attackers_unavailable,9.0
2,274.04,complete_ten_attackers_unavailable,9.0
2,278.04,complete_ten_attackers_unavailable,9.0
2,282.04,complete_ten_attackers_unavailable,9.0
2,286.04,complete_ten_attackers_unavailable,9.0
2,290.04,complete_ten_attackers_unavailable,9.0
2,294.04,restart_or_ball_out_span,
2,298.04,complete_ten_attackers_unavailable,9.0
2,302.04,complete_ten_attackers_unavailable,9.0
2,306.04,complete_ten_attackers_unavailable,9.0
2,310.04,complete_ten_attackers_unavailable,9.0
2,314.04,complete_ten_attackers_unavailable,9.0
2,318.04,complete_ten_attackers_unavailable,9.0
2,322.04,restart_or_ball_out_span,
2,326.04,complete_ten_attackers_unavailable,9.0
2,330.04,complete_ten_attackers_unavailable,9.0
2,334.04,complete_ten_attackers_unavailable,9.0
2,338.04,restart_or_ball_out_span,
2,342.04,opponent_possession_event_after_anchor,
2,346.04,complete_ten_attackers_unavailable,9.0
2,350.04,complete_ten_attackers_unavailable,9.0
2,354.04,complete_ten_attackers_unavailable,9.0
2,358.04,complete_ten_attackers_unavailable,9.0
2,362.04,complete_ten_attackers_unavailable,9.0
2,366.04,opponent_possession_event_after_anchor,
2,370.04,complete_ten_attackers_unavailable,9.0
2,374.04,complete_ten_attackers_unavailable,9.0
2,378.04,complete_ten_attackers_unavailable,9.0
2,382.04,complete_ten_attackers_unavailable,9.0
2,386.04,complete_ten_attackers_unavailable,9.0
2,390.04,complete_ten_attackers_unavailable,9.0
2,394.04,complete_ten_attackers_unavailable,9.0
2,398.04,complete_ten_attackers_unavailable,9.0
2,402.04,complete_ten_attackers_unavailable,9.0
2,406.04,complete_ten_attackers_unavailable,9.0
2,410.04,complete_ten_attackers_unavailable,9.0
2,414.04,restart_or_ball_out_span,
2,418.04,complete_ten_attackers_unavailable,9.0
2,422.04,complete_ten_attackers_unavailable,9.0
2,426.04,complete_ten_attackers_unavailable,9.0
2,430.04,complete_ten_attackers_unavailable,9.0
2,434.04,complete_ten_attackers_unavailable,9.0
2,438.04,complete_ten_attackers_unavailable,9.0
2,442.04,complete_ten_attackers_unavailable,9.0
2,446.04,restart_or_ball_out_span,
2,450.04,complete_ten_attackers_unavailable,9.0
2,454.04,complete_ten_attackers_unavailable,9.0
2,458.04,complete_ten_attackers_unavailable,9.0
2,462.04,complete_ten_attackers_unavailable,9.0
2,466.04,restart_or_ball_out_span,
2,470.04,complete_ten_attackers_unavailable,9.0
2,474.04,complete_ten_attackers_unavailable,9.0
2,478.04,complete_ten_attackers_unavailable,9.0
2,482.04,complete_ten_attackers_unavailable,9.0
2,486.04,complete_ten_attackers_unavailable,9.0
2,490.04,complete_ten_attackers_unavailable,9.0
2,494.04,complete_ten_attackers_unavailable,9.0
2,498.04,complete_ten_attackers_unavailable,9.0
2,502.04,complete_ten_attackers_unavailable,9.0
2,506.04,complete_ten_attackers_unavailable,9.0
2,510.04,complete_ten_attackers_unavailable,9.0
2,514.04,complete_ten_attackers_unavailable,9.0
2,518.04,complete_ten_attackers_unavailable,9.0
2,522.04,complete_ten_attackers_unavailable,9.0
2,526.04,restart_or_ball_out_span,
2,530.04,complete_ten_attackers_unavailable,9.0
2,534.04,complete_ten_attackers_unavailable,9.0
2,538.04,complete_ten_attackers_unavailable,9.0
2,542.04,complete_ten_attackers_unavailable,9.0
2,546.04,restart_or_ball_out_span,
2,550.04,complete_ten_attackers_unavailable,9.0
2,554.04,complete_ten_attackers_unavailable,9.0
2,558.04,complete_ten_attackers_unavailable,9.0
2,562.04,complete_ten_attackers_unavailable,9.0
2,566.04,complete_ten_attackers_unavailable,9.0
2,570.04,complete_ten_attackers_unavailable,9.0
2,574.04,complete_ten_attackers_unavailable,9.0
2,578.04,complete_ten_attackers_unavailable,9.0
2,582.04,complete_ten_attackers_unavailable,9.0
2,586.04,restart_or_ball_out_span,
2,590.04,opponent_possession_event_after_anchor,
2,594.04,complete_ten_attackers_unavailable,9.0
2,598.04,complete_ten_attackers_unavailable,9.0
2,602.04,complete_ten_attackers_unavailable,9.0
2,606.04,complete_ten_attackers_unavailable,9.0
2,610.04,complete_ten_attackers_unavailable,9.0
2,614.04,complete_ten_attackers_unavailable,9.0
2,618.04,complete_ten_attackers_unavailable,9.0
2,622.04,restart_or_ball_out_span,
2,626.04,complete_ten_attackers_unavailable,9.0
2,630.04,complete_ten_attackers_unavailable,9.0
2,634.04,complete_ten_attackers_unavailable,9.0
2,638.04,complete_ten_attackers_unavailable,9.0
2,642.04,complete_ten_attackers_unavailable,9.0
2,646.04,restart_or_ball_out_span,
2,650.04,restart_or_ball_out_span,
2,654.04,complete_ten_attackers_unavailable,9.0
2,658.04,complete_ten_attackers_unavailable,9.0
2,662.04,complete_ten_attackers_unavailable,9.0
2,666.04,complete_ten_attackers_unavailable,9.0
2,670.04,complete_ten_attackers_unavailable,9.0
2,674.04,complete_ten_attackers_unavailable,9.0
2,678.04,complete_ten_attackers_unavailable,9.0
2,682.04,complete_ten_attackers_unavailable,9.0
2,686.04,complete_ten_attackers_unavailable,9.0
2,690.04,complete_ten_attackers_unavailable,9.0
2,694.04,complete_ten_attackers_unavailable,9.0
2,698.04,complete_ten_attackers_unavailable,9.0
2,702.04,restart_or_ball_out_span,
2,706.04,complete_ten_attackers_unavailable,9.0
2,710.04,complete_ten_attackers_unavailable,9.0
2,714.04,complete_ten_attackers_unavailable,9.0
2,718.04,complete_ten_attackers_unavailable,9.0
2,722.04,restart_or_ball_out_span,
2,726.04,complete_ten_attackers_unavailable,9.0
2,730.04,complete_ten_attackers_unavailable,9.0
2,734.04,complete_ten_attackers_unavailable,9.0
2,738.04,complete_ten_attackers_unavailable,9.0
2,742.04,opponent_possession_event_after_anchor,
2,746.04,complete_ten_attackers_unavailable,9.0
2,750.04,complete_ten_attackers_unavailable,9.0
2,754.04,complete_ten_attackers_unavailable,9.0
2,758.04,complete_ten_attackers_unavailable,9.0
2,762.04,complete_ten_attackers_unavailable,9.0
2,766.04,complete_ten_attackers_unavailable,9.0
2,770.04,complete_ten_attackers_unavailable,9.0
2,774.04,complete_ten_attackers_unavailable,9.0
2,778.04,complete_ten_attackers_unavailable,9.0
2,782.04,complete_ten_attackers_unavailable,9.0
2,786.04,complete_ten_attackers_unavailable,9.0
2,790.04,complete_ten_attackers_unavailable,9.0
2,794.04,complete_ten_attackers_unavailable,9.0
2,798.04,complete_ten_attackers_unavailable,9.0
2,802.04,complete_ten_attackers_unavailable,9.0
2,806.04,complete_ten_attackers_unavailable,9.0
2,810.04,complete_ten_attackers_unavailable,9.0
2,814.04,complete_ten_attackers_unavailable,9.0
2,818.04,restart_or_ball_out_span,
2,822.04,complete_ten_attackers_unavailable,9.0
2,826.04,opponent_possession_event_after_anchor,
2,830.04,complete_ten_attackers_unavailable,9.0
2,834.04,restart_or_ball_out_span,
2,838.04,complete_ten_attackers_unavailable,9.0
2,842.04,complete_ten_attackers_unavailable,9.0
2,846.04,complete_ten_attackers_unavailable,9.0
2,850.04,complete_ten_attackers_unavailable,9.0
2,854.04,restart_or_ball_out_span,
2,858.04,opponent_possession_event_after_anchor,
2,862.04,opponent_possession_event_after_anchor,
2,866.04,complete_ten_attackers_unavailable,9.0
2,870.04,complete_ten_attackers_unavailable,9.0
2,874.04,complete_ten_attackers_unavailable,9.0
2,878.04,complete_ten_attackers_unavailable,9.0
2,882.04,complete_ten_attackers_unavailable,9.0
2,886.04,complete_ten_attackers_unavailable,9.0
2,890.04,restart_or_ball_out_span,
2,894.04,complete_ten_attackers_unavailable,9.0
2,898.04,complete_ten_attackers_unavailable,9.0
2,902.04,opponent_possession_event_after_anchor,
2,906.04,complete_ten_attackers_unavailable,9.0
2,910.04,complete_ten_attackers_unavailable,9.0
2,914.04,complete_ten_attackers_unavailable,9.0
2,918.04,complete_ten_attackers_unavailable,9.0
2,922.04,complete_ten_attackers_unavailable,9.0
2,926.04,complete_ten_attackers_unavailable,9.0
2,930.04,complete_ten_attackers_unavailable,9.0
2,934.04,complete_ten_attackers_unavailable,9.0
2,938.04,complete_ten_attackers_unavailable,9.0
2,942.04,complete_ten_attackers_unavailable,9.0
2,946.04,opponent_possession_event_after_anchor,
2,950.04,complete_ten_attackers_unavailable,9.0
2,954.04,opponent_possession_event_after_anchor,
2,958.04,complete_ten_attackers_unavailable,9.0
2,962.04,complete_ten_attackers_unavailable,9.0
2,966.04,complete_ten_attackers_unavailable,9.0
2,970.04,complete_ten_attackers_unavailable,9.0
2,974.04,complete_ten_attackers_unavailable,9.0
2,978.04,complete_ten_attackers_unavailable,9.0
2,982.04,complete_ten_attackers_unavailable,9.0
2,986.04,complete_ten_attackers_unavailable,9.0
2,990.04,complete_ten_attackers_unavailable,9.0
2,994.04,restart_or_ball_out_span,
2,998.04,complete_ten_attackers_unavailable,9.0
2,1002.04,restart_or_ball_out_span,
2,1006.04,complete_ten_attackers_unavailable,9.0
2,1010.04,complete_ten_attackers_unavailable,9.0
2,1014.04,complete_ten_attackers_unavailable,9.0
2,1018.04,complete_ten_attackers_unavailable,9.0
2,1022.04,complete_ten_attackers_unavailable,9.0
2,1026.04,complete_ten_attackers_unavailable,9.0
2,1030.04,complete_ten_attackers_unavailable,9.0
2,1034.04,complete_ten_attackers_unavailable,9.0
2,1038.04,restart_or_ball_out_span,
2,1042.04,complete_ten_attackers_unavailable,9.0
2,1046.04,complete_ten_attackers_unavailable,9.0
2,1050.04,complete_ten_attackers_unavailable,9.0
2,1054.04,complete_ten_attackers_unavailable,9.0
2,1058.04,complete_ten_attackers_unavailable,9.0
2,1062.04,complete_ten_attackers_unavailable,9.0
2,1066.04,complete_ten_attackers_unavailable,9.0
2,1070.04,opponent_possession_event_after_anchor,
2,1074.04,opponent_possession_event_after_anchor,
2,1078.04,complete_ten_attackers_unavailable,9.0
2,1082.04,restart_or_ball_out_span,
2,1086.04,complete_ten_attackers_unavailable,9.0
2,1090.04,complete_ten_attackers_unavailable,9.0
2,1094.04,complete_ten_attackers_unavailable,9.0
2,1098.04,complete_ten_attackers_unavailable,9.0
2,1102.04,opponent_possession_event_after_anchor,
2,1106.04,complete_ten_attackers_unavailable,9.0
2,1110.04,opponent_possession_event_after_anchor,
2,1114.04,complete_ten_attackers_unavailable,9.0
2,1118.04,complete_ten_attackers_unavailable,9.0
2,1122.04,complete_ten_attackers_unavailable,9.0
2,1126.04,complete_ten_attackers_unavailable,9.0
2,1130.04,complete_ten_attackers_unavailable,9.0
2,1134.04,complete_ten_attackers_unavailable,9.0
2,1138.04,complete_ten_attackers_unavailable,9.0
2,1142.04,complete_ten_attackers_unavailable,9.0
2,1146.04,complete_ten_attackers_unavailable,9.0
2,1150.04,complete_ten_attackers_unavailable,9.0
2,1154.04,complete_ten_attackers_unavailable,9.0
2,1158.04,complete_ten_attackers_unavailable,9.0
2,1162.04,complete_ten_attackers_unavailable,9.0
2,1166.04,complete_ten_attackers_unavailable,9.0
2,1170.04,complete_ten_attackers_unavailable,9.0
2,1174.04,restart_or_ball_out_span,
2,1178.04,complete_ten_attackers_unavailable,9.0
2,1182.04,complete_ten_attackers_unavailable,9.0
2,1186.04,complete_ten_attackers_unavailable,9.0
2,1190.04,complete_ten_attackers_unavailable,9.0
2,1194.04,opponent_possession_event_after_anchor,
2,1198.04,complete_ten_attackers_unavailable,9.0
2,1202.04,complete_ten_attackers_unavailable,9.0
2,1206.04,complete_ten_attackers_unavailable,9.0
2,1210.04,complete_ten_attackers_unavailable,9.0
2,1214.04,complete_ten_attackers_unavailable,9.0
2,1218.04,complete_ten_attackers_unavailable,9.0
2,1222.04,complete_ten_attackers_unavailable,9.0
2,1226.04,complete_ten_attackers_unavailable,9.0
2,1230.04,complete_ten_attackers_unavailable,9.0
2,1234.04,complete_ten_attackers_unavailable,9.0
2,1238.04,complete_ten_attackers_unavailable,9.0
2,1242.04,complete_ten_attackers_unavailable,9.0
2,1246.04,complete_ten_attackers_unavailable,9.0
2,1250.04,restart_or_ball_out_span,
2,1254.04,complete_ten_attackers_unavailable,9.0
2,1258.04,complete_ten_attackers_unavailable,9.0
2,1262.04,complete_ten_attackers_unavailable,9.0
2,1266.04,opponent_possession_event_after_anchor,
2,1270.04,complete_ten_attackers_unavailable,9.0
2,1274.04,complete_ten_attackers_unavailable,9.0
2,1278.04,complete_ten_attackers_unavailable,9.0
2,1282.04,complete_ten_attackers_unavailable,9.0
2,1286.04,complete_ten_attackers_unavailable,9.0
2,1290.04,restart_or_ball_out_span,
2,1294.04,complete_ten_attackers_unavailable,9.0
2,1298.04,complete_ten_attackers_unavailable,9.0
2,1302.04,complete_ten_attackers_unavailable,9.0
2,1306.04,complete_ten_attackers_unavailable,9.0
2,1310.04,complete_ten_attackers_unavailable,9.0
2,1314.04,complete_ten_attackers_unavailable,9.0
2,1318.04,opponent_possession_event_after_anchor,
2,1322.04,complete_ten_attackers_unavailable,9.0
2,1326.04,complete_ten_attackers_unavailable,9.0
2,1330.04,complete_ten_attackers_unavailable,9.0
2,1334.04,complete_ten_attackers_unavailable,9.0
2,1338.04,complete_ten_attackers_unavailable,9.0
2,1342.04,complete_ten_attackers_unavailable,9.0
2,1346.04,complete_ten_attackers_unavailable,9.0
2,1350.04,complete_ten_attackers_unavailable,9.0
2,1354.04,complete_ten_attackers_unavailable,9.0
2,1358.04,complete_ten_attackers_unavailable,9.0
2,1362.04,complete_ten_attackers_unavailable,9.0
2,1366.04,complete_ten_attackers_unavailable,9.0
2,1370.04,complete_ten_attackers_unavailable,9.0
2,1374.04,opponent_possession_event_after_anchor,
2,1378.04,complete_ten_attackers_unavailable,9.0
2,1382.04,complete_ten_attackers_unavailable,9.0
2,1386.04,complete_ten_attackers_unavailable,9.0
2,1390.04,complete_ten_attackers_unavailable,9.0
2,1394.04,complete_ten_attackers_unavailable,9.0
2,1398.04,complete_ten_attackers_unavailable,9.0
2,1402.04,complete_ten_attackers_unavailable,9.0
2,1406.04,complete_ten_attackers_unavailable,9.0
2,1410.04,complete_ten_attackers_unavailable,9.0
2,1414.04,complete_ten_attackers_unavailable,9.0
2,1418.04,complete_ten_attackers_unavailable,9.0
2,1422.04,complete_ten_attackers_unavailable,9.0
2,1426.04,complete_ten_attackers_unavailable,9.0
2,1430.04,complete_ten_attackers_unavailable,9.0
2,1434.04,complete_ten_attackers_unavailable,9.0
2,1438.04,restart_or_ball_out_span,
2,1442.04,complete_ten_attackers_unavailable,9.0
2,1446.04,complete_ten_attackers_unavailable,9.0
2,1450.04,complete_ten_attackers_unavailable,9.0
2,1454.04,complete_ten_attackers_unavailable,9.0
2,1458.04,complete_ten_defenders_unavailable,9.0
2,1462.04,opponent_possession_event_after_anchor,
2,1466.04,complete_ten_attackers_unavailable,9.0
2,1470.04,complete_ten_attackers_unavailable,9.0
2,1474.04,complete_ten_attackers_unavailable,9.0
2,1478.04,opponent_possession_event_after_anchor,
2,1482.04,complete_ten_defenders_unavailable,9.0
2,1486.04,complete_ten_defenders_unavailable,9.0
2,1490.04,complete_ten_defenders_unavailable,9.0
2,1494.04,opponent_possession_event_after_anchor,
2,1498.04,complete_ten_attackers_unavailable,9.0
2,1502.04,complete_ten_attackers_unavailable,9.0
2,1506.04,complete_ten_attackers_unavailable,9.0
2,1510.04,complete_ten_attackers_unavailable,9.0
2,1514.04,complete_ten_defenders_unavailable,9.0
2,1518.04,complete_ten_defenders_unavailable,9.0
2,1522.04,complete_ten_defenders_unavailable,9.0
2,1526.04,complete_ten_defenders_unavailable,9.0
2,1530.04,complete_ten_defenders_unavailable,9.0
2,1534.04,complete_ten_defenders_unavailable,9.0
2,1538.04,complete_ten_defenders_unavailable,9.0
2,1542.04,complete_ten_attackers_unavailable,9.0
2,1546.04,complete_ten_attackers_unavailable,9.0
2,1550.04,complete_ten_attackers_unavailable,9.0
2,1554.04,complete_ten_attackers_unavailable,9.0
2,1558.04,complete_ten_attackers_unavailable,9.0
2,1562.04,complete_ten_attackers_unavailable,9.0
2,1566.04,complete_ten_attackers_unavailable,9.0
2,1570.04,complete_ten_attackers_unavailable,9.0
2,1574.04,complete_ten_attackers_unavailable,9.0
2,1578.04,complete_ten_attackers_unavailable,9.0
2,1582.04,complete_ten_attackers_unavailable,8.0
2,1586.04,complete_ten_attackers_unavailable,9.0
2,1590.04,complete_ten_attackers_unavailable,9.0
2,1594.04,complete_ten_attackers_unavailable,9.0
2,1598.04,complete_ten_attackers_unavailable,9.0
2,1602.04,complete_ten_attackers_unavailable,9.0
2,1606.04,complete_ten_attackers_unavailable,9.0
2,1610.04,complete_ten_attackers_unavailable,9.0
2,1614.04,complete_ten_attackers_unavailable,9.0
2,1618.04,complete_ten_attackers_unavailable,9.0
2,1622.04,complete_ten_attackers_unavailable,9.0
2,1626.04,complete_ten_attackers_unavailable,9.0
2,1630.04,complete_ten_attackers_unavailable,9.0
2,1634.04,complete_ten_attackers_unavailable,9.0
2,1638.04,complete_ten_attackers_unavailable,9.0
2,1642.04,complete_ten_attackers_unavailable,9.0
2,1646.04,complete_ten_attackers_unavailable,9.0
2,1650.04,complete_ten_attackers_unavailable,9.0
2,1654.04,complete_ten_attackers_unavailable,9.0
2,1658.04,complete_ten_attackers_unavailable,9.0
2,1662.04,complete_ten_attackers_unavailable,9.0
2,1666.04,complete_ten_attackers_unavailable,9.0
2,1670.04,complete_ten_attackers_unavailable,9.0
2,1674.04,complete_ten_attackers_unavailable,9.0
2,1678.04,complete_ten_attackers_unavailable,9.0
2,1682.04,restart_or_ball_out_span,
2,1686.04,opponent_possession_event_after_anchor,
2,1690.04,complete_ten_defenders_unavailable,9.0
2,1694.04,complete_ten_defenders_unavailable,9.0
2,1698.04,complete_ten_defenders_unavailable,9.0
2,1702.04,opponent_possession_event_after_anchor,
2,1706.04,opponent_possession_event_after_anchor,
2,1710.04,complete_ten_defenders_unavailable,9.0
2,1714.04,restart_or_ball_out_span,
2,1718.04,complete_ten_attackers_unavailable,9.0
2,1722.04,complete_ten_attackers_unavailable,9.0
2,1726.04,complete_ten_attackers_unavailable,9.0
2,1730.04,complete_ten_attackers_unavailable,9.0
2,1734.04,restart_or_ball_out_span,
2,1738.04,complete_ten_attackers_unavailable,9.0
2,1742.04,complete_ten_defenders_unavailable,9.0
2,1746.04,complete_ten_defenders_unavailable,9.0
2,1750.04,opponent_possession_event_after_anchor,
2,1754.04,opponent_possession_event_after_anchor,
2,1758.04,complete_ten_defenders_unavailable,9.0
2,1762.04,complete_ten_defenders_unavailable,9.0
2,1766.04,complete_ten_attackers_unavailable,9.0
2,1770.04,complete_ten_attackers_unavailable,9.0
2,1774.04,complete_ten_attackers_unavailable,9.0
2,1778.04,complete_ten_attackers_unavailable,9.0
2,1782.04,complete_ten_attackers_unavailable,9.0
2,1786.04,complete_ten_defenders_unavailable,9.0
2,1790.04,complete_ten_attackers_unavailable,9.0
2,1794.04,complete_ten_attackers_unavailable,9.0
2,1798.04,complete_ten_attackers_unavailable,9.0
2,1802.04,complete_ten_attackers_unavailable,9.0
2,1806.04,complete_ten_defenders_unavailable,9.0
2,1810.04,complete_ten_defenders_unavailable,9.0
2,1814.04,complete_ten_attackers_unavailable,9.0
2,1818.04,complete_ten_attackers_unavailable,9.0
2,1822.04,complete_ten_attackers_unavailable,9.0
2,1826.04,complete_ten_attackers_unavailable,9.0
2,1830.04,complete_ten_attackers_unavailable,9.0
2,1834.04,complete_ten_attackers_unavailable,9.0
2,1838.04,complete_ten_attackers_unavailable,9.0
2,1842.04,complete_ten_attackers_unavailable,9.0
2,1846.04,complete_ten_attackers_unavailable,9.0
2,1850.04,complete_ten_attackers_unavailable,9.0
2,1854.04,complete_ten_attackers_unavailable,9.0
2,1858.04,complete_ten_attackers_unavailable,9.0
2,1862.04,complete_ten_attackers_unavailable,9.0
2,1866.04,complete_ten_attackers_unavailable,9.0
2,1870.04,complete_ten_attackers_unavailable,9.0
2,1874.04,complete_ten_attackers_unavailable,9.0
2,1878.04,opponent_possession_event_after_anchor,
2,1882.04,complete_ten_attackers_unavailable,9.0
2,1886.04,complete_ten_attackers_unavailable,9.0
2,1890.04,opponent_possession_event_after_anchor,
2,1894.04,opponent_possession_event_after_anchor,
2,1898.04,complete_ten_attackers_unavailable,9.0
2,1902.04,complete_ten_attackers_unavailable,9.0
2,1906.04,opponent_possession_event_after_anchor,
2,1910.04,complete_ten_defenders_unavailable,9.0
2,1914.04,complete_ten_defenders_unavailable,9.0
2,1918.04,complete_ten_defenders_unavailable,9.0
2,1922.04,complete_ten_defenders_unavailable,9.0
2,1926.04,complete_ten_attackers_unavailable,9.0
2,1930.04,complete_ten_defenders_unavailable,9.0
2,1934.04,complete_ten_defenders_unavailable,9.0
2,1938.04,restart_or_ball_out_span,
2,1942.04,complete_ten_defenders_unavailable,9.0
2,1946.04,complete_ten_defenders_unavailable,9.0
2,1950.04,complete_ten_defenders_unavailable,9.0
2,1954.04,complete_ten_defenders_unavailable,9.0
2,1958.04,restart_or_ball_out_span,
2,1962.04,complete_ten_defenders_unavailable,9.0
2,1966.04,complete_ten_attackers_unavailable,9.0
2,1970.04,complete_ten_attackers_unavailable,9.0
2,1974.04,complete_ten_attackers_unavailable,9.0
2,1978.04,complete_ten_attackers_unavailable,9.0
2,1982.04,complete_ten_attackers_unavailable,9.0
2,1986.04,complete_ten_attackers_unavailable,9.0
2,1990.04,complete_ten_attackers_unavailable,9.0
2,1994.04,complete_ten_attackers_unavailable,9.0
2,1998.04,complete_ten_attackers_unavailable,9.0
2,2002.04,complete_ten_attackers_unavailable,9.0
2,2006.04,complete_ten_attackers_unavailable,8.0
2,2010.04,complete_ten_attackers_unavailable,9.0
2,2014.04,complete_ten_attackers_unavailable,9.0
2,2018.04,restart_or_ball_out_span,
2,2022.04,complete_ten_defenders_unavailable,9.0
2,2026.04,complete_ten_attackers_unavailable,9.0
2,2030.04,opponent_possession_event_after_anchor,
2,2034.04,opponent_possession_event_after_anchor,
2,2038.04,complete_ten_attackers_unavailable,9.0
2,2042.04,complete_ten_attackers_unavailable,9.0
2,2046.04,complete_ten_attackers_unavailable,9.0
2,2050.04,complete_ten_attackers_unavailable,9.0
2,2054.04,complete_ten_attackers_unavailable,9.0
2,2058.04,complete_ten_attackers_unavailable,9.0
2,2062.04,complete_ten_attackers_unavailable,9.0
2,2066.04,opponent_possession_event_after_anchor,
2,2070.04,complete_ten_defenders_unavailable,9.0
2,2074.04,restart_or_ball_out_span,
2,2078.04,restart_or_ball_out_span,
2,2082.04,restart_or_ball_out_span,
2,2086.04,complete_ten_attackers_unavailable,9.0
2,2090.04,complete_ten_attackers_unavailable,9.0
2,2094.04,complete_ten_attackers_unavailable,9.0
2,2098.04,complete_ten_attackers_unavailable,9.0
2,2102.04,complete_ten_attackers_unavailable,9.0
2,2106.04,opponent_possession_event_after_anchor,
2,2110.04,complete_ten_defenders_unavailable,9.0
2,2114.04,opponent_possession_event_after_anchor,
2,2118.04,complete_ten_defenders_unavailable,9.0
2,2122.04,complete_ten_defenders_unavailable,9.0
2,2126.04,complete_ten_defenders_unavailable,9.0
2,2130.04,complete_ten_defenders_unavailable,9.0
2,2134.04,complete_ten_defenders_unavailable,9.0
2,2138.04,complete_ten_defenders_unavailable,9.0
2,2142.04,opponent_possession_event_after_anchor,
2,2146.04,complete_ten_defenders_unavailable,9.0
2,2150.04,complete_ten_defenders_unavailable,9.0
2,2154.04,complete_ten_defenders_unavailable,9.0
2,2158.04,complete_ten_defenders_unavailable,9.0
2,2162.04,complete_ten_defenders_unavailable,9.0
2,2166.04,complete_ten_defenders_unavailable,9.0
2,2170.04,restart_or_ball_out_span,
2,2174.04,restart_or_ball_out_span,
2,2178.04,complete_ten_defenders_unavailable,9.0
2,2182.04,complete_ten_attackers_unavailable,9.0
2,2186.04,complete_ten_attackers_unavailable,9.0
2,2190.04,complete_ten_attackers_unavailable,9.0
2,2194.04,complete_ten_attackers_unavailable,9.0
2,2198.04,complete_ten_attackers_unavailable,9.0
2,2202.04,complete_ten_attackers_unavailable,9.0
2,2206.04,complete_ten_attackers_unavailable,9.0
2,2210.04,complete_ten_attackers_unavailable,9.0
2,2214.04,complete_ten_attackers_unavailable,9.0
2,2218.04,complete_ten_attackers_unavailable,9.0
2,2222.04,restart_or_ball_out_span,
2,2226.04,complete_ten_attackers_unavailable,9.0
2,2230.04,complete_ten_attackers_unavailable,9.0
2,2234.04,complete_ten_defenders_unavailable,9.0
2,2238.04,complete_ten_defenders_unavailable,9.0
2,2242.04,complete_ten_defenders_unavailable,9.0
2,2246.04,complete_ten_defenders_unavailable,9.0
2,2250.04,opponent_possession_event_after_anchor,
2,2254.04,complete_ten_attackers_unavailable,9.0
2,2258.04,complete_ten_defenders_unavailable,9.0
2,2262.04,complete_ten_defenders_unavailable,9.0
2,2266.04,complete_ten_attackers_unavailable,9.0
2,2270.04,complete_ten_attackers_unavailable,9.0
2,2274.04,complete_ten_attackers_unavailable,9.0
2,2278.04,complete_ten_attackers_unavailable,9.0
2,2282.04,opponent_possession_event_after_anchor,
2,2286.04,complete_ten_defenders_unavailable,9.0
2,2290.04,complete_ten_defenders_unavailable,9.0
2,2294.04,complete_ten_defenders_unavailable,9.0
2,2298.04,complete_ten_defenders_unavailable,9.0
2,2302.04,complete_ten_defenders_unavailable,9.0
2,2306.04,complete_ten_defenders_unavailable,9.0
2,2310.04,complete_ten_defenders_unavailable,9.0
2,2314.04,complete_ten_defenders_unavailable,9.0
2,2318.04,restart_or_ball_out_span,
2,2322.04,complete_ten_defenders_unavailable,9.0
2,2326.04,complete_ten_defenders_unavailable,9.0
2,2330.04,complete_ten_defenders_unavailable,9.0
2,2334.04,complete_ten_defenders_unavailable,9.0
2,2338.04,complete_ten_defenders_unavailable,9.0
2,2342.04,opponent_possession_event_after_anchor,
2,2346.04,complete_ten_defenders_unavailable,9.0
2,2350.04,complete_ten_defenders_unavailable,9.0
2,2354.04,complete_ten_defenders_unavailable,9.0
2,2358.04,complete_ten_defenders_unavailable,9.0
2,2362.04,opponent_possession_event_after_anchor,
2,2366.04,complete_ten_attackers_unavailable,9.0
2,2370.04,complete_ten_attackers_unavailable,9.0
2,2374.04,complete_ten_attackers_unavailable,9.0
2,2378.04,complete_ten_attackers_unavailable,9.0
2,2382.04,complete_ten_attackers_unavailable,9.0
2,2386.04,complete_ten_attackers_unavailable,9.0
2,2390.04,complete_ten_attackers_unavailable,9.0
2,2394.04,complete_ten_attackers_unavailable,9.0
2,2398.04,complete_ten_attackers_unavailable,9.0
2,2402.04,complete_ten_attackers_unavailable,9.0
2,2406.04,complete_ten_attackers_unavailable,9.0
2,2410.04,opponent_possession_event_after_anchor,
2,2414.04,complete_ten_defenders_unavailable,9.0
2,2418.04,complete_ten_attackers_unavailable,9.0
2,2422.04,complete_ten_attackers_unavailable,9.0
2,2426.04,complete_ten_attackers_unavailable,9.0
2,2430.04,complete_ten_attackers_unavailable,9.0
2,2434.04,complete_ten_attackers_unavailable,9.0
2,2438.04,complete_ten_attackers_unavailable,9.0
2,2442.04,complete_ten_attackers_unavailable,9.0
2,2446.04,complete_ten_attackers_unavailable,9.0
2,2450.04,complete_ten_attackers_unavailable,9.0
2,2454.04,complete_ten_attackers_unavailable,9.0
2,2458.04,opponent_possession_event_after_anchor,
2,2462.04,complete_ten_defenders_unavailable,9.0
2,2466.04,complete_ten_defenders_unavailable,9.0
2,2470.04,complete_ten_defenders_unavailable,9.0
2,2474.04,complete_ten_defenders_unavailable,9.0
2,2478.04,restart_or_ball_out_span,
2,2482.04,complete_ten_defenders_unavailable,9.0
2,2486.04,complete_ten_defenders_unavailable,9.0
2,2490.04,complete_ten_defenders_unavailable,9.0
2,2494.04,complete_ten_defenders_unavailable,9.0
2,2498.04,complete_ten_defenders_unavailable,9.0
2,2502.04,complete_ten_defenders_unavailable,9.0
2,2506.04,complete_ten_defenders_unavailable,9.0
2,2510.04,complete_ten_defenders_unavailable,9.0
2,2514.04,opponent_possession_event_after_anchor,
2,2518.04,complete_ten_attackers_unavailable,9.0
2,2522.04,complete_ten_attackers_unavailable,9.0
2,2526.04,complete_ten_attackers_unavailable,9.0
2,2530.04,complete_ten_attackers_unavailable,9.0
2,2534.04,complete_ten_attackers_unavailable,9.0
2,2538.04,complete_ten_attackers_unavailable,9.0
2,2542.04,restart_or_ball_out_span,
2,2546.04,complete_ten_attackers_unavailable,9.0
2,2550.04,complete_ten_attackers_unavailable,9.0
2,2554.04,restart_or_ball_out_span,
2,2558.04,complete_ten_defenders_unavailable,9.0
2,2562.04,complete_ten_defenders_unavailable,9.0
2,2566.04,complete_ten_defenders_unavailable,9.0
2,2570.04,opponent_possession_event_after_anchor,
2,2574.04,complete_ten_attackers_unavailable,9.0
2,2578.04,complete_ten_attackers_unavailable,9.0
2,2582.04,complete_ten_attackers_unavailable,9.0
2,2586.04,complete_ten_attackers_unavailable,9.0
2,2590.04,opponent_possession_event_after_anchor,
2,2594.04,complete_ten_defenders_unavailable,9.0
2,2598.04,complete_ten_defenders_unavailable,9.0
2,2602.04,complete_ten_defenders_unavailable,9.0
2,2606.04,complete_ten_defenders_unavailable,9.0
2,2610.04,complete_ten_attackers_unavailable,9.0
2,2614.04,complete_ten_attackers_unavailable,9.0
2,2618.04,complete_ten_attackers_unavailable,9.0
2,2622.04,complete_ten_attackers_unavailable,9.0
2,2626.04,complete_ten_attackers_unavailable,9.0
2,2630.04,complete_ten_attackers_unavailable,9.0
2,2634.04,complete_ten_attackers_unavailable,9.0
2,2638.04,complete_ten_attackers_unavailable,9.0
2,2642.04,complete_ten_attackers_unavailable,9.0
2,2646.04,complete_ten_attackers_unavailable,9.0
2,2650.04,complete_ten_attackers_unavailable,9.0
2,2654.04,complete_ten_attackers_unavailable,9.0
2,2658.04,complete_ten_attackers_unavailable,9.0
2,2662.04,complete_ten_attackers_unavailable,9.0
2,2666.04,complete_ten_attackers_unavailable,9.0
2,2670.04,complete_ten_attackers_unavailable,9.0
2,2674.04,complete_ten_attackers_unavailable,9.0
2,2678.04,complete_ten_attackers_unavailable,9.0
2,2682.04,complete_ten_attackers_unavailable,9.0
2,2686.04,complete_ten_attackers_unavailable,9.0
2,2690.04,restart_or_ball_out_span,
2,2694.04,complete_ten_attackers_unavailable,9.0
2,2698.04,complete_ten_attackers_unavailable,9.0
2,2702.04,complete_ten_attackers_unavailable,9.0
2,2706.04,complete_ten_attackers_unavailable,9.0
2,2710.04,complete_ten_attackers_unavailable,9.0
2,2714.04,complete_ten_attackers_unavailable,9.0
2,2718.04,complete_ten_attackers_unavailable,9.0
2,2722.04,complete_ten_attackers_unavailable,9.0
2,2726.04,complete_ten_attackers_unavailable,9.0
2,2730.04,restart_or_ball_out_span,
2,2734.04,complete_ten_attackers_unavailable,9.0
2,2738.04,complete_ten_attackers_unavailable,9.0
2,2742.04,opponent_possession_event_after_anchor,
2,2746.04,complete_ten_defenders_unavailable,9.0
2,2750.04,restart_or_ball_out_span,
2,2754.04,opponent_possession_event_after_anchor,
2,2758.04,complete_ten_attackers_unavailable,9.0
2,2762.04,complete_ten_attackers_unavailable,9.0
2,2766.04,complete_ten_attackers_unavailable,9.0
2,2770.04,restart_or_ball_out_span,
2,2774.04,complete_ten_attackers_unavailable,9.0
2,2778.04,complete_ten_defenders_unavailable,9.0
2,2782.04,complete_ten_defenders_unavailable,9.0
2,2786.04,complete_ten_defenders_unavailable,9.0
2,2790.04,complete_ten_defenders_unavailable,9.0
2,2794.04,restart_or_ball_out_span,
2,2798.04,complete_ten_defenders_unavailable,9.0
2,2802.04,complete_ten_defenders_unavailable,9.0
2,2806.04,complete_ten_defenders_unavailable,9.0
2,2810.04,restart_or_ball_out_span,
2,2814.04,complete_ten_attackers_unavailable,9.0
2,2818.04,complete_ten_attackers_unavailable,9.0
2,2822.04,complete_ten_attackers_unavailable,9.0
2,2826.04,complete_ten_attackers_unavailable,9.0
2,2830.04,complete_ten_attackers_unavailable,9.0
2,2834.04,complete_ten_attackers_unavailable,9.0
2,2838.04,restart_or_ball_out_span,
2,2842.04,complete_ten_attackers_unavailable,9.0
2,2846.04,complete_ten_attackers_unavailable,9.0
2,2850.04,restart_or_ball_out_span,
2,2854.04,complete_ten_defenders_unavailable,9.0
2,2858.04,complete_ten_defenders_unavailable,9.0
2,2862.04,complete_ten_defenders_unavailable,9.0
2,2866.04,opponent_possession_event_after_anchor,
2,2870.04,complete_ten_defenders_unavailable,9.0
2,2874.04,complete_ten_defenders_unavailable,9.0
2,2878.04,opponent_possession_event_after_anchor,
2,2882.04,complete_ten_attackers_unavailable,9.0
2,2886.04,complete_ten_attackers_unavailable,9.0
2,2890.04,complete_ten_attackers_unavailable,9.0
2,2894.04,restart_or_ball_out_span,
2,2898.04,complete_ten_defenders_unavailable,9.0
2,2902.04,complete_ten_defenders_unavailable,9.0
2,2906.04,complete_ten_defenders_unavailable,9.0
2,2910.04,complete_ten_defenders_unavailable,9.0
2,2914.04,complete_ten_defenders_unavailable,9.0
2,2918.04,complete_ten_defenders_unavailable,9.0
2,2922.04,complete_ten_defenders_unavailable,9.0
2,2926.04,complete_ten_defenders_unavailable,9.0
2,2930.04,complete_ten_defenders_unavailable,9.0
2,2934.04,complete_ten_defenders_unavailable,9.0
2,2938.04,complete_ten_defenders_unavailable,9.0
2,2942.04,complete_ten_defenders_unavailable,9.0
2,2946.04,complete_ten_defenders_unavailable,9.0
