match_id,family,estimand,estimate,ci_low,ci_high,attempted,valid
J03WMX,primary,D1,0.1643388708597105,0.14558377352181076,0.18410183242024647,2000,2000
J03WMX,primary,D2,0.11272933949836075,0.09450829490330179,0.1314368895851124,2000,2000
J03WMX,primary,D3,0.10172951252602551,0.08293124825418847,0.12141777077793002,2000,2000
J03WMX,primary,D4,0.0750488548008964,0.05846966344231435,0.0924468840918372,2000,2000
J03WMX,primary,D5,0.06986795817566623,0.050828431464122546,0.08988499908026923,2000,2000
J03WMX,primary,D6,0.057940311302841725,0.04175653425784878,0.07653523389626403,2000,2000
J03WMX,primary,D7,0.04983857258603222,0.03362085233170876,0.06628034783779586,2000,2000
J03WMX,primary,D8,0.0429440052129777,0.026182546728607207,0.06035382227807611,2000,2000
J03WMX,primary,D9,0.027922915228520535,0.008219411005418028,0.048319625958070975,2000,2000
J03WMX,primary,D10,0.0336525300062543,0.012926301031422486,0.055513721932700905,2000,2000
J03WMX,primary,near,0.12626590762803228,0.11104972047797897,0.14218717260515887,2000,2000
J03WMX,primary,middle,0.06317392421635915,0.05018450746048214,0.07733909928249685,2000,2000
J03WMX,primary,far,0.03483981681591751,0.020655671251140515,0.05022952479818941,2000,2000
J03WMX,primary,near_minus_middle,0.06309198341167313,0.04993495744014126,0.07629378218054875,2000,2000
J03WMX,primary,middle_minus_far,0.028334107400441635,0.013434614311970657,0.043732384915425485,2000,2000
J03WMX,placebo,D1,0.11216288144707287,0.09560933812967957,0.12888057660611327,2000,2000
J03WMX,placebo,D2,0.08521381944517012,0.07134065503068927,0.09934094969109046,2000,2000
J03WMX,placebo,D3,0.06196374829737609,0.04562242302971557,0.07835011190950805,2000,2000
J03WMX,placebo,D4,0.06121541908970709,0.04531432522871396,0.07673829549101907,2000,2000
J03WMX,placebo,D5,0.04877600826241688,0.03316003449923309,0.06402677061658378,2000,2000
J03WMX,placebo,D6,0.041544344288779865,0.027970314816459885,0.05619857405663891,2000,2000
J03WMX,placebo,D7,0.041246183064431105,0.028286913917173626,0.05377760638051941,2000,2000
J03WMX,placebo,D8,0.043156895026509275,0.026553433294867698,0.05928106346155948,2000,2000
J03WMX,placebo,D9,0.028517171349076952,0.011314658128149531,0.04690132148784442,2000,2000
J03WMX,placebo,D10,0.03407017208882711,0.01603496835351348,0.05262048276927286,2000,2000
J03WMX,placebo,near,0.08644681639653969,0.0733784666020423,0.09952758763965416,2000,2000
J03WMX,placebo,middle,0.048195488676333734,0.03755158148017735,0.058859170170416024,2000,2000
J03WMX,placebo,far,0.035248079488137775,0.02143401223869264,0.04947625290728544,2000,2000
J03WMX,placebo,near_minus_middle,0.03825132772020595,0.029152486296981167,0.048184403650563284,2000,2000
J03WMX,placebo,middle_minus_far,0.012947409188195959,0.0025707900043060268,0.022963734532783286,2000,2000
J03WMX,one,D1,0.08795455655857357,0.07783936684961594,0.09903650719192893,2000,2000
J03WMX,one,D2,0.05783682293753575,0.04783238990367322,0.06798733110537496,2000,2000
J03WMX,one,D3,0.05022672503056023,0.04023115628683383,0.060423584107048144,2000,2000
J03WMX,one,D4,0.03530794107683289,0.027127857109754867,0.044127476842814914,2000,2000
J03WMX,one,D5,0.030641966289344045,0.021023101063412836,0.04113902748132558,2000,2000
J03WMX,one,D6,0.0284735517451588,0.01968553194132449,0.03801639369641363,2000,2000
J03WMX,one,D7,0.021940151453082115,0.01375211205113338,0.030320879265300332,2000,2000
J03WMX,one,D8,0.01838896154808844,0.009756519899527081,0.027474052865944308,2000,2000
J03WMX,one,D9,0.012908757644250798,0.002067562936777427,0.024186371757352082,2000,2000
J03WMX,one,D10,0.01612244251588745,0.005235619931086314,0.027400756353625027,2000,2000
J03WMX,one,near,0.06533936817555651,0.057446290204569365,0.07416603537773378,2000,2000
J03WMX,one,middle,0.029090902641104463,0.02276909103905233,0.03595220261221058,2000,2000
J03WMX,one,far,0.0158067205694089,0.00791272858270879,0.02412431633957973,2000,2000
J03WMX,one,near_minus_middle,0.036248465534452046,0.029168562961564275,0.043509390893439026,2000,2000
J03WMX,one,middle_minus_far,0.013284182071695565,0.005093621990761005,0.021728639620174017,2000,2000
J03WMX,trim,D1,0.1620001108733979,0.14187688901310896,0.18101976054613134,2000,2000
J03WMX,trim,D2,0.11837521504293988,0.10047871405979343,0.13732033786911907,2000,2000
J03WMX,trim,D3,0.10870265351794849,0.08720253367567958,0.13136948066387516,2000,2000
J03WMX,trim,D4,0.08606960017610801,0.06814972037888556,0.10442224013000005,2000,2000
J03WMX,trim,D5,0.07970217210003504,0.060375378427147616,0.10008725818484972,2000,2000
J03WMX,trim,D6,0.06757550275954967,0.04924614066191646,0.0875855450684694,2000,2000
J03WMX,trim,D7,0.05890177274077958,0.04169846900607981,0.076712810025539,2000,2000
J03WMX,trim,D8,0.055129296395401324,0.036405298896259625,0.07348971517908232,2000,2000
J03WMX,trim,D9,0.03992002324762237,0.020465893704843294,0.0607418250728847,2000,2000
J03WMX,trim,D10,0.041763700914566264,0.020121597177643728,0.06413332745748397,2000,2000
J03WMX,trim,near,0.12969265981142877,0.11395967528216384,0.14599241888659373,2000,2000
J03WMX,trim,middle,0.07306226194411806,0.05901023262199665,0.08814518360790115,2000,2000
J03WMX,trim,far,0.04560434018586332,0.030621598764894606,0.0618088619945234,2000,2000
J03WMX,trim,near_minus_middle,0.05663039786731071,0.04315732319210055,0.07006751868753539,2000,2000
J03WMX,trim,middle_minus_far,0.027457921758254747,0.011458909357306209,0.04454734928646191,2000,2000
J03WMX,four,D1,0.28629867140766496,0.25027041771337455,0.32120624329749764,2000,2000
J03WMX,four,D2,0.20631917330395125,0.17322828128539824,0.2394704736459978,2000,2000
J03WMX,four,D3,0.18458476350461628,0.1504497974755809,0.217608306906704,2000,2000
J03WMX,four,D4,0.14668131839300388,0.11432242060188855,0.17939472777271545,2000,2000
J03WMX,four,D5,0.1474336026494566,0.11442714351409759,0.1794458071629888,2000,2000
J03WMX,four,D6,0.11468183089985359,0.08142953383736028,0.14648991970147598,2000,2000
J03WMX,four,D7,0.10845961277497046,0.07725689670095738,0.13893448940506065,2000,2000
J03WMX,four,D8,0.08819357932670763,0.05650859825925446,0.11961728136000774,2000,2000
J03WMX,four,D9,0.05919886403057673,0.02748207019176642,0.09229414279610867,2000,2000
J03WMX,four,D10,0.07125401820395776,0.03517328120062146,0.10901598374791353,2000,2000
J03WMX,four,near,0.22573420273874414,0.1977628653051186,0.2533833498591421,2000,2000
J03WMX,four,middle,0.12931409117932113,0.10404800813211304,0.15323519683766307,2000,2000
J03WMX,four,far,0.07288215385374737,0.04685878256774124,0.10015128535554602,2000,2000
J03WMX,four,near_minus_middle,0.09642011155942301,0.07480436347946974,0.1194883092569628,2000,2000
J03WMX,four,middle_minus_far,0.056431937325573764,0.030769128831664112,0.080888601617474,2000,2000
J03WMX,paired_primary_minus_placebo,near_minus_middle,0.02484065569146718,0.01432952791799052,0.03586153989446539,2000,2000
J03WN1,primary,D1,0.18349433692547798,0.15252072202101302,0.2133351630956049,2000,2000
J03WN1,primary,D2,0.13465886850009348,0.10149729488134479,0.16762387117779562,2000,2000
J03WN1,primary,D3,0.08955002126036345,0.058254184265616675,0.12292090013730586,2000,2000
J03WN1,primary,D4,0.06486090339396934,0.037964959488936106,0.09267783614219574,2000,2000
J03WN1,primary,D5,0.07102590782278574,0.042200120501735675,0.10008702561766739,2000,2000
J03WN1,primary,D6,0.03209855686148919,-0.00029855766647207135,0.06531692711542048,2000,2000
J03WN1,primary,D7,0.05026340482078686,0.018501070788884907,0.08051093539842848,2000,2000
J03WN1,primary,D8,0.06443507701818531,0.033910088905095566,0.09602629400801133,2000,2000
J03WN1,primary,D9,0.04869036246518843,0.02110124204431992,0.07480839082444575,2000,2000
J03WN1,primary,D10,0.05698479931537712,0.0175332615062758,0.09566045749036627,2000,2000
J03WN1,primary,near,0.1359010755619783,0.11034724058302922,0.1626788300167136,2000,2000
J03WN1,primary,middle,0.054562193224757784,0.03270786848491708,0.07598025977238616,2000,2000
J03WN1,primary,far,0.056703412932916954,0.03163426811869338,0.08152857822185819,2000,2000
J03WN1,primary,near_minus_middle,0.08133888233722053,0.060178076027369534,0.10253960700170145,2000,2000
J03WN1,primary,middle_minus_far,-0.00214121970815917,-0.01855604021960069,0.013922692164716406,2000,2000
J03WN1,placebo,D1,0.098462917324364,0.07494899109606062,0.12190261076753414,2000,2000
J03WN1,placebo,D2,0.08452028187940265,0.05947192662491748,0.11110118307868216,2000,2000
J03WN1,placebo,D3,0.053159883351055086,0.027469245095168363,0.0795425558270759,2000,2000
J03WN1,placebo,D4,0.06264398569222396,0.03697799919698469,0.0878032931581916,2000,2000
J03WN1,placebo,D5,0.03915097151872556,0.013274979482978233,0.06529926098098125,2000,2000
J03WN1,placebo,D6,0.06199880713063238,0.042820762933658,0.08264536846547009,2000,2000
J03WN1,placebo,D7,0.03228150827182721,0.008050114957109658,0.05402841517724505,2000,2000
J03WN1,placebo,D8,0.04845941386720602,0.022584645248494014,0.07174257497584764,2000,2000
J03WN1,placebo,D9,0.03515007394807834,0.004809573214902111,0.06582984425517201,2000,2000
J03WN1,placebo,D10,0.06998951926480476,0.03497733313111182,0.10735785620998443,2000,2000
J03WN1,placebo,near,0.07871436085160725,0.058597619330614074,0.09932313350758927,2000,2000
J03WN1,placebo,middle,0.04901881815335228,0.03166445080700892,0.06637537929179592,2000,2000
J03WN1,placebo,far,0.05119966902669637,0.025872216835525545,0.07477427581596466,2000,2000
J03WN1,placebo,near_minus_middle,0.029695542698254973,0.01539539207218659,0.045191965994778975,2000,2000
J03WN1,placebo,middle_minus_far,-0.0021808508733440896,-0.02413786875295257,0.02053146726634677,2000,2000
J03WN1,one,D1,0.09455769835071459,0.07705745662091244,0.11094645576284044,2000,2000
J03WN1,one,D2,0.06963547118217592,0.05104863326300824,0.0896874544441331,2000,2000
J03WN1,one,D3,0.04106425566871044,0.024175783884240087,0.05861236211578008,2000,2000
J03WN1,one,D4,0.033816956359493604,0.019810689327820714,0.04902992328718467,2000,2000
J03WN1,one,D5,0.029198564788939185,0.014916799862866516,0.04417870629881664,2000,2000
J03WN1,one,D6,0.013557483014877327,-0.003431335661200898,0.030934515450224152,2000,2000
J03WN1,one,D7,0.024546351648176017,0.007110039644452193,0.039904287554386936,2000,2000
J03WN1,one,D8,0.032784481867572234,0.01753671140295841,0.048700948101724886,2000,2000
J03WN1,one,D9,0.02505952837197379,0.01062139193305368,0.03872998336755491,2000,2000
J03WN1,one,D10,0.035363116602341434,0.014406224131385348,0.054832853792848996,2000,2000
J03WN1,one,near,0.06841914173386698,0.05439507416848034,0.08326855247602748,2000,2000
J03WN1,one,middle,0.025279838952871534,0.012964730297729803,0.03692354565088436,2000,2000
J03WN1,one,far,0.03106904228062915,0.018400539371702076,0.043451127955365765,2000,2000
J03WN1,one,near_minus_middle,0.04313930278099545,0.032098420815963674,0.05353636242869239,2000,2000
J03WN1,one,middle_minus_far,-0.005789203327757616,-0.014455619412864421,0.0027979146271616935,2000,2000
J03WN1,trim,D1,0.19124911077470164,0.15800008780467675,0.2238685094709895,2000,2000
J03WN1,trim,D2,0.1428414145795171,0.10351019431383265,0.18130641478948556,2000,2000
J03WN1,trim,D3,0.10162131406694308,0.06607319222796205,0.13880281470028843,2000,2000
J03WN1,trim,D4,0.0801414237830386,0.04951618396929532,0.11075407663129841,2000,2000
J03WN1,trim,D5,0.08391149900183657,0.05310825648322054,0.1157353124850931,2000,2000
J03WN1,trim,D6,0.05542039983282024,0.022754670501901244,0.08705006966611249,2000,2000
J03WN1,trim,D7,0.06111074803764602,0.029482349869545652,0.09140134717418788,2000,2000
J03WN1,trim,D8,0.08432808490411316,0.05025809977171047,0.1195781339892173,2000,2000
J03WN1,trim,D9,0.05938859788555764,0.026567855131164934,0.09181545145614767,2000,2000
J03WN1,trim,D10,0.07893886071211915,0.034298233525688566,0.12231735391926529,2000,2000
J03WN1,trim,near,0.14523727980705395,0.11648647740159056,0.17625690618101833,2000,2000
J03WN1,trim,middle,0.07014601766383535,0.0486250580219785,0.09265856968967098,2000,2000
J03WN1,trim,far,0.07421851450059665,0.04580454689716207,0.10257573765024021,2000,2000
J03WN1,trim,near_minus_middle,0.0750912621432186,0.05203326085003146,0.09877583779380379,2000,2000
J03WN1,trim,middle_minus_far,-0.004072496836761294,-0.022619358042703902,0.016344773114592002,2000,2000
J03WN1,four,D1,0.31101916592017587,0.26167348871971163,0.35912966811485186,2000,2000
J03WN1,four,D2,0.21557403896949687,0.15961921866443302,0.27146671690706264,2000,2000
J03WN1,four,D3,0.18349711776668845,0.1391052724276073,0.23146366966474002,2000,2000
J03WN1,four,D4,0.13231905236121547,0.08975160933818314,0.172117065330359,2000,2000
J03WN1,four,D5,0.15875980967782938,0.11203111237087655,0.20552576688322952,2000,2000
J03WN1,four,D6,0.06401052165439694,0.014114481929885153,0.11299276419096968,2000,2000
J03WN1,four,D7,0.10676660114106201,0.05421693083027412,0.15577413383323127,2000,2000
J03WN1,four,D8,0.12536324930587311,0.07001790908989614,0.17802206245052482,2000,2000
J03WN1,four,D9,0.09601306535691871,0.0512359610232446,0.1325915123720528,2000,2000
J03WN1,four,D10,0.10304937514764645,0.043628789563062854,0.164310029725826,2000,2000
J03WN1,four,near,0.23669677421878707,0.19859536871607386,0.27683879414941714,2000,2000
J03WN1,four,middle,0.11546399620862595,0.08311632963804891,0.14587447333187567,2000,2000
J03WN1,four,far,0.10814189660347943,0.06608765843817528,0.1454597236110886,2000,2000
J03WN1,four,near_minus_middle,0.12123277801016112,0.08376079826268479,0.15985720361566133,2000,2000
J03WN1,four,middle_minus_far,0.007322099605146515,-0.02147847645439968,0.037592078155490594,2000,2000
J03WN1,paired_primary_minus_placebo,near_minus_middle,0.05164333963896556,0.032060960918077926,0.06995325600190118,2000,2000
J03WOH,primary,D1,0.1607801571895491,0.13666339802140148,0.1869675990820451,2000,2000
J03WOH,primary,D2,0.11396795120671212,0.08981723147629506,0.13820500939778835,2000,2000
J03WOH,primary,D3,0.09214644847643057,0.07123894239738132,0.11299249563680576,2000,2000
J03WOH,primary,D4,0.06964601690241938,0.051754786372560174,0.08862205324715652,2000,2000
J03WOH,primary,D5,0.06931344821355037,0.05082975035316017,0.08846934643271513,2000,2000
J03WOH,primary,D6,0.055923601694127106,0.039100958006775016,0.07346662597944233,2000,2000
J03WOH,primary,D7,0.05059315112929282,0.031246512002716612,0.06985457065371381,2000,2000
J03WOH,primary,D8,0.06327048205894469,0.04508099160775572,0.08283655723635083,2000,2000
J03WOH,primary,D9,0.052510366639857746,0.03174404221194704,0.07235507803983192,2000,2000
J03WOH,primary,D10,0.04090458931685857,0.018573823937760227,0.061538944406873505,2000,2000
J03WOH,primary,near,0.1222981856242306,0.10229754092886692,0.1416705736376249,2000,2000
J03WOH,primary,middle,0.06136905448484742,0.04747416745621177,0.07507217678690255,2000,2000
J03WOH,primary,far,0.05222847933855366,0.036126650906887506,0.06778685312714078,2000,2000
J03WOH,primary,near_minus_middle,0.06092913113938318,0.0465532845715297,0.0750031212682381,2000,2000
J03WOH,primary,middle_minus_far,0.00914057514629376,-0.00399630301594437,0.021615882758137885,2000,2000
J03WOH,placebo,D1,0.09147442561401303,0.0703508715643563,0.11258776618827732,2000,2000
J03WOH,placebo,D2,0.07188408399452755,0.0525593022125481,0.09171158753515288,2000,2000
J03WOH,placebo,D3,0.054742557235075075,0.03836410849549735,0.07166595576906017,2000,2000
J03WOH,placebo,D4,0.04957387909313734,0.03163053748651005,0.06765114608516469,2000,2000
J03WOH,placebo,D5,0.04540143996181716,0.028404488043399744,0.06297420225388614,2000,2000
J03WOH,placebo,D6,0.03685104620834488,0.021013447756826092,0.053035615172951696,2000,2000
J03WOH,placebo,D7,0.032868165398384386,0.01436394368487148,0.05132971265546955,2000,2000
J03WOH,placebo,D8,0.0514900109398392,0.03439658371777193,0.0683504743315945,2000,2000
J03WOH,placebo,D9,0.04006849915594077,0.023950038423620715,0.05597121757241788,2000,2000
J03WOH,placebo,D10,0.04678986948681453,0.029124943126853972,0.0637089242035845,2000,2000
J03WOH,placebo,near,0.07270035561453855,0.055667695895430136,0.08979148468770028,2000,2000
J03WOH,placebo,middle,0.04117363266542094,0.027259352160791585,0.055295340839521256,2000,2000
J03WOH,placebo,far,0.0461161265275315,0.03313341774016438,0.05920089357900645,2000,2000
J03WOH,placebo,near_minus_middle,0.03152672294911761,0.020535683674168546,0.043581550246917504,2000,2000
J03WOH,placebo,middle_minus_far,-0.004942493862110556,-0.017188036134988083,0.006805655958741877,2000,2000
J03WOH,one,D1,0.0840430453060778,0.07164333704922432,0.09751020004707232,2000,2000
J03WOH,one,D2,0.05714886212523075,0.044803931302259604,0.06986586940917042,2000,2000
J03WOH,one,D3,0.045433188072809376,0.035083935521987936,0.05625035750086763,2000,2000
J03WOH,one,D4,0.03531032018295771,0.025051714108878922,0.04574684530718311,2000,2000
J03WOH,one,D5,0.03140981285518107,0.02143586686976189,0.041133664791743824,2000,2000
J03WOH,one,D6,0.025172882062224185,0.016289807762087733,0.03423241362671832,2000,2000
J03WOH,one,D7,0.021123363728352863,0.011025897260548338,0.03127943769477187,2000,2000
J03WOH,one,D8,0.029502086687241955,0.019488660561645648,0.040363105354845226,2000,2000
J03WOH,one,D9,0.024138315413746312,0.012990242976421302,0.03494600105905529,2000,2000
J03WOH,one,D10,0.01817071201043793,0.007072576372530149,0.028654767268295436,2000,2000
J03WOH,one,near,0.06220836516803931,0.05195558567547797,0.07233539849188958,2000,2000
J03WOH,one,middle,0.028254094707178955,0.02109127198499967,0.03561657769504741,2000,2000
J03WOH,one,far,0.023937038037142064,0.015534929850420869,0.032381863018215544,2000,2000
J03WOH,one,near_minus_middle,0.03395427046086036,0.026696391979369155,0.04147831744059144,2000,2000
J03WOH,one,middle_minus_far,0.00431705667003689,-0.0027629546701236243,0.01114237680051031,2000,2000
J03WOH,trim,D1,0.16514095519892935,0.13780605556364953,0.19332473383564006,2000,2000
J03WOH,trim,D2,0.12475522573665469,0.10078649117725995,0.14857335421078213,2000,2000
J03WOH,trim,D3,0.10402082459524374,0.08285863514561814,0.1255056527495605,2000,2000
J03WOH,trim,D4,0.08154354410807298,0.061448192853385625,0.10071649986464215,2000,2000
J03WOH,trim,D5,0.08014152967450974,0.059553530857350295,0.10011302731893475,2000,2000
J03WOH,trim,D6,0.06304995721418978,0.04416752020854441,0.08209767362081578,2000,2000
J03WOH,trim,D7,0.0605307199465145,0.04001716053635685,0.08073286915862812,2000,2000
J03WOH,trim,D8,0.07224182475417945,0.05312371291271439,0.09256199317702679,2000,2000
J03WOH,trim,D9,0.06504873062426789,0.043455124766255904,0.0858126764314385,2000,2000
J03WOH,trim,D10,0.05242801130984477,0.029577096017106404,0.0747443987801315,2000,2000
J03WOH,trim,near,0.13130566851027595,0.11049333401091126,0.15136072393423522,2000,2000
J03WOH,trim,middle,0.07131643773582175,0.05639094769987262,0.08560496230125621,2000,2000
J03WOH,trim,far,0.0632395222294307,0.04610211638132086,0.0801106177165436,2000,2000
J03WOH,trim,near_minus_middle,0.0599892307744542,0.04434719630158638,0.07531169956930182,2000,2000
J03WOH,trim,middle_minus_far,0.008076915506391044,-0.006210415761636279,0.02212760385627819,2000,2000
J03WOH,four,D1,0.2803191083288021,0.23619883142660017,0.32538111667641595,2000,2000
J03WOH,four,D2,0.21489786063430222,0.17134900688210858,0.25962243023091486,2000,2000
J03WOH,four,D3,0.1828806009695867,0.14227087620213358,0.2228920537483199,2000,2000
J03WOH,four,D4,0.14566462956495624,0.11110322606479173,0.18092237895829402,2000,2000
J03WOH,four,D5,0.14398131844995435,0.10902181992552602,0.1799414790110224,2000,2000
J03WOH,four,D6,0.11352071987925877,0.08128173674753318,0.14745269651086151,2000,2000
J03WOH,four,D7,0.1203189712115979,0.07957149635473801,0.15878352388032263,2000,2000
J03WOH,four,D8,0.12461722104498077,0.09181756714313463,0.1585041875279193,2000,2000
J03WOH,four,D9,0.09188161583093835,0.055227871270228525,0.1279705528791991,2000,2000
J03WOH,four,D10,0.09388843281140874,0.052642646352914026,0.13301314718570276,2000,2000
J03WOH,four,near,0.226032523310897,0.18967777282728226,0.26175707189152925,2000,2000
J03WOH,four,middle,0.13087140977644182,0.10207181261830654,0.1591772027093192,2000,2000
J03WOH,four,far,0.1034624232291093,0.07410452354829589,0.1319321812424816,2000,2000
J03WOH,four,near_minus_middle,0.09516111353445517,0.0708729807421063,0.11855730928370181,2000,2000
J03WOH,four,middle_minus_far,0.027408986547332523,0.002790274977405504,0.05143085120196068,2000,2000
J03WOH,paired_primary_minus_placebo,near_minus_middle,0.029402408190265572,0.014241216788902259,0.043785854012235156,2000,2000
J03WOY,primary,D1,0.14200543360862677,0.11068110101194857,0.17386275111423402,2000,2000
J03WOY,primary,D2,0.08959338535202092,0.06539454174087178,0.11402974682865978,2000,2000
J03WOY,primary,D3,0.06868269616831608,0.04703631319952813,0.09292378451093276,2000,2000
J03WOY,primary,D4,0.06112444543026165,0.04071392456798273,0.08370149505136927,2000,2000
J03WOY,primary,D5,0.04548056875006151,0.026678257293973603,0.06598116661889439,2000,2000
J03WOY,primary,D6,0.04138383729454561,0.02309067010791139,0.06047420141829087,2000,2000
J03WOY,primary,D7,0.034303764464796466,0.014649273740416082,0.05587921717531381,2000,2000
J03WOY,primary,D8,0.033367531969126334,0.012802857154580152,0.05492066445123663,2000,2000
J03WOY,primary,D9,0.03716083430269325,0.016754727173700537,0.06001026461275011,2000,2000
J03WOY,primary,D10,0.04154589799374731,0.01988484807800353,0.06430814962708896,2000,2000
J03WOY,primary,near,0.10009383837632126,0.07627392336240257,0.12418641998798813,2000,2000
J03WOY,primary,middle,0.04557315398491631,0.028620591568282186,0.06304343360870854,2000,2000
J03WOY,primary,far,0.03735808808852229,0.019397488174923868,0.057031518849840236,2000,2000
J03WOY,primary,near_minus_middle,0.05452068439140494,0.04105414174174791,0.06844187852304413,2000,2000
J03WOY,primary,middle_minus_far,0.008215065896394022,-0.0034358531779991814,0.020446231649747872,2000,2000
J03WOY,placebo,D1,0.1005104906543466,0.07945751294019081,0.12058636704367699,2000,2000
J03WOY,placebo,D2,0.07120469888470343,0.055104766743960414,0.08720816278231079,2000,2000
J03WOY,placebo,D3,0.05470773473122041,0.03786752874809645,0.07116186591143175,2000,2000
J03WOY,placebo,D4,0.0457250931147811,0.030741621202845827,0.06084238867158525,2000,2000
J03WOY,placebo,D5,0.036984144921059725,0.02360852308962131,0.051692025285987694,2000,2000
J03WOY,placebo,D6,0.03606022449111948,0.021505927083648138,0.05163735371971194,2000,2000
J03WOY,placebo,D7,0.03501844686049744,0.01883592256555156,0.05212692957875072,2000,2000
J03WOY,placebo,D8,0.03157152531622036,0.018004485157294376,0.0452862112416739,2000,2000
J03WOY,placebo,D9,0.05077486404509193,0.035550417746481655,0.06646368963170271,2000,2000
J03WOY,placebo,D10,0.06025978698447851,0.04138661935952231,0.08036410188282195,2000,2000
J03WOY,placebo,near,0.07547430809009015,0.060567021672424566,0.09079594087387714,2000,2000
J03WOY,placebo,middle,0.03844697734686443,0.027002709911471377,0.05049607335234686,2000,2000
J03WOY,placebo,far,0.04753539211526361,0.0351627395869438,0.05998217403166076,2000,2000
J03WOY,placebo,near_minus_middle,0.037027330743225714,0.027051382155626767,0.04744477808076623,2000,2000
J03WOY,placebo,middle_minus_far,-0.009088414768399174,-0.01962955886836376,0.0015023707309215152,2000,2000
J03WOY,one,D1,0.07849145223069827,0.06180192884985734,0.09586666995160653,2000,2000
J03WOY,one,D2,0.04684102737630743,0.03435497662730645,0.060139117591282605,2000,2000
J03WOY,one,D3,0.03233058420933694,0.02169374021586199,0.044554034310297655,2000,2000
J03WOY,one,D4,0.031220041237114953,0.020709564982865067,0.04286779690915717,2000,2000
J03WOY,one,D5,0.018971103707703933,0.010120628979018513,0.02904826477817044,2000,2000
J03WOY,one,D6,0.01805187223662222,0.008152488975054618,0.028425691040252228,2000,2000
J03WOY,one,D7,0.013581736062271676,0.004126714966152494,0.024293597568332836,2000,2000
J03WOY,one,D8,0.013737707549277492,0.0034752515974648536,0.02477244248139949,2000,2000
J03WOY,one,D9,0.01844744121168288,0.00762151241746636,0.030228196007920052,2000,2000
J03WOY,one,D10,0.01883046630029527,0.0074862681380985134,0.030724790994156058,2000,2000
J03WOY,one,near,0.052554354605447544,0.04007836951546729,0.06528735186461974,2000,2000
J03WOY,one,middle,0.020456188310928193,0.012165473309212577,0.029044825978094498,2000,2000
J03WOY,one,far,0.017005205020418548,0.007802824044149807,0.026644847090112323,2000,2000
J03WOY,one,near_minus_middle,0.03209816629451935,0.024696237907596546,0.04004326920477982,2000,2000
J03WOY,one,middle_minus_far,0.0034509832905096453,-0.0030641189541038994,0.010403267854437698,2000,2000
J03WOY,trim,D1,0.15281737804140652,0.12368455894913141,0.1817706241601362,2000,2000
J03WOY,trim,D2,0.10173611622070172,0.07728421419466955,0.12664319382166,2000,2000
J03WOY,trim,D3,0.07957268412782617,0.05722059500192478,0.10275370385247512,2000,2000
J03WOY,trim,D4,0.07313056239571478,0.051222721744385025,0.09580738722319325,2000,2000
J03WOY,trim,D5,0.06078364484082619,0.040321913949633255,0.08253237017202568,2000,2000
J03WOY,trim,D6,0.05575258562249451,0.03552442100905883,0.07657501563435586,2000,2000
J03WOY,trim,D7,0.04474410234597104,0.02437435659676578,0.06591615881984826,2000,2000
J03WOY,trim,D8,0.04334789753765692,0.020509190910736122,0.06609590256851093,2000,2000
J03WOY,trim,D9,0.05048783290419548,0.025538496014376844,0.0754787629510569,2000,2000
J03WOY,trim,D10,0.05345609336921557,0.03048000796501936,0.07739244615595248,2000,2000
J03WOY,trim,near,0.11137539279664481,0.08936408504192776,0.13360316795581345,2000,2000
J03WOY,trim,middle,0.05860272380125163,0.04121715249082351,0.0766507733072363,2000,2000
J03WOY,trim,far,0.049097274603689324,0.029099426962632305,0.06866424864998215,2000,2000
J03WOY,trim,near_minus_middle,0.05277266899539318,0.03819204869537411,0.0668314295269361,2000,2000
J03WOY,trim,middle_minus_far,0.009505449197562306,-0.004121116361814483,0.02382330634796493,2000,2000
J03WOY,four,D1,0.23695806316254392,0.17802164630223372,0.2983267104957364,2000,2000
J03WOY,four,D2,0.15779927211810824,0.11397321586156091,0.2048622889342955,2000,2000
J03WOY,four,D3,0.13066368429458206,0.08777809030589814,0.17673445682518943,2000,2000
J03WOY,four,D4,0.12207820214378284,0.08144921082066772,0.16737711484025022,2000,2000
J03WOY,four,D5,0.0905627203074714,0.05164113391350954,0.1340413970254199,2000,2000
J03WOY,four,D6,0.08010088226444335,0.04220794462044504,0.11919078567826652,2000,2000
J03WOY,four,D7,0.07660136873338443,0.03769061037336834,0.12044268817531845,2000,2000
J03WOY,four,D8,0.06008055265071488,0.02304672590690683,0.09991597580383053,2000,2000
J03WOY,four,D9,0.06949181575076605,0.029434683267176166,0.11546966290241906,2000,2000
J03WOY,four,D10,0.07324014503822555,0.029917252533980872,0.12196889903371547,2000,2000
J03WOY,four,near,0.1751403398584114,0.12990158960468995,0.22167283670006957,2000,2000
J03WOY,four,middle,0.0923357933622705,0.057581151113081604,0.1302947368004381,2000,2000
J03WOY,four,far,0.06760417114656882,0.03174671030523046,0.10696432205104199,2000,2000
J03WOY,four,near_minus_middle,0.0828045464961409,0.059002659547590125,0.10635338752950488,2000,2000
J03WOY,four,middle_minus_far,0.024731622215701687,0.002853310283296762,0.04866482932097956,2000,2000
J03WOY,paired_primary_minus_placebo,near_minus_middle,0.01749335364817923,0.0055359249035356484,0.03140006327258712,2000,2000
J03WPY,primary,D1,0.18271651396010558,0.15793295289617823,0.20762322713122008,2000,2000
J03WPY,primary,D2,0.1167774841726215,0.09901052711060374,0.1362509389349857,2000,2000
J03WPY,primary,D3,0.09989000305200034,0.08124456997975418,0.1180374425256998,2000,2000
J03WPY,primary,D4,0.08313700213728306,0.06398405554737792,0.10302480971380953,2000,2000
J03WPY,primary,D5,0.07250237890211364,0.05288028475699878,0.09136082985965166,2000,2000
J03WPY,primary,D6,0.07691328952184413,0.058119010556951164,0.09608059077110834,2000,2000
J03WPY,primary,D7,0.07087944917755355,0.0516710513048688,0.09055443880171407,2000,2000
J03WPY,primary,D8,0.04888427828121074,0.029271865841631103,0.06922526844652983,2000,2000
J03WPY,primary,D9,0.046532775752247076,0.024578622234641363,0.067830569408389,2000,2000
J03WPY,primary,D10,0.053315899499675905,0.02905284805150212,0.07611080194880669,2000,2000
J03WPY,primary,near,0.13312800039490916,0.11608475338663661,0.14960143721013278,2000,2000
J03WPY,primary,middle,0.0758580299346986,0.06073458643565993,0.09103749785568072,2000,2000
J03WPY,primary,far,0.04957765117771124,0.03178974133662235,0.06811537900409338,2000,2000
J03WPY,primary,near_minus_middle,0.057269970460210554,0.04482978822552308,0.06968725328446793,2000,2000
J03WPY,primary,middle_minus_far,0.026280378756987362,0.011335744596381007,0.04188125476881792,2000,2000
J03WPY,placebo,D1,0.12339580530026475,0.10561364106733237,0.14356723322120127,2000,2000
J03WPY,placebo,D2,0.085382353376789,0.06273656513952641,0.10979695751538843,2000,2000
J03WPY,placebo,D3,0.0786920444560494,0.059176663911048435,0.10107305821210107,2000,2000
J03WPY,placebo,D4,0.060396000115450744,0.04153162323564659,0.07831785783891067,2000,2000
J03WPY,placebo,D5,0.049864800546260704,0.03512107966028533,0.06366037233979963,2000,2000
J03WPY,placebo,D6,0.0496330958728187,0.0310133156093861,0.06790093167929433,2000,2000
J03WPY,placebo,D7,0.05810251881904728,0.04128475247293116,0.07372351239257978,2000,2000
J03WPY,placebo,D8,0.03951210567925506,0.023077140993909756,0.056563524923239794,2000,2000
J03WPY,placebo,D9,0.04377432988385943,0.02427654012878583,0.06286085884716174,2000,2000
J03WPY,placebo,D10,0.05749229683061564,0.0367461041038257,0.07769076683229668,2000,2000
J03WPY,placebo,near,0.0958234010443677,0.07825537743091736,0.11566972023006487,2000,2000
J03WPY,placebo,middle,0.05449910383839436,0.03958474736307434,0.06824208411842103,2000,2000
J03WPY,placebo,far,0.046926244131243376,0.03181053617863038,0.06178644492806972,2000,2000
J03WPY,placebo,near_minus_middle,0.041324297205973345,0.028415429474584582,0.05496277328479883,2000,2000
J03WPY,placebo,middle_minus_far,0.007572859707150985,-0.0033889064498751897,0.018054882349803788,2000,2000
J03WPY,one,D1,0.09817730016035844,0.08445826075734628,0.11188041341699176,2000,2000
J03WPY,one,D2,0.06010780230320116,0.04961688051725169,0.07033022842274253,2000,2000
J03WPY,one,D3,0.05005563720450536,0.03982622387969875,0.059831119301660435,2000,2000
J03WPY,one,D4,0.0430977464792014,0.032605275810932276,0.05400186786916639,2000,2000
J03WPY,one,D5,0.03600506813934886,0.02562271097703137,0.046487152201123066,2000,2000
J03WPY,one,D6,0.032739035221132744,0.02240631374210978,0.043342716351200336,2000,2000
J03WPY,one,D7,0.034725316803724676,0.02460627476235021,0.04510642312783362,2000,2000
J03WPY,one,D8,0.024270357471920877,0.01423607706361327,0.03414358230157702,2000,2000
J03WPY,one,D9,0.02404675176332937,0.010627619510184849,0.03644462322077422,2000,2000
J03WPY,one,D10,0.02536777354984898,0.012774385013067885,0.0371643685680991,2000,2000
J03WPY,one,near,0.06944691322268831,0.06029031182672892,0.07860803823431767,2000,2000
J03WPY,one,middle,0.03664179166085192,0.02841374006607599,0.044431261159234826,2000,2000
J03WPY,one,far,0.024561627595033077,0.01508056759299879,0.03378022487075,2000,2000
J03WPY,one,near_minus_middle,0.03280512156183639,0.025797298719751626,0.03967517568396929,2000,2000
J03WPY,one,middle_minus_far,0.012080164065818844,0.004155958398396867,0.01981263507666011,2000,2000
J03WPY,trim,D1,0.18828116914013146,0.16106890194188903,0.21515358237574447,2000,2000
J03WPY,trim,D2,0.12386158708369736,0.10414791847003509,0.143111551528106,2000,2000
J03WPY,trim,D3,0.11102474390034522,0.08993175661004067,0.1312454471470078,2000,2000
J03WPY,trim,D4,0.09294562264466145,0.07201750701051153,0.11533837155873819,2000,2000
J03WPY,trim,D5,0.07812886706611669,0.057101767706194635,0.09870835049758542,2000,2000
J03WPY,trim,D6,0.08430863148098552,0.06314216333817856,0.10521530868369199,2000,2000
J03WPY,trim,D7,0.08379561265497834,0.06246796475131171,0.10427889920338905,2000,2000
J03WPY,trim,D8,0.06492539498349012,0.04395274158192576,0.08635859510059504,2000,2000
J03WPY,trim,D9,0.05979800384372764,0.035371672113278685,0.08211854973587063,2000,2000
J03WPY,trim,D10,0.07340213328052707,0.04798791248471312,0.09767267961986274,2000,2000
J03WPY,trim,near,0.1410558333747247,0.12207404278769733,0.15858197412372838,2000,2000
J03WPY,trim,middle,0.0847946834616855,0.06781494480356431,0.10088818499375019,2000,2000
J03WPY,trim,far,0.06604184403591494,0.04643868749056952,0.08548690712101659,2000,2000
J03WPY,trim,near_minus_middle,0.05626114991303918,0.0420761112152121,0.07073247645470465,2000,2000
J03WPY,trim,middle_minus_far,0.018752839425770565,0.0024346955358107887,0.03532033637638063,2000,2000
J03WPY,four,D1,0.3175997361917235,0.269737076485655,0.3637458841945516,2000,2000
J03WPY,four,D2,0.21848662270408173,0.18119271698020611,0.2564407029786607,2000,2000
J03WPY,four,D3,0.19279008575073067,0.1553578957659811,0.2299825888113085,2000,2000
J03WPY,four,D4,0.1665830858459341,0.1307031356916347,0.2040086360064827,2000,2000
J03WPY,four,D5,0.15044391786644803,0.11413862522840573,0.18573993787700535,2000,2000
J03WPY,four,D6,0.15085865058942866,0.11303550507015575,0.188666306039123,2000,2000
J03WPY,four,D7,0.13887619834872697,0.09983817199406429,0.17868015488335984,2000,2000
J03WPY,four,D8,0.0990689353411069,0.05936959288664879,0.13975282425611846,2000,2000
J03WPY,four,D9,0.10352660981196396,0.06094125289557757,0.14573724599390517,2000,2000
J03WPY,four,D10,0.10777658573223864,0.06009951697012931,0.15635716872567934,2000,2000
J03WPY,four,near,0.24295881488217863,0.20817287774005658,0.2766887590612406,2000,2000
J03WPY,four,middle,0.15169046316263443,0.11961692572813322,0.1835230797618092,2000,2000
J03WPY,four,far,0.10345737696176983,0.06630071799316797,0.14235251076002456,2000,2000
J03WPY,four,near_minus_middle,0.0912683517195442,0.066986381888624,0.11566680136076121,2000,2000
J03WPY,four,middle_minus_far,0.0482330862008646,0.01891218236324741,0.07617683594119273,2000,2000
J03WPY,paired_primary_minus_placebo,near_minus_middle,0.015945673254237208,0.003561437960557635,0.02759612085530999,2000,2000
J03WQQ,primary,D1,0.1974260390463814,0.17105759292661882,0.22386276854823997,2000,2000
J03WQQ,primary,D2,0.12009999034258832,0.0965072598787694,0.1426979345200637,2000,2000
J03WQQ,primary,D3,0.08982277321756615,0.06440164638331089,0.11459503938324528,2000,2000
J03WQQ,primary,D4,0.07939067956969033,0.054484207690072554,0.10631544844088109,2000,2000
J03WQQ,primary,D5,0.07208570218082946,0.05041044806879664,0.09510963636535383,2000,2000
J03WQQ,primary,D6,0.04638179234272938,0.02559487793988601,0.06786098396857393,2000,2000
J03WQQ,primary,D7,0.06141211977161815,0.037992993575857704,0.08460891475510193,2000,2000
J03WQQ,primary,D8,0.051327665801333106,0.028713650486243882,0.07579718587891415,2000,2000
J03WQQ,primary,D9,0.04359353279896099,0.02135413869958667,0.06488281537681602,2000,2000
J03WQQ,primary,D10,0.03992253225698227,0.012639486679026337,0.06647126917232433,2000,2000
J03WQQ,primary,near,0.13578293420217863,0.11389937191843943,0.15697220801509837,2000,2000
J03WQQ,primary,middle,0.06481757346621683,0.047058212184790796,0.08305033305672715,2000,2000
J03WQQ,primary,far,0.04494791028575879,0.02493467192007894,0.06539126104538244,2000,2000
J03WQQ,primary,near_minus_middle,0.0709653607359618,0.0582586141523158,0.08445137420671166,2000,2000
J03WQQ,primary,middle_minus_far,0.01986966318045804,0.004589600667994877,0.03577162883557218,2000,2000
J03WQQ,placebo,D1,0.12040696059489825,0.09828035738789741,0.14204173526675937,2000,2000
J03WQQ,placebo,D2,0.07737044882616165,0.054213631044100555,0.1009132777826289,2000,2000
J03WQQ,placebo,D3,0.060860758754388414,0.038279429663871024,0.08449106321929545,2000,2000
J03WQQ,placebo,D4,0.060274156124474246,0.037891717917893517,0.08271834972732943,2000,2000
J03WQQ,placebo,D5,0.05524865392704919,0.03551613374058394,0.07633340226216961,2000,2000
J03WQQ,placebo,D6,0.03169276792765033,0.014762978477206633,0.048543502767633424,2000,2000
J03WQQ,placebo,D7,0.053664894489219093,0.03395436881311642,0.07310872859611597,2000,2000
J03WQQ,placebo,D8,0.0376626673621524,0.01956868262887893,0.05707410920523156,2000,2000
J03WQQ,placebo,D9,0.039495761076484344,0.020614663179988293,0.05830017072937691,2000,2000
J03WQQ,placebo,D10,0.05142990110836228,0.03056985399694548,0.0702566707965095,2000,2000
J03WQQ,placebo,near,0.08621272272514945,0.06599807595636072,0.10605146797372927,2000,2000
J03WQQ,placebo,middle,0.050220118117098214,0.033860759155648124,0.06679848961758782,2000,2000
J03WQQ,placebo,far,0.042862776515666334,0.027488511995613238,0.05817761846231316,2000,2000
J03WQQ,placebo,near_minus_middle,0.03599260460805123,0.023947905578287194,0.04846372419239664,2000,2000
J03WQQ,placebo,middle_minus_far,0.00735734160143188,-0.0050099686874751324,0.020627692882610973,2000,2000
J03WQQ,one,D1,0.11194313133533261,0.09667245404813175,0.12671935733194298,2000,2000
J03WQQ,one,D2,0.06337177993940166,0.050644336617243685,0.07569318185328722,2000,2000
J03WQQ,one,D3,0.049014274852795456,0.033526747793680124,0.06378401542843695,2000,2000
J03WQQ,one,D4,0.04057542681755377,0.02713835175711189,0.05422037570727892,2000,2000
J03WQQ,one,D5,0.03652922657869772,0.02502430660111946,0.04833525531898996,2000,2000
J03WQQ,one,D6,0.021075711341130135,0.010333995516442186,0.031803147441812195,2000,2000
J03WQQ,one,D7,0.028486383014905848,0.017067260433838143,0.040002645974366015,2000,2000
J03WQQ,one,D8,0.025654704388513958,0.013854349370140046,0.03819996324536384,2000,2000
J03WQQ,one,D9,0.023166162224738277,0.011813094556727655,0.03388325038178428,2000,2000
J03WQQ,one,D10,0.020563447589325597,0.006706429113189325,0.033755429599553036,2000,2000
J03WQQ,one,near,0.07477639537584324,0.06227858063440856,0.08688705665003317,2000,2000
J03WQQ,one,middle,0.03166668693807187,0.022198927746620346,0.04094884643441124,2000,2000
J03WQQ,one,far,0.02312810473419261,0.012871059799591463,0.033452068826402115,2000,2000
J03WQQ,one,near_minus_middle,0.04310970843777137,0.03506743296567686,0.05080074690662469,2000,2000
J03WQQ,one,middle_minus_far,0.00853858220387926,0.0005321279014672539,0.017103082680858913,2000,2000
J03WQQ,trim,D1,0.18609571675400086,0.15863201033401367,0.21409556801145166,2000,2000
J03WQQ,trim,D2,0.12962378788197765,0.10304049313223064,0.155266612727765,2000,2000
J03WQQ,trim,D3,0.09806799583632035,0.07124029404557962,0.12423366831708159,2000,2000
J03WQQ,trim,D4,0.08763461300468534,0.06138368945325989,0.11467905660829211,2000,2000
J03WQQ,trim,D5,0.08495245853687161,0.05922517988804368,0.11064734724291234,2000,2000
J03WQQ,trim,D6,0.05777084732407872,0.03658226655340901,0.08014872755785793,2000,2000
J03WQQ,trim,D7,0.06567431916239284,0.041658060370050896,0.08969873044675046,2000,2000
J03WQQ,trim,D8,0.05822362384272026,0.03288141219649593,0.08456589520248245,2000,2000
J03WQQ,trim,D9,0.04645195467416787,0.022805670882059457,0.06924147951945667,2000,2000
J03WQQ,trim,D10,0.04898208310610481,0.021461391203940573,0.07723037248798664,2000,2000
J03WQQ,trim,near,0.13792916682409964,0.11413339014879917,0.16112842054494908,2000,2000
J03WQQ,trim,middle,0.07400805950700713,0.05478204873358802,0.09408880024397497,2000,2000
J03WQQ,trim,far,0.051219220540997645,0.029229857783378447,0.07316907139801336,2000,2000
J03WQQ,trim,near_minus_middle,0.06392110731709251,0.049071843717924966,0.07927413680279492,2000,2000
J03WQQ,trim,middle_minus_far,0.022788838966009486,0.006416151807207224,0.03963807627382922,2000,2000
J03WQQ,four,D1,0.335919119458228,0.28933785132941214,0.38223613781536775,2000,2000
J03WQQ,four,D2,0.22210475933985552,0.17811247293022509,0.2619841973260092,2000,2000
J03WQQ,four,D3,0.1640838854980794,0.12050865627495985,0.20785800590619938,2000,2000
J03WQQ,four,D4,0.15746135450406232,0.11447818697003924,0.20222698994724408,2000,2000
J03WQQ,four,D5,0.12957511476345865,0.08989033205502119,0.16995030554402954,2000,2000
J03WQQ,four,D6,0.12316670099359013,0.08248400093435475,0.16139043386736432,2000,2000
J03WQQ,four,D7,0.12144301719623939,0.08202351021959489,0.15985780513479525,2000,2000
J03WQQ,four,D8,0.11255709177730851,0.07026433576543457,0.15558096066320296,2000,2000
J03WQQ,four,D9,0.086672881671626,0.04775756041639892,0.1283474152828895,2000,2000
J03WQQ,four,D10,0.1015690313284292,0.04795417216085399,0.15556173113663924,2000,2000
J03WQQ,four,near,0.240702588098721,0.20146385467393801,0.2778817505902824,2000,2000
J03WQQ,four,middle,0.13291154686433762,0.10001014271026784,0.1662572177655569,2000,2000
J03WQQ,four,far,0.1002663349257879,0.06378763978056971,0.13836980882563513,2000,2000
J03WQQ,four,near_minus_middle,0.10779104123438338,0.08591721667075414,0.1307898118502281,2000,2000
J03WQQ,four,middle_minus_far,0.03264521193854972,0.006129099466939098,0.058566805977211124,2000,2000
J03WQQ,paired_primary_minus_placebo,near_minus_middle,0.034972756127910565,0.022533267135989233,0.04792716175318158,2000,2000
J03WR9,primary,D1,0.15797169918624393,0.12881576037847522,0.18564768554699188,2000,2000
J03WR9,primary,D2,0.10615610826430452,0.08336018275703705,0.13206594269709993,2000,2000
J03WR9,primary,D3,0.08132074052315913,0.06022889008265298,0.10595370520313255,2000,2000
J03WR9,primary,D4,0.07910976117896142,0.057395549118419556,0.10224930038955683,2000,2000
J03WR9,primary,D5,0.06069529254950226,0.039722738152401696,0.08378259769389938,2000,2000
J03WR9,primary,D6,0.051763509247949896,0.03360776916157329,0.07177789757431201,2000,2000
J03WR9,primary,D7,0.050886778147791425,0.034624101323201206,0.0686727529670688,2000,2000
J03WR9,primary,D8,0.05075176592074405,0.03264823886435546,0.07059910181179462,2000,2000
J03WR9,primary,D9,0.03937874799936664,0.017721042017889734,0.063033820693623,2000,2000
J03WR9,primary,D10,0.05077230938234886,0.02814492785343083,0.0762019861137562,2000,2000
J03WR9,primary,near,0.11514951599123585,0.09373536141395647,0.13777115209583285,2000,2000
J03WR9,primary,middle,0.060613835281051257,0.04464142786136339,0.07741256135468924,2000,2000
J03WR9,primary,far,0.04696760776748651,0.02935526475942081,0.06639609550556483,2000,2000
J03WR9,primary,near_minus_middle,0.054535680710184595,0.041394216947200906,0.06913158519760725,2000,2000
J03WR9,primary,middle_minus_far,0.013646227513564743,-0.0014900125420057345,0.02921288516620852,2000,2000
J03WR9,placebo,D1,0.11675398625004246,0.09240622395257585,0.13926293490528022,2000,2000
J03WR9,placebo,D2,0.0808155934238602,0.06229596532767485,0.09944298091106346,2000,2000
J03WR9,placebo,D3,0.05508795592826444,0.035723596117257284,0.0756555725243634,2000,2000
J03WR9,placebo,D4,0.056377434595667235,0.03664816924384741,0.07487635614070696,2000,2000
J03WR9,placebo,D5,0.042351675219664896,0.023740248512222596,0.06056353894195072,2000,2000
J03WR9,placebo,D6,0.043701686922008605,0.025390267967390173,0.062140065984165375,2000,2000
J03WR9,placebo,D7,0.04232950016436491,0.027280719822804816,0.05949163251149167,2000,2000
J03WR9,placebo,D8,0.03289775355645752,0.015612829074377535,0.04975719033374892,2000,2000
J03WR9,placebo,D9,0.03800879571611042,0.02130274890309119,0.05576860568006705,2000,2000
J03WR9,placebo,D10,0.04654560410241583,0.029733879451346028,0.06417441157040475,2000,2000
J03WR9,placebo,near,0.0842191785340557,0.06596438515160516,0.10094728624363523,2000,2000
J03WR9,placebo,middle,0.04619007422542641,0.03159229864334961,0.06118174138002242,2000,2000
J03WR9,placebo,far,0.03915071779166126,0.025078730840550074,0.052863305481493185,2000,2000
J03WR9,placebo,near_minus_middle,0.03802910430862928,0.02686395787734844,0.048686673421323864,2000,2000
J03WR9,placebo,middle_minus_far,0.007039356433765152,-0.0047977727508324635,0.020246534318327142,2000,2000
J03WR9,one,D1,0.08708594144240496,0.0704650670500314,0.1029466782130845,2000,2000
J03WR9,one,D2,0.05680217272926254,0.04482972118191963,0.07056815608419349,2000,2000
J03WR9,one,D3,0.0424709951430664,0.03175339509448095,0.054565733190620275,2000,2000
J03WR9,one,D4,0.04217432208849632,0.030751965704903586,0.05436867546115485,2000,2000
J03WR9,one,D5,0.026863214742214054,0.016711136380720176,0.038140268512784896,2000,2000
J03WR9,one,D6,0.026356551492286003,0.016605550176688615,0.036454195744899304,2000,2000
J03WR9,one,D7,0.023177615794049287,0.015003328504407524,0.031851316072439045,2000,2000
J03WR9,one,D8,0.023165584553068334,0.013347684382796265,0.03340955037907886,2000,2000
J03WR9,one,D9,0.01854884722631352,0.006854477345928947,0.031314342256674725,2000,2000
J03WR9,one,D10,0.025751140767625032,0.014631453433742177,0.03919739903867441,2000,2000
J03WR9,one,near,0.0621197031049113,0.0509054425051803,0.07402628273749234,2000,2000
J03WR9,one,middle,0.029642926029261413,0.021711706281565983,0.03831874702680056,2000,2000
J03WR9,one,far,0.02248852418233563,0.013231179282201804,0.0325228266365264,2000,2000
J03WR9,one,near_minus_middle,0.03247677707564989,0.025327280607401224,0.040471612795294626,2000,2000
J03WR9,one,middle_minus_far,0.007154401846925784,-0.001381418597310182,0.015340976177077238,2000,2000
J03WR9,trim,D1,0.17756541799427672,0.15634519146374395,0.19725771415918655,2000,2000
J03WR9,trim,D2,0.11897283478915203,0.09755367418430355,0.14008198071955805,2000,2000
J03WR9,trim,D3,0.09241085935920114,0.07034270053682969,0.11505230060972356,2000,2000
J03WR9,trim,D4,0.09695911431942515,0.07539649669219753,0.11926026322656211,2000,2000
J03WR9,trim,D5,0.07201409933902675,0.048856397593680954,0.09334406729021061,2000,2000
J03WR9,trim,D6,0.06387717409239765,0.044386531186499656,0.08304802348289571,2000,2000
J03WR9,trim,D7,0.06611003201147941,0.047352573842258286,0.08455890926771166,2000,2000
J03WR9,trim,D8,0.0675835310272768,0.04698561942049072,0.08699443377030945,2000,2000
J03WR9,trim,D9,0.052736776175308746,0.028869604922012185,0.07605764266434763,2000,2000
J03WR9,trim,D10,0.07197198980131557,0.04715380350383658,0.09730162619549121,2000,2000
J03WR9,trim,near,0.1296497040475433,0.1126474895534056,0.1465439538564535,2000,2000
J03WR9,trim,middle,0.07474010494058225,0.057358161022153666,0.09092835306631648,2000,2000
J03WR9,trim,far,0.0640974323346337,0.045236375246971744,0.08250231647264239,2000,2000
J03WR9,trim,near_minus_middle,0.054909599106961055,0.043745244844302165,0.06640481677795251,2000,2000
J03WR9,trim,middle_minus_far,0.010642672605948547,-0.006440971564821431,0.027695700717531035,2000,2000
J03WR9,four,D1,0.28541123412422764,0.23293528293261548,0.3341361063575342,2000,2000
J03WR9,four,D2,0.2014062581545784,0.15178699034423454,0.2533553492691843,2000,2000
J03WR9,four,D3,0.1648300366464704,0.12473621668672188,0.20736529818935276,2000,2000
J03WR9,four,D4,0.15759681767792844,0.11450634253754557,0.19960437286314883,2000,2000
J03WR9,four,D5,0.1300922851420265,0.0876105965183479,0.17654584977100238,2000,2000
J03WR9,four,D6,0.10848382505247586,0.07317647432007582,0.1471235084450974,2000,2000
J03WR9,four,D7,0.10270566822641346,0.06985418592722685,0.13940229589698547,2000,2000
J03WR9,four,D8,0.11079500241273639,0.07709867668588316,0.14773530255025807,2000,2000
J03WR9,four,D9,0.08030391118576807,0.04078446808123446,0.123703112776992,2000,2000
J03WR9,four,D10,0.1018297209215626,0.061388791163538445,0.15044015215727552,2000,2000
J03WR9,four,near,0.21721584297509214,0.17512013044359437,0.26066132250397084,2000,2000
J03WR9,four,middle,0.12471964902471108,0.0916440716291526,0.15836784051553848,2000,2000
J03WR9,four,far,0.0976428781733557,0.06364423747074424,0.13524660430771682,2000,2000
J03WR9,four,near_minus_middle,0.09249619395038106,0.0710790117038538,0.11861823407747335,2000,2000
J03WR9,four,middle_minus_far,0.02707677085135539,0.0005595681344440128,0.05251106520661161,2000,2000
J03WR9,paired_primary_minus_placebo,near_minus_middle,0.016506576401555312,0.0022153309593160937,0.03158879158079868,2000,2000
POOLED,primary,D1,0.16786122170169293,0.15665457624021026,0.17898871200241415,2000,2000
POOLED,primary,D2,0.11105898020522553,0.1020122931476987,0.11968899298830478,2000,2000
POOLED,primary,D3,0.08865525610231167,0.07981522371098682,0.09762535136632347,2000,2000
POOLED,primary,D4,0.07386253894295917,0.06522399757197775,0.08244318749001177,2000,2000
POOLED,primary,D5,0.06498121402371082,0.0568827238719494,0.07293575951573465,2000,2000
POOLED,primary,D6,0.05375406521918232,0.046416851499285025,0.06127996644756519,2000,2000
POOLED,primary,D7,0.05289161422664218,0.04477192621324112,0.060409212464230914,2000,2000
POOLED,primary,D8,0.04885905598635449,0.04069843063080254,0.05664345055863373,2000,2000
POOLED,primary,D9,0.041495523663824786,0.03273919296349953,0.049773690461312886,2000,2000
POOLED,primary,D10,0.04432140138551612,0.034527903565580206,0.053817699801758476,2000,2000
POOLED,primary,near,0.12252515266974338,0.11379429454264989,0.13059063420133699,2000,2000
POOLED,primary,middle,0.06137235810312363,0.05502437086548857,0.06754378883872227,2000,2000
POOLED,primary,far,0.04489199367856513,0.03731015441832173,0.05202212564988356,2000,2000
POOLED,primary,near_minus_middle,0.061152794566619754,0.05579042995082947,0.06681121905336516,2000,2000
POOLED,primary,middle_minus_far,0.016480364424558497,0.010834589368384823,0.022283210462933366,2000,2000
POOLED,placebo,D1,0.11007789901280787,0.10127626126655347,0.11832916659727374,2000,2000
POOLED,placebo,D2,0.07892392748880496,0.07106665770368448,0.08690104184652155,2000,2000
POOLED,placebo,D3,0.060844316046977244,0.052984521766875826,0.06862076159917505,2000,2000
POOLED,placebo,D4,0.056012225075068436,0.04880863065718622,0.06341320199289835,2000,2000
POOLED,placebo,D5,0.045787531998618236,0.03902494886141473,0.052400732172077386,2000,2000
POOLED,placebo,D6,0.041373293469451726,0.03453030480941258,0.04809915644480946,2000,2000
POOLED,placebo,D7,0.04352786125320111,0.03660530238373495,0.04995302153566533,2000,2000
POOLED,placebo,D8,0.03993094888075392,0.03326728344798103,0.0463175739916668,2000,2000
POOLED,placebo,D9,0.03985782421930494,0.0326192540753489,0.04671906886056679,2000,2000
POOLED,placebo,D10,0.05097776888452679,0.043232704021077276,0.05902749994568919,2000,2000
POOLED,placebo,near,0.0832820475161967,0.0758947348144153,0.09010305008583895,2000,2000
POOLED,placebo,middle,0.04667522794908487,0.04096562774447694,0.05236312625499916,2000,2000
POOLED,placebo,far,0.043588847328195214,0.037802868703397295,0.04927334027730688,2000,2000
POOLED,placebo,near_minus_middle,0.03660681956711182,0.032237879090038744,0.041113882815173135,2000,2000
POOLED,placebo,middle_minus_far,0.003086380620889659,-0.0015750135232499747,0.0077210715954003275,2000,2000
POOLED,one,D1,0.09103999262884051,0.08485865893499608,0.097156313974901,2000,2000
POOLED,one,D2,0.057604682358784486,0.05283302354505985,0.06224637498504938,2000,2000
POOLED,one,D3,0.04445202206749371,0.039769076708767365,0.04901045583604686,2000,2000
POOLED,one,D4,0.03765477894648641,0.03292683149069753,0.04228136920045728,2000,2000
POOLED,one,D5,0.029751571693119976,0.025561043966519738,0.03381543178828586,2000,2000
POOLED,one,D6,0.02463590757312026,0.020659370777448744,0.02847947120827218,2000,2000
POOLED,one,D7,0.02398245233142282,0.019896863051448055,0.027726873637057992,2000,2000
POOLED,one,D8,0.022791948849310947,0.018504786311252623,0.026894510084396934,2000,2000
POOLED,one,D9,0.020379131784584278,0.015411581778330978,0.024847876397058044,2000,2000
POOLED,one,D10,0.02163142453472482,0.016554079721549847,0.026299166577248883,2000,2000
POOLED,one,near,0.06436556568503957,0.05968440550477092,0.06878646340438338,2000,2000
POOLED,one,middle,0.029006177636037366,0.02568923132451198,0.03215537007655685,2000,2000
POOLED,one,far,0.02160083505620668,0.017646734638583336,0.025219805050047853,2000,2000
POOLED,one,near_minus_middle,0.0353593880490022,0.0324911986429782,0.038480825214248025,2000,2000
POOLED,one,middle_minus_far,0.007405342579830686,0.004358391593060822,0.010463665296475503,2000,2000
POOLED,trim,D1,0.1730319146351016,0.1628069737284997,0.1824299333474609,2000,2000
POOLED,trim,D2,0.12089817973138359,0.11193851657475934,0.12954908761228937,2000,2000
POOLED,trim,D3,0.09909802407737187,0.09021758913708446,0.10821217158909381,2000,2000
POOLED,trim,D4,0.08592053264631504,0.07656385501843038,0.09477328183399379,2000,2000
POOLED,trim,D5,0.07633072465838997,0.06803713890358648,0.08456110281291708,2000,2000
POOLED,trim,D6,0.06500693310522392,0.057294223437820195,0.07322635279382735,2000,2000
POOLED,trim,D7,0.06354756642019822,0.05495827102433327,0.07132789906991299,2000,2000
POOLED,trim,D8,0.061431814930291866,0.0525790346125801,0.06995676721779708,2000,2000
POOLED,trim,D9,0.05283426717779711,0.043299882136024134,0.0617243389193859,2000,2000
POOLED,trim,D10,0.058699238717585124,0.04823279387502972,0.06819907978563418,2000,2000
POOLED,trim,near,0.13100937281461902,0.12294490976732007,0.13853875950989872,2000,2000
POOLED,trim,middle,0.07270143920753179,0.0659538993441555,0.079095032067529,2000,2000
POOLED,trim,far,0.05765510694189136,0.04972925351677914,0.0648409718968495,2000,2000
POOLED,trim,near_minus_middle,0.058307933607087234,0.05301490685970313,0.06395208914770494,2000,2000
POOLED,trim,middle_minus_far,0.015046332265640429,0.009060847756483713,0.021171370903193827,2000,2000
POOLED,four,D1,0.29095978848874654,0.26950206987839265,0.30930693555786776,2000,2000
POOLED,four,D2,0.20362086544380975,0.18577517794808862,0.2196142930571818,2000,2000
POOLED,four,D3,0.1707078513164859,0.15482338825134426,0.1871374765043581,2000,2000
POOLED,four,D4,0.1483342785570222,0.13259950463270168,0.16451517275209002,2000,2000
POOLED,four,D5,0.13342993110657828,0.11804150460748555,0.14909658656894967,2000,2000
POOLED,four,D6,0.11193887861727915,0.0970114915336389,0.12693622102050478,2000,2000
POOLED,four,D7,0.1113814874944451,0.09634330491234559,0.12572915125177136,2000,2000
POOLED,four,D8,0.09990112323021065,0.08478438271709289,0.11437014852227557,2000,2000
POOLED,four,D9,0.0829681531221955,0.06796303312876234,0.0990639198383115,2000,2000
POOLED,four,D10,0.09238602350000302,0.07529384522136455,0.11001518797522186,2000,2000
POOLED,four,near,0.22176283508301406,0.20540326052491722,0.2366067149220457,2000,2000
POOLED,four,middle,0.12627114394383118,0.11332556925644448,0.1388753411949883,2000,2000
POOLED,four,far,0.09175176661746971,0.07841314489870523,0.10501455877277274,2000,2000
POOLED,four,near_minus_middle,0.09549169113918288,0.08613058171824921,0.10531343353190445,2000,2000
POOLED,four,middle_minus_far,0.03451937732636147,0.024780786223790843,0.04432458610732912,2000,2000
POOLED,paired_primary_minus_placebo,near_minus_middle,0.024545974999507933,0.019323571141143164,0.029854640361432285,2000,2000
