match_id,team_key,player_key,period,first_observed_frame,last_observed_frame,period_start_frame,period_end_frame,first_observed_time_match_s,last_observed_time_match_s,total_canonical_rows,observed_valid_rows,unsupported_rows,coordinate_valid_rows,coordinate_invalid_rows,present_rows,absent_rows,internal_unsupported_gaps,starts_after_period_start,ends_before_period_end,finite_out_of_bounds_rows
metrica:sample-game-2,metrica:Away,metrica:Away:15,1,1,67941,1,67941,0.040000000000000001,2717.6399999999999,67941,67941,0,67941,0,67941,0,0,False,False,250
metrica:sample-game-2,metrica:Away,metrica:Away:15,2,67942,141156,67942,141156,2717.6799999999998,5646.2399999999998,73215,73215,0,73215,0,73215,0,0,False,False,2053
metrica:sample-game-2,metrica:Away,metrica:Away:16,1,1,67941,1,67941,0.040000000000000001,2717.6399999999999,67941,67941,0,67941,0,67941,0,0,False,False,119
metrica:sample-game-2,metrica:Away,metrica:Away:16,2,67942,141156,67942,141156,2717.6799999999998,5646.2399999999998,73215,73215,0,73215,0,73215,0,0,False,False,294
metrica:sample-game-2,metrica:Away,metrica:Away:17,1,1,67941,1,67941,0.040000000000000001,2717.6399999999999,67941,67941,0,67941,0,67941,0,0,False,False,0
metrica:sample-game-2,metrica:Away,metrica:Away:17,2,67942,141156,67942,141156,2717.6799999999998,5646.2399999999998,73215,73215,0,73215,0,73215,0,0,False,False,0
metrica:sample-game-2,metrica:Away,metrica:Away:18,1,1,67941,1,67941,0.040000000000000001,2717.6399999999999,67941,67941,0,67941,0,67941,0,0,False,False,548
metrica:sample-game-2,metrica:Away,metrica:Away:18,2,67942,141156,67942,141156,2717.6799999999998,5646.2399999999998,73215,73215,0,73215,0,73215,0,0,False,False,934
metrica:sample-game-2,metrica:Away,metrica:Away:19,1,1,67941,1,67941,0.040000000000000001,2717.6399999999999,67941,67941,0,67941,0,67941,0,0,False,False,63
metrica:sample-game-2,metrica:Away,metrica:Away:19,2,67942,141156,67942,141156,2717.6799999999998,5646.2399999999998,73215,73215,0,73215,0,73215,0,0,False,False,632
metrica:sample-game-2,metrica:Away,metrica:Away:20,1,1,67941,1,67941,0.040000000000000001,2717.6399999999999,67941,67941,0,67941,0,67941,0,0,False,False,297
metrica:sample-game-2,metrica:Away,metrica:Away:20,2,67942,141156,67942,141156,2717.6799999999998,5646.2399999999998,73215,73215,0,73215,0,73215,0,0,False,False,381
metrica:sample-game-2,metrica:Away,metrica:Away:21,1,1,67941,1,67941,0.040000000000000001,2717.6399999999999,67941,67941,0,67941,0,67941,0,0,False,False,92
metrica:sample-game-2,metrica:Away,metrica:Away:21,2,67942,141156,67942,141156,2717.6799999999998,5646.2399999999998,73215,73215,0,73215,0,73215,0,0,False,False,230
metrica:sample-game-2,metrica:Away,metrica:Away:22,1,1,67941,1,67941,0.040000000000000001,2717.6399999999999,67941,67941,0,67941,0,67941,0,0,False,False,724
metrica:sample-game-2,metrica:Away,metrica:Away:22,2,67942,87985,67942,141156,2717.6799999999998,3519.4000000000001,73215,20044,53171,20044,53171,20044,53171,0,False,True,860
metrica:sample-game-2,metrica:Away,metrica:Away:23,1,1,67941,1,67941,0.040000000000000001,2717.6399999999999,67941,67941,0,67941,0,67941,0,0,False,False,168
metrica:sample-game-2,metrica:Away,metrica:Away:23,2,67942,141156,67942,141156,2717.6799999999998,5646.2399999999998,73215,73215,0,73215,0,73215,0,0,False,False,284
metrica:sample-game-2,metrica:Away,metrica:Away:24,1,1,67941,1,67941,0.040000000000000001,2717.6399999999999,67941,67941,0,67941,0,67941,0,0,False,False,343
metrica:sample-game-2,metrica:Away,metrica:Away:24,2,67942,141156,67942,141156,2717.6799999999998,5646.2399999999998,73215,73215,0,73215,0,73215,0,0,False,False,120
metrica:sample-game-2,metrica:Away,metrica:Away:26,1,,,1,67941,,,67941,0,67941,0,67941,0,67941,0,False,False,0
metrica:sample-game-2,metrica:Away,metrica:Away:26,2,87985,141156,67942,141156,3519.4000000000001,5646.2399999999998,73215,53172,20043,53172,20043,53172,20043,0,True,False,143
metrica:sample-game-2,metrica:Home,metrica:Home:1,1,1,67941,1,67941,0.040000000000000001,2717.6399999999999,67941,67941,0,67941,0,67941,0,0,False,False,1901
metrica:sample-game-2,metrica:Home,metrica:Home:1,2,67942,141156,67942,141156,2717.6799999999998,5646.2399999999998,73215,73215,0,73215,0,73215,0,0,False,False,687
metrica:sample-game-2,metrica:Home,metrica:Home:10,1,1,67941,1,67941,0.040000000000000001,2717.6399999999999,67941,67941,0,67941,0,67941,0,0,False,False,0
metrica:sample-game-2,metrica:Home,metrica:Home:10,2,67942,125738,67942,141156,2717.6799999999998,5029.5200000000004,73215,57797,15418,57797,15418,57797,15418,0,False,True,857
metrica:sample-game-2,metrica:Home,metrica:Home:12,1,,,1,67941,,,67941,0,67941,0,67941,0,67941,0,False,False,0
metrica:sample-game-2,metrica:Home,metrica:Home:12,2,95703,141156,67942,141156,3828.1199999999999,5646.2399999999998,73215,45454,27761,45454,27761,45454,27761,0,True,False,8
metrica:sample-game-2,metrica:Home,metrica:Home:13,1,,,1,67941,,,67941,0,67941,0,67941,0,67941,0,False,False,0
metrica:sample-game-2,metrica:Home,metrica:Home:13,2,106111,141156,67942,141156,4244.4399999999996,5646.2399999999998,73215,35046,38169,35046,38169,35046,38169,0,True,False,7
metrica:sample-game-2,metrica:Home,metrica:Home:14,1,,,1,67941,,,67941,0,67941,0,67941,0,67941,0,False,False,0
metrica:sample-game-2,metrica:Home,metrica:Home:14,2,125738,141156,67942,141156,5029.5200000000004,5646.2399999999998,73215,15419,57796,15419,57796,15419,57796,0,True,False,465
metrica:sample-game-2,metrica:Home,metrica:Home:2,1,1,67941,1,67941,0.040000000000000001,2717.6399999999999,67941,67941,0,67941,0,67941,0,0,False,False,94
metrica:sample-game-2,metrica:Home,metrica:Home:2,2,67942,141156,67942,141156,2717.6799999999998,5646.2399999999998,73215,73215,0,73215,0,73215,0,0,False,False,71
metrica:sample-game-2,metrica:Home,metrica:Home:3,1,1,67941,1,67941,0.040000000000000001,2717.6399999999999,67941,67941,0,67941,0,67941,0,0,False,False,323
metrica:sample-game-2,metrica:Home,metrica:Home:3,2,67942,141156,67942,141156,2717.6799999999998,5646.2399999999998,73215,73215,0,73215,0,73215,0,0,False,False,366
metrica:sample-game-2,metrica:Home,metrica:Home:4,1,1,67941,1,67941,0.040000000000000001,2717.6399999999999,67941,67941,0,67941,0,67941,0,0,False,False,948
metrica:sample-game-2,metrica:Home,metrica:Home:4,2,67942,95703,67942,141156,2717.6799999999998,3828.1199999999999,73215,27762,45453,27762,45453,27762,45453,0,False,True,180
metrica:sample-game-2,metrica:Home,metrica:Home:5,1,1,67941,1,67941,0.040000000000000001,2717.6399999999999,67941,67941,0,67941,0,67941,0,0,False,False,610
metrica:sample-game-2,metrica:Home,metrica:Home:5,2,67942,141156,67942,141156,2717.6799999999998,5646.2399999999998,73215,73215,0,73215,0,73215,0,0,False,False,952
metrica:sample-game-2,metrica:Home,metrica:Home:6,1,1,67941,1,67941,0.040000000000000001,2717.6399999999999,67941,67941,0,67941,0,67941,0,0,False,False,0
metrica:sample-game-2,metrica:Home,metrica:Home:6,2,67942,141156,67942,141156,2717.6799999999998,5646.2399999999998,73215,73215,0,73215,0,73215,0,0,False,False,79
metrica:sample-game-2,metrica:Home,metrica:Home:7,1,1,67941,1,67941,0.040000000000000001,2717.6399999999999,67941,67941,0,67941,0,67941,0,0,False,False,17
metrica:sample-game-2,metrica:Home,metrica:Home:7,2,67942,141156,67942,141156,2717.6799999999998,5646.2399999999998,73215,73215,0,73215,0,73215,0,0,False,False,1100
metrica:sample-game-2,metrica:Home,metrica:Home:8,1,1,67941,1,67941,0.040000000000000001,2717.6399999999999,67941,67941,0,67941,0,67941,0,0,False,False,44
metrica:sample-game-2,metrica:Home,metrica:Home:8,2,67942,106111,67942,141156,2717.6799999999998,4244.4399999999996,73215,38170,35045,38170,35045,38170,35045,0,False,True,21
metrica:sample-game-2,metrica:Home,metrica:Home:9,1,1,67941,1,67941,0.040000000000000001,2717.6399999999999,67941,67941,0,67941,0,67941,0,0,False,False,97
metrica:sample-game-2,metrica:Home,metrica:Home:9,2,67942,141156,67942,141156,2717.6799999999998,5646.2399999999998,73215,73215,0,73215,0,73215,0,0,False,False,758
