episode_id,duration_s,path_m,displacement_m,delta_x_m,delta_y_m,displacement_path_ratio,path_displacement_ratio,peak_speed_mps,mean_speed_mps,start_speed_mps,end_speed_mps,max_chord_deviation_m,signed_heading_change_deg,absolute_heading_change_deg,heading_changes_ge45_count,team,player,period,block_id,start_frame,end_frame,start_s,end_s,start_x_m,start_y_m,end_x_m,end_y_m,method_b_overlap,diag_short,diag_tiny_path,diag_tiny_displacement,diag_long,diag_low_displacement_path_ratio,diag_direction_change,diag_lower_speed_meaningful_displacement,diag_fragmentation_any,diag_merging_any,sample_reason
A019450,2.2,4.627992304133617,4.357629184186684,-4.156649999999999,-1.3081257142857137,0.9415809054597064,1.0620436270548326,3.0242704264406477,2.0976124315348534,1.7664885626113918,0.7259525840829273,0.46346063330891174,-108.38072325962263,144.03269373175127,0,Away,15,1,Away_15_1_0,10,65,0.4,2.6,60.83805,14.346639999999999,56.681400000000004,13.038514285714285,False,False,False,False,False,False,False,True,False,False,evenly_spaced_chronological
A036015,4.840000000000032,13.645783944793262,13.53471519891432,13.011599999999994,3.7264971428571414,0.9918605815299222,1.0082062122657631,3.8445303878427364,2.82759581377679,3.822090660938606,1.4587088381464668,0.7300422975341484,21.534873236348222,35.803261207456494,0,Away,24,1,Away_24_1_6,9505,9626,380.2,385.04,39.16515,34.13493142857143,52.17674999999999,37.86142857142857,False,False,False,False,False,False,False,True,False,False,evenly_spaced_chronological
A023642,1.9200000000000728,2.6918272436881923,2.543507459870795,-2.3287500000000065,1.022914285714279,0.9448999618511262,1.0583130917276458,1.5877471240255252,1.3975724602792088,1.1853694614790358,1.5812861014643764,0.3602556161519399,68.03803891361532,68.08422249562842,0,Away,17,1,Away_17_1_14,21832,21880,873.28,875.2,53.38665000000001,57.08532000000001,51.057900000000004,58.10823428571429,False,False,False,False,False,False,False,False,False,False,evenly_spaced_chronological
A000386,1.0,1.955036716924781,1.8691284517089104,1.3010999999999981,-1.3419314285714279,0.9560579786189376,1.045961670069987,2.2537033196653593,1.9664739836977874,2.2524056530239163,1.6816309233910782,0.24125007025249243,-57.94172835518965,57.94172835518965,0,Home,1,1,Home_1_1_21,35083,35108,1403.32,1404.32,29.1519,47.17296,30.453,45.831028571428575,False,True,False,False,False,False,False,False,True,False,evenly_spaced_chronological
A012257,2.040000000000191,5.710956483478916,5.485730257813238,-5.389349999999993,1.0237885714285753,0.9605624335753162,1.041056744513621,3.682903281778139,2.7782295750802968,1.694025817215591,3.6797546113663144,0.585251840054636,66.80445139892716,66.80445139892716,0,Home,8,1,Home_8_1_26,43365,43416,1734.6,1736.64,71.73179999999999,26.902062857142855,66.34245,27.92585142857143,False,False,False,False,False,False,False,True,False,False,evenly_spaced_chronological
A022078,5.079999999999927,5.039350187749666,4.957382488750845,3.6523500000000126,3.352011428571423,0.9837344705279504,1.0165344714039757,1.404791912563584,0.9881051897484477,0.4937095940588329,0.7238122607257401,0.2261789664724388,-29.73511563058098,143.64597410784253,0,Away,16,1,Away_16_1_35,52747,52874,2109.88,2114.96,78.8316,29.102737142857144,82.48395000000001,32.45474857142857,False,False,False,False,False,False,False,True,False,False,evenly_spaced_chronological
A024147,2.5599999999999454,4.719650373414272,4.688106389142456,4.119599999999995,2.2376857142857136,0.9933164574118664,1.0067285128905927,2.069790850127861,1.84423571465901,1.8840621174756162,1.4813507849131533,0.19254234772955445,-16.673676494982878,37.2137426621208,0,Away,17,1,Away_17_1_41,64172,64236,2566.88,2569.44,27.51075,2.570788571428572,31.630349999999996,4.8084742857142855,False,False,False,False,False,False,False,True,False,False,evenly_spaced_chronological
A034875,1.199999999999818,0.10597174977018935,0.06345636617521624,0.00629999999998887,-0.06314285714285717,0.5988045522776392,1.669993984174563,0.20403446400075903,0.086060472530027,0.018580904176097306,0.07697966369385245,0.017999707024600846,0.0,0.0,0,Away,23,2,Away_23_2_45,72070,72100,2882.8,2884.0,52.196250000000006,24.93657142857143,52.202549999999995,24.873428571428573,False,True,True,True,False,False,False,False,True,False,evenly_spaced_chronological
A005562,1.6000000000003638,4.3148368878874015,4.298993508761739,2.8818000000000055,3.1900742857142887,0.9963281626774495,1.0036853693994587,2.7379618986450542,2.6964974225915586,2.6854721290930277,2.6101266001163244,0.15927516742271353,-15.710032081231299,15.851783130792972,0,Home,4,2,Home_4_2_52,82581,82621,3303.24,3304.84,42.34485,44.730982857142855,45.22665000000001,47.921057142857144,False,False,False,False,False,False,False,True,False,False,evenly_spaced_chronological
A001725,1.4800000000000182,1.4094202183836693,1.4016994301932462,1.1213999999999942,-0.8409657142857156,0.9945220111860766,1.005508162466299,1.4252004374797123,0.9294087720313519,0.08202787760322602,1.392578609514301,0.05695134511754453,15.897645773756102,24.948795707337826,0,Home,2,2,Home_2_2_60,94798,94835,3791.92,3793.4,87.8061,19.987434285714283,88.9275,19.146468571428567,False,True,False,False,False,False,False,False,True,False,evenly_spaced_chronological
A037128,1.2399999999997817,0.2512939065862603,0.19073323694498553,-0.1906500000000051,0.00563428571427238,0.7590046234547816,1.3175150309997763,0.31127906183500686,0.20133164300285,0.16026491143367558,0.04128571428555918,0.06598331741162468,0.0,0.0,0,Away,24,2,Away_24_2_64,102208,102239,4088.32,4089.56,92.26455,42.86214857142858,92.0739,42.86778285714285,False,True,True,True,False,False,False,False,True,False,evenly_spaced_chronological
A024745,1.7599999999993088,2.973359553457936,2.957114979061121,2.8496999999999844,-0.7897714285714201,0.9945366262960283,1.0054933861252742,1.883009152764123,1.6934286656456186,1.8703011175784245,1.1729524952548944,0.10734269775649605,-26.720142258693425,29.569015542253307,0,Away,17,2,Away_17_2_67,109768,109812,4390.72,4392.48,69.3267,49.74093142857142,72.17639999999999,48.95116,False,False,False,False,False,False,False,False,False,False,evenly_spaced_chronological
A013261,1.0,1.2120338359994747,1.2003936939221995,-0.5718000000000032,-1.0554571428571506,0.9903961904927544,1.0096969370434143,1.237857142858351,1.2099509427259727,1.1578786108888004,1.236954829411006,0.0732449984791524,-25.9439209961536,25.9439209961536,0,Home,8,2,Home_8_2_69,117252,117277,4690.08,4691.08,52.7367,61.978405714285714,52.164899999999996,60.92294857142856,False,True,False,False,False,False,False,False,True,False,evenly_spaced_chronological
A008071,1.680000000000291,10.061376412068691,10.048549095665894,-9.651899999999983,2.795382857142858,0.9987250932797415,1.001276534182266,6.905206803571106,5.9620361599915634,4.833144577966355,6.9030949761746525,0.20708802084362563,10.57391550753868,10.887723724132597,0,Home,5,2,Home_5_2_71,127603,127645,5104.12,5105.8,78.78554999999999,26.34592,69.13365,29.141302857142858,True,False,False,False,False,False,False,False,False,False,evenly_spaced_chronological
A032500,1.319999999999709,0.09057854651961383,0.08750967089413189,0.06255000000000166,0.06119999999999237,0.9661191778472907,1.0350689883086708,0.14501020812069873,0.06704879381988667,0.015195326886555716,0.030390653772850912,0.007907664784779887,0.0,0.0,0,Away,21,2,Away_21_2_73,135040,135073,5401.6,5402.92,38.49,50.319320000000005,38.552550000000004,50.38052,False,True,True,True,False,False,False,False,True,False,evenly_spaced_chronological
A035889,1.0399999999999636,1.1439554642261356,1.1436181301466,-0.7197000000000067,-0.8887599999999978,0.9997051160730599,1.0002949709091202,1.1792874713373729,1.0985998748526153,1.0633100153659292,0.9680027097974675,0.006394138624054551,3.789670627132802,12.118670866611325,0,Away,23,2,Away_23_2_79,144966,144992,5798.64,5799.68,31.881750000000004,34.49513714285714,31.162049999999997,33.60637714285714,False,True,False,False,False,False,False,False,True,False,evenly_spaced_chronological
A032639,0.9999999999999964,2.8894200201819857,2.880681539894289,-1.0795499999999976,2.670748571428568,0.996975697466391,1.0030334766848326,2.9121681034069926,2.887291855556784,2.8340877399264683,2.8931597780410154,0.09680902983573487,-14.799307403431241,14.799307403431241,0,Away,22,1,Away_22_1_0,779,804,31.16,32.16,50.583600000000004,55.60894285714286,49.50405000000001,58.279691428571425,False,True,False,False,False,False,False,False,True,False,shortest_duration
A008357,51.16,53.55020820817825,53.39160734868678,-45.46095,27.999388571428565,0.9970382774446945,1.0029705204126125,1.4753123778530288,1.0466685393527784,0.980525167100207,0.1472068558808922,0.28043175747913424,-17.326536830622842,166.00818463425293,0,Home,6,1,Home_6_1_1,2383,3662,95.32,146.48,89.47815,10.106645714285715,44.0172,38.10603428571428,False,False,False,False,True,False,False,True,False,True,longest_duration
A014410,5.879999999999654,9.416818176166403,5.89059383271399,-1.2845999999999975,-5.748817142857138,0.6255397229207262,1.598619501461666,7.669715924239039,1.5929652468365596,0.3384021276494673,0.040231536518354635,0.5853357445404648,559.8578093672475,953.7612602435272,5,Home,9,1,Home_9_1_41,65582,65729,2623.28,2629.16,94.17165,36.28450857142857,92.88705,30.53569142857143,False,False,False,False,False,False,True,False,False,True,highest_heading_change
A035085,9.519999999999982,3.58369226699023,3.041763430684078,2.698350000000005,1.4040057142857165,0.8487791930970424,1.1781627166792108,0.4417547396469545,0.3766928850179774,0.43729284454264294,0.012272625918721022,0.18540077378320372,0.0,0.0,0,Away,23,2,Away_23_2_58,90804,91042,3632.16,3641.68,49.3959,18.92274857142857,52.09425,20.326754285714287,False,False,False,False,True,False,False,True,False,True,lowest_peak_speed_displacement_ge3m
A030673,3.44,14.470482791307196,14.278394398421183,-3.921600000000005,13.729297142857146,0.9867255021372606,1.0134530807544617,5.8032264426032905,4.183588006487809,2.2100867817595082,5.703913267441888,0.7201853663598438,-14.869060532408685,69.89724606931372,0,Away,21,1,Away_21_1_0,65,151,2.6,6.04,51.7644,28.966057142857142,47.8428,42.69535428571429,True,False,False,False,False,False,False,False,False,False,first_method_b_overlap
