team,player,period,frame,time_s,raw_x_norm,raw_y_norm,raw_x_m,raw_y_m,dt_s,frame_step,same_period,contiguous,raw_dx_m,raw_dy_m,raw_displacement_m,raw_speed_mps,smooth_x_m,smooth_y_m,smooth_dx_m,smooth_dy_m,smooth_displacement_m,smooth_speed_mps,smooth_acceleration_mps2
Home,10,1,2892,115.68,0.83015,0.33404,87.16575,22.71472,0.04000000000000625,1.0,True,True,-0.20369999999999777,0.1944800000000022,0.28163124897638747,7.040781224408586,87.1701,22.714914285714286,-0.20189999999999486,0.19098285714285979,0.27791736491707014,6.947934122925667,-0.7359659005960544
Home,10,1,2893,115.72,0.82824,0.33689,86.9652,22.908520000000003,0.03999999999999204,1.0,True,True,-0.2005500000000069,0.19380000000000308,0.27888840510140245,6.9722101275364485,86.97029999999998,22.90599428571429,-0.19980000000002462,0.19108000000000303,0.276462667280794,6.911566682021225,-0.9091860226112335
Home,10,1,2894,115.76,0.82634,0.33973,86.7657,23.10164,0.04000000000000625,1.0,True,True,-0.19950000000000045,0.19311999999999685,0.2776609162269673,6.941522905673097,86.77245,23.09726857142857,-0.1978499999999741,0.1912742857142824,0.275191705680783,6.8797926420185,-0.7943510000680034
Home,10,1,2895,115.8,0.8245,0.3425,86.5725,23.290000000000003,0.03999999999999204,1.0,True,True,-0.19319999999999027,0.18836000000000297,0.26982536871094487,6.745634217774964,86.57669999999999,23.288639999999997,-0.19575000000001808,0.19137142857142564,0.27375369618230794,6.8438424045590605,-0.8987559364861631
Home,10,1,2896,115.84,0.82267,0.34525,86.38035,23.477,0.04000000000000625,1.0,True,True,-0.19214999999999804,0.1869999999999976,0.2681242668987616,6.703106672467992,86.38289999999999,23.48010857142857,-0.19379999999999598,0.19146857142857243,0.27243100749528637,6.810775187381094,-0.8266804294490266
Home,10,1,2897,115.88,0.82084,0.34807,86.1882,23.66876,0.03999999999999204,1.0,True,True,-0.19215000000001226,0.1917599999999986,0.27146550443841694,6.786637610961773,86.19089999999998,23.67167428571429,-0.19200000000000728,0.19156571428571922,0.27122209144868825,6.780552286218556,-0.7555725290636144
Home,10,1,2898,115.92,0.81904,0.35088,85.9992,23.859840000000002,0.04000000000000625,1.0,True,True,-0.18899999999999295,0.19108000000000303,0.26876116981438836,6.719029245358659,86.00070000000002,23.863337142857144,-0.19019999999996173,0.19166285714285536,0.2700197970670818,6.75049492667599,-0.7514339885640255
Home,10,1,2899,115.96,0.81723,0.35375,85.80915,24.055,0.03999999999999204,1.0,True,True,-0.19004999999999939,0.19515999999999778,0.2724085683307317,6.810214208269647,85.812,24.055777142857142,-0.18870000000002563,0.19243999999999772,0.26951965345779294,6.737991336446164,-0.31258975574570247
Home,10,1,2900,116.0,0.81544,0.35661,85.6212,24.24948,0.04000000000000625,1.0,True,True,-0.18795000000000073,0.19447999999999865,0.2704582646176666,6.761456615440608,85.62465,24.248994285714282,-0.18734999999999502,0.1932171428571401,0.26913358540671695,6.728339635166872,-0.241292531982269
Home,10,1,2901,116.04,0.81366,0.35946,85.43430000000001,24.44328,0.04000000000000625,1.0,True,True,-0.1868999999999943,0.19380000000000308,0.26923976303658986,6.730994075913695,85.43925,24.44153142857143,-0.18540000000000134,0.19253714285714807,0.26728956466647613,6.682239116660859,-1.1525129626501516
Home,10,1,2902,116.08,0.81192,0.36231,85.2516,24.63708,0.03999999999999204,1.0,True,True,-0.1827000000000112,0.19379999999999953,0.2663413786853329,6.658534467134648,85.2555,24.633485714285715,-0.1837500000000034,0.19195428571428508,0.26572638240130136,6.6431595600338555,-0.9769889156752755
Home,10,1,2903,116.12,0.81018,0.36514,85.0689,24.829520000000002,0.04000000000000625,1.0,True,True,-0.18269999999999698,0.19244000000000128,0.2653534314833697,6.633835787083206,85.0737,24.824177142857142,-0.18179999999999552,0.1906914285714265,0.2634662424877423,6.586656062192528,-1.412587446032966
Home,10,1,2904,116.16,0.80848,0.36789,84.8904,25.01652,0.03999999999999204,1.0,True,True,-0.17849999999999966,0.1869999999999976,0.2585174075376724,6.462935188443096,84.89415,25.01292571428571,-0.1795500000000061,0.18874857142856882,0.26050763082168577,6.51269077054344,-1.8491322912275747
Home,10,1,2905,116.2,0.80679,0.37064,84.71295,25.20352,0.04000000000000625,1.0,True,True,-0.17744999999999322,0.18700000000000117,0.2577935268776119,6.44483817193929,84.71759999999999,25.197885714285714,-0.17655000000000598,0.1849600000000038,0.25569533452920784,6.392383363229197,-3.007685182855609
Home,10,1,2906,116.24,0.80511,0.37338,84.53655,25.38984,0.03999999999999204,1.0,True,True,-0.176400000000001,0.1863199999999985,0.25657767322976444,6.414441830745387,84.54390000000001,25.378377142857143,-0.17369999999998242,0.18049142857142897,0.2504971971654556,6.262429929137636,-3.2488358522896577
Home,10,1,2907,116.28,0.80347,0.37604,84.36435,25.570719999999998,0.04000000000000625,1.0,True,True,-0.17220000000000368,0.18087999999999838,0.2497406943211312,6.243517358027304,84.3741,25.55265142857143,-0.16980000000000928,0.1742742857142865,0.24331783054521078,6.0829457636293185,-4.487104137707241
Home,10,1,2908,116.32,0.80189,0.3785,84.19845,25.738,0.03999999999999204,1.0,True,True,-0.1659000000000077,0.16728000000000165,0.23559585819789597,5.889896454948571,84.20835000000001,25.719445714285712,-0.16574999999998852,0.1667942857142819,0.2351454788996244,5.87863697249178,-5.107719778439485
Home,10,1,2909,116.36,0.80034,0.38089,84.0357,25.90052,0.04000000000000625,1.0,True,True,-0.1627499999999884,0.16252000000000066,0.2300006802163777,5.7500170054085435,84.04769999999999,25.87633142857143,-0.16065000000001817,0.15688571428571763,0.22454743340093128,5.613685835022404,-6.623778436733349
Home,10,1,2910,116.4,0.79886,0.38308,83.8803,26.049439999999997,0.04000000000000625,1.0,True,True,-0.1554000000000002,0.14891999999999683,0.2152355137982557,5.380887844955551,83.89275,26.021365714285714,-0.15494999999998527,0.145034285714285,0.21223676998260288,5.305919249564242,-7.694164636452846
Home,10,1,2911,116.44,0.79743,0.38506,83.73015,26.18408,0.03999999999999204,1.0,True,True,-0.15015000000001066,0.13464000000000453,0.201675363145835,5.041884078646878,83.7432,26.15416,-0.14955000000000496,0.13279428571428653,0.1999988120423945,4.999970301060857,-7.648723712586148
Home,10,1,2912,116.48,0.79608,0.38679,83.58840000000001,26.301720000000003,0.04000000000000625,1.0,True,True,-0.1417499999999876,0.11764000000000152,0.18420703596767646,4.605175899191192,83.59905,26.274617142857146,-0.14414999999999623,0.12045714285714482,0.18785405442871206,4.696351360717068,-7.590473508593555
Home,10,1,2913,116.52,0.79478,0.38831,83.45190000000001,26.405079999999998,0.03999999999999204,1.0,True,True,-0.13649999999999807,0.10335999999999501,0.17121781332559544,4.2804453331407375,83.46029999999999,26.38157142857143,-0.13875000000001592,0.10695428571428423,0.17518784698904533,4.3796961747270045,-7.916379649753156
Home,10,1,2914,116.56,0.7935,0.38971,83.3175,26.50028,0.04000000000000625,1.0,True,True,-0.13440000000001362,0.09520000000000195,0.16470094110236297,4.117523527558431,83.32665,26.476480000000002,-0.13364999999998872,0.09490857142857223,0.1639205887941151,4.098014719852237,-7.042036371868075
Home,10,1,2915,116.6,0.79228,0.3909,83.18939999999999,26.581200000000003,0.03999999999999204,1.0,True,True,-0.12810000000000343,0.08092000000000255,0.15151784185369488,3.7879460463431256,83.19794999999999,26.559537142857145,-0.12870000000000914,0.08305714285714316,0.1531736889272901,3.8293422231830148,-6.716812416731903
Home,10,1,2916,116.64,0.79109,0.3919,83.06445,26.6492,0.04000000000000625,1.0,True,True,-0.12494999999999834,0.06799999999999784,0.14225506142137542,3.5563765355338295,83.07270000000001,26.633462857142856,-0.12524999999997988,0.0739257142857106,0.14543924412842457,3.635981103210046,-4.834027999323464
Home,10,1,2917,116.68,0.78995,0.39285,82.94475,26.7138,0.04000000000000625,1.0,True,True,-0.11969999999999459,0.06459999999999866,0.13601930010111996,3.4004825025274674,82.95015000000001,26.699714285714286,-0.12255000000000393,0.06625142857143018,0.1393117162616134,3.4827929065397907,-3.8297049167557837
Home,10,1,2918,116.72,0.78885,0.39361,82.82925,26.76548,0.03999999999999204,1.0,True,True,-0.11549999999999727,0.05168000000000106,0.12653486634125582,3.163371658532025,82.82985,26.75974857142857,-0.1203000000000145,0.06003428571428415,0.13444777968128666,3.361194492032835,-3.039960362674493
Home,10,1,2919,116.76,0.78773,0.3944,82.71165,26.8192,0.04000000000000625,1.0,True,True,-0.11759999999999593,0.053719999999998436,0.12928881776858692,3.2322204442141675,82.7112,26.814925714285714,-0.11864999999998815,0.05517714285714348,0.13085235799890962,3.271308949972229,-2.2471385515147975
Home,10,1,2920,116.8,0.78661,0.39513,82.59405000000001,26.86884,0.03999999999999204,1.0,True,True,-0.11759999999999593,0.04964000000000013,0.12764752093166187,3.191188023292182,82.59345,26.867188571428567,-0.11775000000000091,0.05226285714285339,0.12882728257917464,3.2206820644800067,-1.2656721373058142
Home,10,1,2921,116.84,0.78548,0.39589,82.4754,26.92052,0.04000000000000625,1.0,True,True,-0.11865000000001658,0.05168000000000106,0.12941655574154354,3.2354138935380825,82.47630000000001,26.916439999999998,-0.1171499999999952,0.04925142857143072,0.12708196455959286,3.177049113989325,-1.0908237622668753
Home,10,1,2922,116.88,0.78437,0.39658,82.35885,26.96744,0.03999999999999204,1.0,True,True,-0.1165499999999895,0.04692000000000007,0.1256399176217398,3.1409979405441195,82.35900000000001,26.96578857142857,-0.11730000000000018,0.04934857142857041,0.12725789367281212,3.181447341820936,0.10995569579029774
Home,10,1,2923,116.92,0.78324,0.39728,82.2402,27.015040000000003,0.04000000000000625,1.0,True,True,-0.11865000000000236,0.04760000000000275,0.12784202165172773,3.1960505412926934,82.24215000000001,27.014165714285717,-0.11684999999999945,0.04837714285714867,0.1264684563479006,3.161711408697021,-0.49339832809779444
Home,10,1,2924,116.96,0.78214,0.39792,82.12469999999999,27.05856,0.03999999999999204,1.0,True,True,-0.11550000000001148,0.04351999999999734,0.12342706510325205,3.085676627581915,82.12635,27.06128,-0.11580000000000723,0.047114285714283,0.12501758243690672,3.1254395609232897,-0.9067961943434649
Home,10,1,2925,117.0,0.78103,0.39869,82.00815,27.11092,0.04000000000000625,1.0,True,True,-0.1165499999999895,0.052360000000000184,0.1277711708485039,3.194279271212098,82.011,27.108297142857143,-0.1153500000000065,0.04701714285714331,0.1245641771234833,3.1141044280865957,-0.28337832091730475
Home,10,1,2926,117.04,0.77994,0.39938,81.8937,27.15784,0.04000000000000625,1.0,True,True,-0.11445000000000505,0.04692000000000007,0.12369433657205636,3.0923584143009255,81.89535000000001,27.156091428571433,-0.11564999999998804,0.04779428571428923,0.12513679014157406,3.1284197535388625,0.3578831363066133
Home,10,1,2927,117.08,0.77889,0.39998,81.78345,27.19864,0.03999999999999204,1.0,True,True,-0.11024999999999352,0.040800000000000836,0.11755723074315182,2.93893076857938,81.7797,27.2034,-0.11565000000000225,0.047308571428565926,0.12495208453888333,3.123802113472705,-0.11544100165396053
Home,10,1,2928,117.12,0.77779,0.40073,81.66795,27.24964,0.04000000000000625,1.0,True,True,-0.11549999999999727,0.05099999999999838,0.12625866306911065,3.156466576727273,81.6633,27.250902857142858,-0.11639999999999873,0.04750285714285951,0.12571985299360885,3.14299632483973,0.4798552841755482
Home,10,1,2929,117.16,0.77666,0.4015,81.5493,27.302000000000003,0.03999999999999204,1.0,True,True,-0.11865000000000236,0.05236000000000374,0.12968959904325772,3.242239976082088,81.5463,27.29772571428571,-0.11700000000000443,0.04682285714285328,0.12602134720364278,3.150533680091696,0.18843388129919234
Home,10,1,2930,117.2,0.77553,0.40215,81.43065,27.3462,0.04000000000000625,1.0,True,True,-0.11865000000000236,0.044199999999996464,0.1266154117791363,3.1653852944779124,81.429,27.345325714285714,-0.11730000000000018,0.04760000000000275,0.12659008649969516,3.1647521624918844,0.355462060004652
Home,10,1,2931,117.24,0.77438,0.40281,81.3099,27.39108,0.03999999999999204,1.0,True,True,-0.12075000000000102,0.04487999999999914,0.12882071611352022,3.220517902838646,81.3117,27.392245714285714,-0.11730000000000018,0.04692000000000007,0.12633596637537567,3.15839915938502,-0.15882507767164095
Home,10,1,2932,117.28,0.77323,0.40351,81.18915,27.438679999999998,0.04000000000000625,1.0,True,True,-0.12075000000000102,0.0475999999999992,0.12979338388377187,3.2448345970937895,81.1956,27.436737142857144,-0.11610000000000298,0.044491428571429736,0.12433300935924992,3.108325233980762,-1.2518481351062525
Home,10,1,2933,117.32,0.77212,0.40428,81.07260000000001,27.491039999999998,0.03999999999999204,1.0,True,True,-0.1165499999999895,0.052360000000000184,0.1277711708485039,3.194279271213233,81.08040000000001,27.477342857142855,-0.11519999999998731,0.0406057142857108,0.12214689530499682,3.0536723826255283,-1.3663212838811165
Home,10,1,2934,117.36,0.77107,0.40481,80.96235,27.52708,0.04000000000000625,1.0,True,True,-0.11025000000000773,0.0360400000000034,0.11599113802356605,2.899778450588698,80.9634,27.52125142857143,-0.11700000000001864,0.04390857142857385,0.12496784644420554,3.12419616110465,1.7630944619777675
Home,10,1,2935,117.4,0.77005,0.40531,80.85525,27.56108,0.04000000000000625,1.0,True,True,-0.10710000000000264,0.03399999999999892,0.11236729951369522,2.8091824878419414,80.8452,27.55670857142857,-0.11819999999998743,0.03545714285714041,0.12340360197169567,3.0850900492919093,-0.9776527953183648
Home,10,1,2936,117.44,0.76898,0.40568,80.7429,27.58624,0.03999999999999204,1.0,True,True,-0.11234999999999218,0.025159999999999627,0.1151327412163813,2.8783185304101053,81.0633,27.436542857142857,0.21809999999999263,-0.12016571428571154,0.24901286892406194,6.225321723102787,78.50579184528755
Home,10,1,2937,117.48,0.76773,0.40667,80.61165,27.65356,0.04000000000000625,1.0,True,True,-0.13125000000000853,0.06731999999999871,0.14750777911690646,3.687694477922085,81.6255,27.156091428571425,0.5622000000000043,-0.2804514285714319,0.6282689263267457,15.706723158166186,237.03503587654797
Home,10,1,2938,117.52,0.7665,0.40646,80.4825,27.63928,0.03999999999999204,1.0,True,True,-0.12914999999999566,-0.014279999999999404,0.12993706515078313,3.2484266287702246,82.5399,26.71370285714286,0.9144000000000005,-0.442388571428566,1.0157927978335979,25.394819945845,242.20241969201854
Home,10,1,2939,117.56,0.78777,0.39114,82.71585,26.59752,0.04000000000000625,1.0,True,True,2.2333500000000015,-1.04176,2.4643693148755133,61.6092328718782,83.81505,26.105297142857143,1.2751499999999965,-0.6084057142857162,1.4128570471479072,35.32142617869216,248.1651558211401
Home,10,1,2940,117.6,0.8096,0.37541,85.008,25.527880000000003,0.03999999999999204,1.0,True,True,2.2921499999999924,-1.0696399999999961,2.529442893623012,63.23607234058788,85.46114999999999,25.32776571428571,1.64609999999999,-0.7775314285714323,1.8204945296309734,45.51236324078339,254.77342655233144
Home,10,1,2941,117.64,0.83203,0.35927,87.36315,24.43036,0.04000000000000625,1.0,True,True,2.355150000000009,-1.097520000000003,2.598322857710344,64.95807144274845,87.49080000000001,24.37052,2.029650000000018,-0.9572457142857118,2.244058484090474,56.10146210225307,264.72747153670076
Home,10,1,2942,117.68,0.85506,0.34268,89.7813,23.302239999999998,0.04000000000000625,1.0,True,True,2.418149999999997,-1.1281200000000027,2.6683523299781817,66.70880824944412,89.53065,23.41677142857143,2.039849999999987,-0.9537485714285694,2.2518046895772255,56.295117239421835,4.8413784292182775
Home,10,1,2943,117.72,0.87872,0.32564,92.26559999999999,22.14352,0.03999999999999204,1.0,True,True,2.4842999999999904,-1.1587199999999989,2.741236678654353,68.53091696637246,91.23645,22.62593142857143,1.7058000000000106,-0.7908399999999993,1.8802078463829563,47.005196159583264,-232.24802699601048
Home,10,1,2944,117.76,0.90304,0.30813,94.8192,20.952840000000002,0.04000000000000625,1.0,True,True,2.553600000000003,-1.1906799999999969,2.817550677876089,70.4387669468912,92.60475,21.99498857142857,1.3682999999999907,-0.630942857142859,1.5067626817052409,37.66906704262513,-233.40322792391686
Home,10,1,2945,117.8,0.90249,0.30828,94.76145,20.96304,0.03999999999999204,1.0,True,True,-0.057749999999998636,0.010199999999997544,0.05864386157135112,1.4660965392840697,93.62805,21.525594285714284,1.023300000000006,-0.4693942857142872,1.1258214269861975,28.145535674660536,-238.08828419916222
Home,10,1,2946,117.84,0.90149,0.30973,94.65645,21.06164,0.04000000000000625,1.0,True,True,-0.10499999999998977,0.09860000000000113,0.14403805052831725,3.6009512632073686,94.29899999999999,21.221148571428575,0.6709499999999906,-0.3044457142857091,0.7367910799181292,18.41977699795035,-243.14396691771663
Home,10,1,2947,117.88,0.90082,0.31046,94.5861,21.11128,0.03999999999999204,1.0,True,True,-0.0703500000000048,0.04964000000000013,0.086100244482816,2.1525061120708284,94.6056,21.08748,0.3066000000000031,-0.1336685714285757,0.3344709957346947,8.36177489336903,-251.45005261458303
Home,10,1,2948,117.92,0.90025,0.31095,94.52625,21.1446,0.04000000000000625,1.0,True,True,-0.059849999999997294,0.033319999999999794,0.06849996277371005,1.7124990693424835,94.5381,21.127988571428574,-0.06749999999999545,0.04050857142857467,0.07872226088714247,1.9680565221782542,-159.84295927974443
Home,10,1,2949,117.96,0.89979,0.31134,94.47794999999999,21.171120000000002,0.03999999999999204,1.0,True,True,-0.04830000000001178,0.02652000000000143,0.0551017277406182,1.3775431935157292,94.4712,21.168594285714285,-0.06690000000000396,0.0406057142857108,0.07825876329621692,1.9564690824058122,-0.2896859943111084
Home,10,1,2950,118.0,0.89916,0.31188,94.4118,21.20784,0.04000000000000625,1.0,True,True,-0.06614999999999327,0.036719999999998976,0.07565831679332441,1.8914579198328145,94.41135,21.196571428571428,-0.059849999999997294,0.027977142857142923,0.06606620181642546,1.6516550454103782,-7.620350924884658
Home,10,1,2951,118.04,0.89854,0.3123,94.3467,21.236400000000003,0.04000000000000625,1.0,True,True,-0.06510000000000105,0.02856000000000236,0.07108926501237912,1.7772316253092002,94.3536,21.21872,-0.057749999999998636,0.022148571428573405,0.061851610458632855,1.5462902614655796,-2.6341195986195545
Home,10,1,2952,118.08,0.89803,0.31246,94.29315,21.24728,0.03999999999999204,1.0,True,True,-0.05355000000000132,0.01087999999999667,0.05464409300189791,1.3661023250477196,94.29615,21.23737142857143,-0.05745000000000289,0.01865142857142743,0.06040180699081271,1.5100451747706183,-0.9061271673742126
Home,10,1,2953,118.12,0.8975,0.31261,94.2375,21.25748,0.04000000000000625,1.0,True,True,-0.05564999999999998,0.010200000000001097,0.05657704923376633,1.414426230843937,94.2375,21.25330285714286,-0.05865000000000009,0.015931428571430928,0.06077526566232859,1.5193816415579773,0.23341166968393848
Home,10,1,2954,118.16,0.89697,0.31274,94.18185000000001,21.26632,0.03999999999999204,1.0,True,True,-0.055649999999985766,0.008839999999999293,0.05634774263445168,1.4086935658615722,94.17915,21.267485714285716,-0.05834999999999013,0.014182857142856165,0.060048946175045526,1.5012236543764368,-0.4539496795386026
Home,10,1,2955,118.2,0.89642,0.31287,94.1241,21.27516,0.04000000000000625,1.0,True,True,-0.05775000000001285,0.008839999999999293,0.058422667689874204,1.4605666922466267,94.12125,21.280697142857143,-0.057900000000003615,0.01321142857142732,0.05938814565970506,1.4847036414923944,-0.41300032210099463
Home,10,1,2956,118.24,0.89588,0.31298,94.0674,21.282639999999997,0.03999999999999204,1.0,True,True,-0.0566999999999922,0.007479999999997489,0.05719126157027031,1.4297815392570423,94.06215,21.295074285714286,-0.05910000000000082,0.014377142857142644,0.060823615781493826,1.5205903945376482,0.8971688261315234
Home,10,1,2957,118.28,0.89527,0.31334,94.00335,21.30712,0.04000000000000625,1.0,True,True,-0.06405000000000882,0.024480000000004054,0.06856874579574376,1.714218644893326,94.00274999999999,21.310617142857144,-0.05940000000001078,0.015542857142857969,0.06139984045715894,1.5349960114287335,0.3601404222770769
Home,10,1,2958,118.32,0.89468,0.31366,93.9414,21.328879999999998,0.03999999999999204,1.0,True,True,-0.06194999999999595,0.021759999999996893,0.06566049116477399,1.6415122791196763,93.9426,21.328102857142856,-0.06014999999999304,0.017485714285712106,0.06264002477714005,1.5660006194288127,0.7751152000021343
Home,10,1,2959,118.36,0.89409,0.31394,93.87945,21.34792,0.04000000000000625,1.0,True,True,-0.06194999999999595,0.01904000000000039,0.0648099074216243,1.6202476855403543,93.8823,21.34733714285714,-0.06029999999999802,0.019234285714283317,0.06329334678256826,1.5823336695639592,0.4083262533785964
Home,10,1,2960,118.4,0.89354,0.31421,93.8217,21.36628,0.04000000000000625,1.0,True,True,-0.057749999999998636,0.018360000000001264,0.0605982846291864,1.5149571157294233,93.82215,21.367348571428572,-0.06015000000000725,0.020011428571432788,0.06339148029089106,1.5847870072720287,0.06133344270172909
Home,10,1,2961,118.44,0.89296,0.31454,93.7608,21.38872,0.03999999999999204,1.0,True,True,-0.06090000000000373,0.02243999999999957,0.06490272413389468,1.62256810334769,93.76320000000001,21.38561142857143,-0.05894999999998163,0.018262857142858024,0.06171413493696784,1.542853373424503,-1.0483408461883534
Home,10,1,2962,118.48,0.8924,0.31485,93.702,21.4098,0.04000000000000625,1.0,True,True,-0.05880000000000507,0.02108000000000132,0.06246444108451345,1.561611027112592,93.7047,21.403097142857145,-0.05850000000000932,0.01748571428571566,0.06105735176113333,1.5264337940280948,-0.4104894849101395
Home,10,1,2963,118.52,0.89187,0.31504,93.64635000000001,21.422719999999998,0.03999999999999204,1.0,True,True,-0.055649999999985766,0.0129199999999976,0.057130105023519374,1.4282526255882686,93.64694999999999,21.419222857142852,-0.05775000000001285,0.01612571428570675,0.05995916244599928,1.4989790611502802,-0.6863683219454997
Home,10,1,2964,118.56,0.89134,0.31522,93.5907,21.43496,0.04000000000000625,1.0,True,True,-0.05565000000001419,0.012240000000002027,0.05698017286742493,1.4245043216854008,93.58905000000001,21.435057142857143,-0.057899999999975194,0.01583428571429124,0.06002611601693828,1.5006529004232225,0.04184598182355071
Home,10,1,2965,118.6,0.89078,0.31546,93.53190000000001,21.45128,0.03999999999999204,1.0,True,True,-0.05879999999999086,0.016320000000000334,0.06102280229552668,1.5255700573884705,93.53145000000002,21.44992,-0.057599999999993656,0.01486285714285529,0.05948667516720189,1.487166879180343,-0.33715053107205617
Home,10,1,2966,118.64,0.89024,0.3156,93.4752,21.4608,0.04000000000000625,1.0,True,True,-0.05670000000000641,0.009519999999998419,0.057493655302134836,1.4373413825531463,93.47385,21.463908571428572,-0.05760000000002208,0.013988571428573238,0.05927427882829819,1.481856970707223,-0.1327477118279755
Home,10,1,2967,118.68,0.88968,0.31584,93.4164,21.47712,0.04000000000000625,1.0,True,True,-0.05880000000000507,0.016320000000000334,0.06102280229554037,1.525570057388271,93.41624999999999,21.477508571428576,-0.05760000000000787,0.013600000000003831,0.05918378156218991,1.4795945390545164,-0.05656079131765805
Home,10,1,2968,118.72,0.88912,0.31607,93.3576,21.49276,0.03999999999999204,1.0,True,True,-0.05879999999999086,0.01564000000000121,0.060844470578672656,1.521111764467119,93.3585,21.490817142857143,-0.057749999999984425,0.013308571428567006,0.059263653055371734,1.4815913263845881,0.04991968325180223
Home,10,1,2969,118.76,0.88856,0.31629,93.2988,21.507720000000003,0.04000000000000625,1.0,True,True,-0.05880000000000507,0.014960000000002083,0.06067323627432988,1.5168309068580097,93.3009,21.503154285714285,-0.05760000000000787,0.012337142857141714,0.058906409616258475,1.4726602404062317,-0.22327714945887653
Home,10,1,2970,118.8,0.88803,0.31644,93.24315,21.51792,0.03999999999999204,1.0,True,True,-0.05564999999999998,0.010199999999997544,0.05657704923376569,1.4144262308444238,93.24375,21.515588571428573,-0.05714999999999293,0.012434285714288507,0.05848704096826707,1.4621760242069677,-0.26210540498165175
Home,10,1,2971,118.84,0.88749,0.31659,93.18645,21.528119999999998,0.04000000000000625,1.0,True,True,-0.05670000000000641,0.010199999999997544,0.0576101553547695,1.4402538838690124,93.18719999999999,21.52705142857143,-0.05655000000001564,0.011462857142856109,0.05770008313580923,1.4425020783950053,-0.49184864529898203
Home,10,1,2972,118.88,0.88694,0.31673,93.1287,21.53764,0.03999999999999204,1.0,True,True,-0.057749999999998636,0.009520000000001971,0.05852941909843186,1.4632354774610876,93.13095,21.537640000000003,-0.056249999999991473,0.010588571428574056,0.05723792750350991,1.4309481875880323,-0.28884727017438244
Home,10,1,2973,118.92,0.88643,0.31688,93.07515000000001,21.54784,0.04000000000000625,1.0,True,True,-0.05354999999998711,0.010200000000001097,0.05451277373238901,1.3628193433095122,93.07455,21.548034285714287,-0.05639999999999645,0.010394285714284024,0.05734981408435226,1.4337453521085823,0.06992911301373933
Home,10,1,2974,118.96,0.88591,0.31702,93.02055,21.557360000000003,0.03999999999999204,1.0,True,True,-0.05460000000000775,0.009520000000001971,0.055423734987827045,1.3855933746959517,93.0177,21.558817142857144,-0.05684999999999718,0.010782857142856983,0.05786356805592739,1.4465892013984727,0.3210962322473227
Home,10,1,2975,119.0,0.88537,0.31716,92.96385,21.56688,0.04000000000000625,1.0,True,True,-0.05670000000000641,0.009519999999998419,0.057493655302134836,1.4373413825531463,92.96055,21.57008571428571,-0.05715000000000714,0.011268571428566077,0.05825034937269914,1.4562587343172508,0.24173832296941586
Home,10,1,2976,119.04,0.8848,0.31736,92.904,21.580479999999998,0.04000000000000625,1.0,True,True,-0.059849999999997294,0.013599999999996726,0.061375748467937946,1.5343937116982087,92.904,21.581257142857144,-0.05655000000000143,0.011171428571433495,0.05764289476012462,1.4410723690028904,-0.3796591328589522
Home,10,1,2977,119.08,0.88424,0.31755,92.8452,21.5934,0.03999999999999204,1.0,True,True,-0.05879999999999086,0.012920000000001153,0.06020271090240833,1.5050677725605077,92.8473,21.592137142857144,-0.0566999999999922,0.010880000000000223,0.057734429935690196,1.4433607483925421,0.05720948474130544
Home,10,1,2978,119.12,0.88368,0.31775,92.7864,21.607,0.04000000000000625,1.0,True,True,-0.05880000000000507,0.013600000000000279,0.06035229904486327,1.508807476121346,92.7903,21.603405714285714,-0.05700000000000216,0.01126857142856963,0.05810319011931291,1.4525797529825957,0.2304751147513024
Home,10,1,2979,119.16,0.88317,0.31788,92.73285,21.61584,0.03999999999999204,1.0,True,True,-0.05355000000000132,0.008839999999999293,0.05427474642962534,1.3568686607409035,92.7333,21.615159999999996,-0.05700000000000216,0.011754285714282275,0.058199340482974773,1.4549835120746588,0.06009397730159046
Home,10,1,2980,119.2,0.88265,0.318,92.67825,21.624,0.04000000000000625,1.0,True,True,-0.05459999999999354,0.008160000000000167,0.05520639093437731,1.380159773359217,92.67645000000002,21.627399999999998,-0.05684999999998297,0.012240000000002027,0.05815273080430629,1.45381827010743,-0.02913104918071496
Home,10,1,2981,119.24,0.88211,0.31818,92.62155,21.63624,0.03999999999999204,1.0,True,True,-0.05670000000000641,0.012240000000002027,0.05800609967926457,1.4501524919819027,92.61959999999999,21.640222857142856,-0.0568500000000256,0.012822857142857913,0.05827819631139122,1.4569549077850705,0.07841594194102802
Home,10,1,2982,119.28,0.88157,0.31837,92.56484999999999,21.64916,0.04000000000000625,1.0,True,True,-0.05670000000000641,0.0129199999999976,0.0581533868317286,1.4538346707929877,92.5626,21.653434285714287,-0.05699999999998795,0.013211428571430872,0.0585110403675806,1.4627760091892863,0.14552753510537142
Home,10,1,2983,119.32,0.88101,0.31862,92.50605,21.66616,0.03999999999999204,1.0,True,True,-0.05879999999999086,0.017000000000003013,0.06120816938937994,1.5302042347348028,92.505,21.667714285714286,-0.05760000000000787,0.014279999999999404,0.05934373092417504,1.483593273104671,0.5204315978847222
Home,10,1,2984,119.36,0.88045,0.31887,92.44725,21.68316,0.04000000000000625,1.0,True,True,-0.05880000000000507,0.01699999999999946,0.0612081693893926,1.530204234734576,92.44695,21.683159999999997,-0.058049999999994384,0.015445714285711176,0.06006973106145199,1.501743276536065,0.4537500857847777
Home,10,1,2985,119.4,0.87988,0.31911,92.3874,21.69948,0.04000000000000625,1.0,True,True,-0.059849999999997294,0.016320000000000334,0.06203519081940256,1.5508797704848214,92.38875,21.69909142857143,-0.05819999999999936,0.015931428571430928,0.0603411171285926,1.5085279282145792,0.1696162919628276
Home,10,1,2986,119.44,0.87933,0.31935,92.32965,21.7158,0.03999999999999204,1.0,True,True,-0.057749999999998636,0.016320000000000334,0.060011706358008635,1.5002926589505143,92.33040000000001,21.715411428571432,-0.05834999999999013,0.016320000000003887,0.06058931341415725,1.5147328353542326,0.15512267849136818
Home,10,1,2987,119.48,0.87878,0.31959,92.2719,21.73212,0.04000000000000625,1.0,True,True,-0.057749999999998636,0.01631999999999678,0.06001170635800766,1.500292658949957,92.2722,21.73144,-0.058200000000013574,0.016028571428567062,0.0603668377674552,1.509170944186144,-0.13904727920219287
Home,10,1,2988,119.52,0.87823,0.31982,92.21414999999999,21.74776,0.03999999999999204,1.0,True,True,-0.05775000000001285,0.01564000000000121,0.0598303610218217,1.4957590255458402,92.21445000000001,21.747177142857144,-0.057749999999984425,0.01573714285714445,0.05985582816488611,1.4963957041224505,-0.31938100159240285
Home,10,1,2989,119.56,0.87768,0.32005,92.1564,21.7634,0.04000000000000625,1.0,True,True,-0.057749999999984425,0.01564000000000121,0.059830361021794266,1.495759025544623,92.15745,21.762039999999995,-0.05700000000001637,0.014862857142851738,0.05890589548127322,1.4726473870316004,-0.5937079272711603
Home,10,1,2990,119.6,0.87713,0.32027,92.09864999999999,21.77836,0.03999999999999204,1.0,True,True,-0.05775000000001285,0.01495999999999853,0.05965621593766604,1.4914053984419477,92.10090000000001,21.775834285714286,-0.05654999999998722,0.01379428571429031,0.05820811643032291,1.4552029107583624,-0.4361119068310361
Home,10,1,2991,119.64,0.8766,0.32049,92.043,21.79332,0.04000000000000625,1.0,True,True,-0.055649999999985766,0.014960000000002083,0.05762572429044582,1.4406431072609205,92.04495,21.788657142857144,-0.055950000000009936,0.012822857142857913,0.05740059377138231,1.4350148442843336,-0.5047016618506416
Home,10,1,2992,119.68,0.87608,0.32064,91.9884,21.80352,0.04000000000000625,1.0,True,True,-0.05460000000000775,0.010199999999997544,0.055544576692966134,1.3886144173239363,91.98945,21.801285714285715,-0.055499999999995,0.012628571428571433,0.056918633296364166,1.4229658324088816,-0.3012252968862512
