match_id,method,rank,estimate
J03WMX,primary,1,0.09967264044698851
J03WMX,primary,2,0.03640356186183129
J03WMX,primary,3,0.01773764328876816
J03WMX,primary,4,0.00763109258882233
J03WMX,primary,5,0.010860449208471387
J03WMX,primary,6,-0.021186992484996958
J03WMX,primary,7,-0.021705575752957007
J03WMX,primary,8,-0.030654011552915757
J03WMX,primary,9,-0.0355739965334302
J03WMX,primary,10,-0.03746754169540828
J03WMX,sensitivity,1,0.09983525032638585
J03WMX,sensitivity,2,0.036574868281906564
J03WMX,sensitivity,3,0.01770121636350013
J03WMX,sensitivity,4,0.00756398373021705
J03WMX,sensitivity,5,0.010786777481779437
J03WMX,sensitivity,6,-0.021121639852234447
J03WMX,sensitivity,7,-0.02167326408007444
J03WMX,sensitivity,8,-0.030699370462231694
J03WMX,sensitivity,9,-0.03567400033453029
J03WMX,sensitivity,10,-0.0375502976677589
J03WN1,primary,1,0.13512074954277606
J03WN1,primary,2,0.04153098580879464
J03WN1,primary,3,0.04006369138593076
J03WN1,primary,4,-0.004457484550300983
J03WN1,primary,5,-0.00021638903109615082
J03WN1,primary,6,-0.015411657632998094
J03WN1,primary,7,-0.023328244861037017
J03WN1,primary,8,-0.03144021567085186
J03WN1,primary,9,-0.04440787519888535
J03WN1,primary,10,-0.053111320424324746
J03WN1,sensitivity,1,0.1355285631144949
J03WN1,sensitivity,2,0.04138585456079175
J03WN1,sensitivity,3,0.03987386225057827
J03WN1,sensitivity,4,-0.004603895810521397
J03WN1,sensitivity,5,2.1346840864980288e-05
J03WN1,sensitivity,6,-0.015490600125131877
J03WN1,sensitivity,7,-0.023528419454818553
J03WN1,sensitivity,8,-0.031420518931005635
J03WN1,sensitivity,9,-0.04455772581452003
J03WN1,sensitivity,10,-0.05304595777389294
J03WOH,primary,1,0.1176431010917934
J03WOH,primary,2,0.04132294602878686
J03WOH,primary,3,0.02213018279774273
J03WOH,primary,4,0.013717498774582193
J03WOH,primary,5,-0.013493479335583758
J03WOH,primary,6,-0.01010847967892687
J03WOH,primary,7,-0.01607507183650144
J03WOH,primary,8,-0.02864729282642215
J03WOH,primary,9,-0.03115730389421833
J03WOH,primary,10,-0.04527299641529418
J03WOH,sensitivity,1,0.11691012440848997
J03WOH,sensitivity,2,0.0407992553148344
J03WOH,sensitivity,3,0.022003216600643683
J03WOH,sensitivity,4,0.013744831437864386
J03WOH,sensitivity,5,-0.013322011183030363
J03WOH,sensitivity,6,-0.010036392049496273
J03WOH,sensitivity,7,-0.016095219545535788
J03WOH,sensitivity,8,-0.028451519591804444
J03WOH,sensitivity,9,-0.030930312812342806
J03WOH,sensitivity,10,-0.04481160260647399
J03WOY,primary,1,0.1052451518553829
J03WOY,primary,2,0.03520801929604894
J03WOY,primary,3,0.01449023301875415
J03WOY,primary,4,-0.002988366086609462
J03WOY,primary,5,0.0022360350323165426
J03WOY,primary,6,-0.013984809016700094
J03WOY,primary,7,-0.020045675329802094
J03WOY,primary,8,-0.02660908972944432
J03WOY,primary,9,-0.028550380361934292
J03WOY,primary,10,-0.02454265352738123
J03WOY,sensitivity,1,0.10387590095108708
J03WOY,sensitivity,2,0.034625617440204384
J03WOY,sensitivity,3,0.01415439049214514
J03WOY,sensitivity,4,-0.0029295383727329927
J03WOY,sensitivity,5,0.0021579770768782444
J03WOY,sensitivity,6,-0.013970006078458198
J03WOY,sensitivity,7,-0.01964928474477587
J03WOY,sensitivity,8,-0.026195232426199158
J03WOY,sensitivity,9,-0.028198807543658232
J03WOY,sensitivity,10,-0.0238555020917685
J03WPY,primary,1,0.10690053738984391
J03WPY,primary,2,0.03736938876919792
J03WPY,primary,3,0.015711118126454978
J03WPY,primary,4,0.0031201803522053206
J03WPY,primary,5,-0.0210658223757193
J03WPY,primary,6,-0.008378220983202851
J03WPY,primary,7,-0.015392068172424986
J03WPY,primary,8,-0.032071266160590306
J03WPY,primary,9,-0.018276894410659716
J03WPY,primary,10,-0.024039767611470086
J03WPY,sensitivity,1,0.1060781193606662
J03WPY,sensitivity,2,0.03720687715705452
J03WPY,sensitivity,3,0.014758046912007139
J03WPY,sensitivity,4,0.003305245147878569
J03WPY,sensitivity,5,-0.02051939105996739
J03WPY,sensitivity,6,-0.008200463391260921
J03WPY,sensitivity,7,-0.015402700956284446
J03WPY,sensitivity,8,-0.03173104057113642
J03WPY,sensitivity,9,-0.017854429983629294
J03WPY,sensitivity,10,-0.02378180485157308
J03WQQ,primary,1,0.11458723850700742
J03WQQ,primary,2,0.0362341450577731
J03WQQ,primary,3,0.020959509716656118
J03WQQ,primary,4,-0.0007327251165616805
J03WQQ,primary,5,-0.006270344525647176
J03WQQ,primary,6,-0.02274510842702281
J03WQQ,primary,7,-0.024073716188485597
J03WQQ,primary,8,-0.03279917312857994
J03WQQ,primary,9,-0.029819090322216885
J03WQQ,primary,10,-0.030137527496298284
J03WQQ,sensitivity,1,0.11412795489591927
J03WQQ,sensitivity,2,0.03556146977077938
J03WQQ,sensitivity,3,0.02133772456214089
J03WQQ,sensitivity,4,-0.0003283870390022453
J03WQQ,sensitivity,5,-0.006193406849984706
J03WQQ,sensitivity,6,-0.022568250281453074
J03WQQ,sensitivity,7,-0.0239332540544697
J03WQQ,sensitivity,8,-0.032617977282036824
J03WQQ,sensitivity,9,-0.02992078741749661
J03WQQ,sensitivity,10,-0.030104161932129135
J03WR9,primary,1,0.10792988492268757
J03WR9,primary,2,0.027138328179432493
J03WR9,primary,3,0.02170621383098789
J03WR9,primary,4,-0.003005899921591778
J03WR9,primary,5,-0.01377079133791714
J03WR9,primary,6,-0.012042568149947745
J03WR9,primary,7,-0.02001401466975218
J03WR9,primary,8,-0.033787004615363964
J03WR9,primary,9,-0.018454940495359277
J03WR9,primary,10,-0.02086994262605158
J03WR9,sensitivity,1,0.10623861905976789
J03WR9,sensitivity,2,0.0267069698247233
J03WR9,sensitivity,3,0.02112318750148781
J03WR9,sensitivity,4,-0.0029192713065784096
J03WR9,sensitivity,5,-0.013784862681059523
J03WR9,sensitivity,6,-0.012029786887839913
J03WR9,sensitivity,7,-0.01971374449281453
J03WR9,sensitivity,8,-0.033135117251216206
J03WR9,sensitivity,9,-0.018086914436903405
J03WR9,sensitivity,10,-0.02037127667853332
