heldout_match,model,alpha,inner_macro_mae_by_alpha,retained_features,solver
J03WMX,E0,100.0,"{""0.01"": 0.9350831935373752, ""0.1"": 0.9350831890106276, ""1.0"": 0.9350831437448712, ""10.0"": 0.9350826912593643, ""100.0"": 0.935078199407533}","[""attacker_path_exposure_m"", ""attacker_path_prior_m""]",solve
J03WMX,E1,100.0,"{""0.01"": 0.916120684804441, ""0.1"": 0.9161206530572509, ""1.0"": 0.9161203357409927, ""10.0"": 0.9161171637959374, ""100.0"": 0.9160858804741534}","[""attacker_path_exposure_m"", ""attacker_path_prior_m"", ""attacker_goalward_displacement_m"", ""attacker_outward_displacement_m"", ""attacker_minus_unit_goalward_m"", ""attacker_minus_unit_outward_m"", ""defending_unit_depth_m"", ""defending_unit_width_m"", ""attacker_ball_distance_start_m"", ""ball_minus_unit_goalward_m"", ""ball_minus_unit_outward_m"", ""attacker_ball_distance_change_m""]",solve
J03WMX,E1_minus_movement_direction,100.0,"{""0.01"": 0.9187255584752404, ""0.1"": 0.9187255259237973, ""1.0"": 0.9187252004208727, ""10.0"": 0.9187219533715508, ""100.0"": 0.9186898125486421}","[""attacker_path_exposure_m"", ""attacker_path_prior_m"", ""attacker_minus_unit_goalward_m"", ""attacker_minus_unit_outward_m"", ""defending_unit_depth_m"", ""defending_unit_width_m"", ""attacker_ball_distance_start_m"", ""ball_minus_unit_goalward_m"", ""ball_minus_unit_outward_m"", ""attacker_ball_distance_change_m""]",solve
J03WMX,E1_minus_start_position,100.0,"{""0.01"": 0.9253321984069257, ""0.1"": 0.9253321829687037, ""1.0"": 0.9253320285914075, ""10.0"": 0.9253304873771805, ""100.0"": 0.925315352454855}","[""attacker_path_exposure_m"", ""attacker_path_prior_m"", ""attacker_goalward_displacement_m"", ""attacker_outward_displacement_m"", ""attacker_ball_distance_start_m"", ""ball_minus_unit_goalward_m"", ""ball_minus_unit_outward_m"", ""attacker_ball_distance_change_m""]",solve
J03WMX,E1_minus_ball_geometry,100.0,"{""0.01"": 0.9258054119780693, ""0.1"": 0.9258053968195948, ""1.0"": 0.9258052452408619, ""10.0"": 0.9258037301705091, ""100.0"": 0.9257889574525011}","[""attacker_path_exposure_m"", ""attacker_path_prior_m"", ""attacker_goalward_displacement_m"", ""attacker_outward_displacement_m"", ""attacker_minus_unit_goalward_m"", ""attacker_minus_unit_outward_m"", ""defending_unit_depth_m"", ""defending_unit_width_m""]",solve
J03WN1,E0,100.0,"{""0.01"": 0.9362598238651452, ""0.1"": 0.9362598207135808, ""1.0"": 0.9362597891991259, ""10.0"": 0.9362594741733599, ""100.0"": 0.9362563417761297}","[""attacker_path_exposure_m"", ""attacker_path_prior_m""]",solve
J03WN1,E1,100.0,"{""0.01"": 0.9162611212268367, ""0.1"": 0.9162610909599572, ""1.0"": 0.9162607883012978, ""10.0"": 0.9162577628251568, ""100.0"": 0.9162279324846131}","[""attacker_path_exposure_m"", ""attacker_path_prior_m"", ""attacker_goalward_displacement_m"", ""attacker_outward_displacement_m"", ""attacker_minus_unit_goalward_m"", ""attacker_minus_unit_outward_m"", ""defending_unit_depth_m"", ""defending_unit_width_m"", ""attacker_ball_distance_start_m"", ""ball_minus_unit_goalward_m"", ""ball_minus_unit_outward_m"", ""attacker_ball_distance_change_m""]",solve
J03WN1,E1_minus_movement_direction,100.0,"{""0.01"": 0.918694258421992, ""0.1"": 0.9186942285159425, ""1.0"": 0.9186939294646254, ""10.0"": 0.9186909402447619, ""100.0"": 0.9186612542366764}","[""attacker_path_exposure_m"", ""attacker_path_prior_m"", ""attacker_minus_unit_goalward_m"", ""attacker_minus_unit_outward_m"", ""defending_unit_depth_m"", ""defending_unit_width_m"", ""attacker_ball_distance_start_m"", ""ball_minus_unit_goalward_m"", ""ball_minus_unit_outward_m"", ""attacker_ball_distance_change_m""]",solve
J03WN1,E1_minus_start_position,100.0,"{""0.01"": 0.9259883454552633, ""0.1"": 0.9259883313339775, ""1.0"": 0.9259881901252259, ""10.0"": 0.9259867804384748, ""100.0"": 0.9259729165377468}","[""attacker_path_exposure_m"", ""attacker_path_prior_m"", ""attacker_goalward_displacement_m"", ""attacker_outward_displacement_m"", ""attacker_ball_distance_start_m"", ""ball_minus_unit_goalward_m"", ""ball_minus_unit_outward_m"", ""attacker_ball_distance_change_m""]",solve
J03WN1,E1_minus_ball_geometry,100.0,"{""0.01"": 0.9267395271285146, ""0.1"": 0.9267395130991215, ""1.0"": 0.9267393728098158, ""10.0"": 0.9267379722745505, ""100.0"": 0.926724151837492}","[""attacker_path_exposure_m"", ""attacker_path_prior_m"", ""attacker_goalward_displacement_m"", ""attacker_outward_displacement_m"", ""attacker_minus_unit_goalward_m"", ""attacker_minus_unit_outward_m"", ""defending_unit_depth_m"", ""defending_unit_width_m""]",solve
J03WOH,E0,100.0,"{""0.01"": 0.9375683455046281, ""0.1"": 0.9375683422143556, ""1.0"": 0.9375683093128607, ""10.0"": 0.9375679804207336, ""100.0"": 0.9375647362824776}","[""attacker_path_exposure_m"", ""attacker_path_prior_m""]",solve
J03WOH,E1,100.0,"{""0.01"": 0.9168811930459215, ""0.1"": 0.9168811598638071, ""1.0"": 0.9168808280555294, ""10.0"": 0.9168775166860348, ""100.0"": 0.9168449480357069}","[""attacker_path_exposure_m"", ""attacker_path_prior_m"", ""attacker_goalward_displacement_m"", ""attacker_outward_displacement_m"", ""attacker_minus_unit_goalward_m"", ""attacker_minus_unit_outward_m"", ""defending_unit_depth_m"", ""defending_unit_width_m"", ""attacker_ball_distance_start_m"", ""ball_minus_unit_goalward_m"", ""ball_minus_unit_outward_m"", ""attacker_ball_distance_change_m""]",solve
J03WOH,E1_minus_movement_direction,100.0,"{""0.01"": 0.9198913928468547, ""0.1"": 0.9198913594557863, ""1.0"": 0.9198910255567742, ""10.0"": 0.9198876918700676, ""100.0"": 0.9198546918104425}","[""attacker_path_exposure_m"", ""attacker_path_prior_m"", ""attacker_minus_unit_goalward_m"", ""attacker_minus_unit_outward_m"", ""defending_unit_depth_m"", ""defending_unit_width_m"", ""attacker_ball_distance_start_m"", ""ball_minus_unit_goalward_m"", ""ball_minus_unit_outward_m"", ""attacker_ball_distance_change_m""]",solve
J03WOH,E1_minus_start_position,100.0,"{""0.01"": 0.9268927249176601, ""0.1"": 0.9268927098109138, ""1.0"": 0.926892558748114, ""10.0"": 0.9268910522079613, ""100.0"": 0.926876161327579}","[""attacker_path_exposure_m"", ""attacker_path_prior_m"", ""attacker_goalward_displacement_m"", ""attacker_outward_displacement_m"", ""attacker_ball_distance_start_m"", ""ball_minus_unit_goalward_m"", ""ball_minus_unit_outward_m"", ""attacker_ball_distance_change_m""]",solve
J03WOH,E1_minus_ball_geometry,100.0,"{""0.01"": 0.9267422593230132, ""0.1"": 0.9267422438583557, ""1.0"": 0.9267420892181654, ""10.0"": 0.9267405436861296, ""100.0"": 0.9267253452852633}","[""attacker_path_exposure_m"", ""attacker_path_prior_m"", ""attacker_goalward_displacement_m"", ""attacker_outward_displacement_m"", ""attacker_minus_unit_goalward_m"", ""attacker_minus_unit_outward_m"", ""defending_unit_depth_m"", ""defending_unit_width_m""]",solve
J03WOY,E0,100.0,"{""0.01"": 0.9306515220923327, ""0.1"": 0.9306515177708649, ""1.0"": 0.9306514745580644, ""10.0"": 0.9306510437775314, ""100.0"": 0.9306467948191806}","[""attacker_path_exposure_m"", ""attacker_path_prior_m""]",solve
J03WOY,E1,100.0,"{""0.01"": 0.9113082713169476, ""0.1"": 0.911308240337975, ""1.0"": 0.9113079305598725, ""10.0"": 0.9113048358663808, ""100.0"": 0.9112744615047025}","[""attacker_path_exposure_m"", ""attacker_path_prior_m"", ""attacker_goalward_displacement_m"", ""attacker_outward_displacement_m"", ""attacker_minus_unit_goalward_m"", ""attacker_minus_unit_outward_m"", ""defending_unit_depth_m"", ""defending_unit_width_m"", ""attacker_ball_distance_start_m"", ""ball_minus_unit_goalward_m"", ""ball_minus_unit_outward_m"", ""attacker_ball_distance_change_m""]",solve
J03WOY,E1_minus_movement_direction,100.0,"{""0.01"": 0.9144153779323849, ""0.1"": 0.9144153460069057, ""1.0"": 0.9144150267629336, ""10.0"": 0.9144118358661517, ""100.0"": 0.9143803442264833}","[""attacker_path_exposure_m"", ""attacker_path_prior_m"", ""attacker_minus_unit_goalward_m"", ""attacker_minus_unit_outward_m"", ""defending_unit_depth_m"", ""defending_unit_width_m"", ""attacker_ball_distance_start_m"", ""ball_minus_unit_goalward_m"", ""ball_minus_unit_outward_m"", ""attacker_ball_distance_change_m""]",solve
J03WOY,E1_minus_start_position,100.0,"{""0.01"": 0.9197599798045712, ""0.1"": 0.9197599646453661, ""1.0"": 0.9197598130582142, ""10.0"": 0.9197583003135502, ""100.0"": 0.9197434213681787}","[""attacker_path_exposure_m"", ""attacker_path_prior_m"", ""attacker_goalward_displacement_m"", ""attacker_outward_displacement_m"", ""attacker_ball_distance_start_m"", ""ball_minus_unit_goalward_m"", ""ball_minus_unit_outward_m"", ""attacker_ball_distance_change_m""]",solve
J03WOY,E1_minus_ball_geometry,100.0,"{""0.01"": 0.9217114285628331, ""0.1"": 0.9217114125995812, ""1.0"": 0.921711252973849, ""10.0"": 0.9217096573946116, ""100.0"": 0.9216939025452335}","[""attacker_path_exposure_m"", ""attacker_path_prior_m"", ""attacker_goalward_displacement_m"", ""attacker_outward_displacement_m"", ""attacker_minus_unit_goalward_m"", ""attacker_minus_unit_outward_m"", ""defending_unit_depth_m"", ""defending_unit_width_m""]",solve
J03WPY,E0,100.0,"{""0.01"": 0.9355689271635268, ""0.1"": 0.9355689229270752, ""1.0"": 0.9355688805645895, ""10.0"": 0.935568457142554, ""100.0"": 0.935564283989342}","[""attacker_path_exposure_m"", ""attacker_path_prior_m""]",solve
J03WPY,E1,100.0,"{""0.01"": 0.9151441024308055, ""0.1"": 0.9151440708711855, ""1.0"": 0.9151437554523193, ""10.0"": 0.9151406068764897, ""100.0"": 0.9151097185099434}","[""attacker_path_exposure_m"", ""attacker_path_prior_m"", ""attacker_goalward_displacement_m"", ""attacker_outward_displacement_m"", ""attacker_minus_unit_goalward_m"", ""attacker_minus_unit_outward_m"", ""defending_unit_depth_m"", ""defending_unit_width_m"", ""attacker_ball_distance_start_m"", ""ball_minus_unit_goalward_m"", ""ball_minus_unit_outward_m"", ""attacker_ball_distance_change_m""]",solve
J03WPY,E1_minus_movement_direction,100.0,"{""0.01"": 0.9179125785556135, ""0.1"": 0.9179125459072512, ""1.0"": 0.9179122194350732, ""10.0"": 0.9179089558573629, ""100.0"": 0.917876870570581}","[""attacker_path_exposure_m"", ""attacker_path_prior_m"", ""attacker_minus_unit_goalward_m"", ""attacker_minus_unit_outward_m"", ""defending_unit_depth_m"", ""defending_unit_width_m"", ""attacker_ball_distance_start_m"", ""ball_minus_unit_goalward_m"", ""ball_minus_unit_outward_m"", ""attacker_ball_distance_change_m""]",solve
J03WPY,E1_minus_start_position,100.0,"{""0.01"": 0.9254105787635921, ""0.1"": 0.9254105635890286, ""1.0"": 0.9254104118485554, ""10.0"": 0.9254088949598654, ""100.0"": 0.9253938997023239}","[""attacker_path_exposure_m"", ""attacker_path_prior_m"", ""attacker_goalward_displacement_m"", ""attacker_outward_displacement_m"", ""attacker_ball_distance_start_m"", ""ball_minus_unit_goalward_m"", ""ball_minus_unit_outward_m"", ""attacker_ball_distance_change_m""]",solve
J03WPY,E1_minus_ball_geometry,100.0,"{""0.01"": 0.9259155682455003, ""0.1"": 0.9259155517501415, ""1.0"": 0.9259153868035571, ""10.0"": 0.9259137380374595, ""100.0"": 0.9258975294289904}","[""attacker_path_exposure_m"", ""attacker_path_prior_m"", ""attacker_goalward_displacement_m"", ""attacker_outward_displacement_m"", ""attacker_minus_unit_goalward_m"", ""attacker_minus_unit_outward_m"", ""defending_unit_depth_m"", ""defending_unit_width_m""]",solve
J03WQQ,E0,100.0,"{""0.01"": 0.9258597568536211, ""0.1"": 0.9258597520145941, ""1.0"": 0.925859703626592, ""10.0"": 0.9258592199730997, ""100.0"": 0.9258544188532839}","[""attacker_path_exposure_m"", ""attacker_path_prior_m""]",solve
J03WQQ,E1,100.0,"{""0.01"": 0.906525776342929, ""0.1"": 0.9065257491432761, ""1.0"": 0.9065254771568888, ""10.0"": 0.9065227588776187, ""100.0"": 0.9064960800492942}","[""attacker_path_exposure_m"", ""attacker_path_prior_m"", ""attacker_goalward_displacement_m"", ""attacker_outward_displacement_m"", ""attacker_minus_unit_goalward_m"", ""attacker_minus_unit_outward_m"", ""defending_unit_depth_m"", ""defending_unit_width_m"", ""attacker_ball_distance_start_m"", ""ball_minus_unit_goalward_m"", ""ball_minus_unit_outward_m"", ""attacker_ball_distance_change_m""]",solve
J03WQQ,E1_minus_movement_direction,100.0,"{""0.01"": 0.9096859181392176, ""0.1"": 0.9096858893783711, ""1.0"": 0.9096856017794989, ""10.0"": 0.9096827267495856, ""100.0"": 0.9096542902693612}","[""attacker_path_exposure_m"", ""attacker_path_prior_m"", ""attacker_minus_unit_goalward_m"", ""attacker_minus_unit_outward_m"", ""defending_unit_depth_m"", ""defending_unit_width_m"", ""attacker_ball_distance_start_m"", ""ball_minus_unit_goalward_m"", ""ball_minus_unit_outward_m"", ""attacker_ball_distance_change_m""]",solve
J03WQQ,E1_minus_start_position,100.0,"{""0.01"": 0.9160954445133962, ""0.1"": 0.9160954301826795, ""1.0"": 0.916095286880357, ""10.0"": 0.91609385829128, ""100.0"": 0.9160798328411497}","[""attacker_path_exposure_m"", ""attacker_path_prior_m"", ""attacker_goalward_displacement_m"", ""attacker_outward_displacement_m"", ""attacker_ball_distance_start_m"", ""ball_minus_unit_goalward_m"", ""ball_minus_unit_outward_m"", ""attacker_ball_distance_change_m""]",solve
J03WQQ,E1_minus_ball_geometry,100.0,"{""0.01"": 0.9158495729509207, ""0.1"": 0.9158495567634062, ""1.0"": 0.9158493948949004, ""10.0"": 0.9158477768737326, ""100.0"": 0.9158317996389029}","[""attacker_path_exposure_m"", ""attacker_path_prior_m"", ""attacker_goalward_displacement_m"", ""attacker_outward_displacement_m"", ""attacker_minus_unit_goalward_m"", ""attacker_minus_unit_outward_m"", ""defending_unit_depth_m"", ""defending_unit_width_m""]",solve
J03WR9,E0,100.0,"{""0.01"": 0.9302563516146187, ""0.1"": 0.9302563466054624, ""1.0"": 0.9302562965161769, ""10.0"": 0.9302557961841195, ""100.0"": 0.9302509097557635}","[""attacker_path_exposure_m"", ""attacker_path_prior_m""]",solve
J03WR9,E1,100.0,"{""0.01"": 0.9107080741703436, ""0.1"": 0.9107080415207292, ""1.0"": 0.9107077150378222, ""10.0"": 0.9107044520630837, ""100.0"": 0.9106726880165553}","[""attacker_path_exposure_m"", ""attacker_path_prior_m"", ""attacker_goalward_displacement_m"", ""attacker_outward_displacement_m"", ""attacker_minus_unit_goalward_m"", ""attacker_minus_unit_outward_m"", ""defending_unit_depth_m"", ""defending_unit_width_m"", ""attacker_ball_distance_start_m"", ""ball_minus_unit_goalward_m"", ""ball_minus_unit_outward_m"", ""attacker_ball_distance_change_m""]",solve
J03WR9,E1_minus_movement_direction,100.0,"{""0.01"": 0.9133659678844372, ""0.1"": 0.9133659354071243, ""1.0"": 0.91336561082641, ""10.0"": 0.9133623673237866, ""100.0"": 0.9133303855726878}","[""attacker_path_exposure_m"", ""attacker_path_prior_m"", ""attacker_minus_unit_goalward_m"", ""attacker_minus_unit_outward_m"", ""defending_unit_depth_m"", ""defending_unit_width_m"", ""attacker_ball_distance_start_m"", ""ball_minus_unit_goalward_m"", ""ball_minus_unit_outward_m"", ""attacker_ball_distance_change_m""]",solve
J03WR9,E1_minus_start_position,100.0,"{""0.01"": 0.9204134833424834, ""0.1"": 0.9204134669362719, ""1.0"": 0.9204133028801259, ""10.0"": 0.92041166306439, ""100.0"": 0.9203955741235251}","[""attacker_path_exposure_m"", ""attacker_path_prior_m"", ""attacker_goalward_displacement_m"", ""attacker_outward_displacement_m"", ""attacker_ball_distance_start_m"", ""ball_minus_unit_goalward_m"", ""ball_minus_unit_outward_m"", ""attacker_ball_distance_change_m""]",solve
J03WR9,E1_minus_ball_geometry,100.0,"{""0.01"": 0.9211043020048222, ""0.1"": 0.9211042839776199, ""1.0"": 0.9211041039401616, ""10.0"": 0.9211023046970429, ""100.0"": 0.9210845370168307}","[""attacker_path_exposure_m"", ""attacker_path_prior_m"", ""attacker_goalward_displacement_m"", ""attacker_outward_displacement_m"", ""attacker_minus_unit_goalward_m"", ""attacker_minus_unit_outward_m"", ""defending_unit_depth_m"", ""defending_unit_width_m""]",solve
