match_id,variable,near_median,near_q1,near_q3,middle_median,middle_q1,middle_q3,standardized_difference,matches,median_match_standardized_difference,q1_match_standardized_difference,q3_match_standardized_difference,positive_matches,negative_matches,same_sign_matches
J03WMX,attacker_abs_lateral_offset_from_centroid_m,9.76885720662,4.63528571129,16.3871424368,9.76885720662,4.63528571129,16.3871424368,-2.07993966744e-16,9,0,-1.99554850553e-16,0,1,3,3
J03WMX,attacker_defender_start_distance_m,10.0549254745,5.9952371041,15.271725079,21.9323093266,16.2614321883,28.7201211451,-1.4049145126,9,-1.4805641503,-1.52810032904,-1.41343213316,0,9,9
J03WMX,attacker_goalward_offset_from_centroid_m,-6.61171408381,-15.4135714156,3.82385714054,-6.61171408381,-15.4135714156,3.82385714054,0,9,0,0,7.45652679375e-17,4,2,4
J03WMX,ball_abs_lateral_offset_from_centroid_m,12.3549982412,5.87385695917,17.9447140268,12.3549982412,5.87385695917,17.9447140268,2.33871359219e-16,9,0,-2.2762364796e-16,2.28438121718e-16,3,3,3
J03WMX,ball_defender_distance_m,21.842017191,13.133477545,33.0417965512,21.7381154349,13.5531288564,31.99979604,0.0229978001919,9,-0.000855850062246,-0.029216940085,0.0157880180517,3,6,6
J03WMX,ball_goalward_offset_from_centroid_m,-3.31099974769,-15.174714429,8.87714293344,-3.31099974769,-15.174714429,8.87714293344,-2.50247544285e-17,9,2.0972275832e-17,-2.50247544285e-17,3.11611781121e-17,6,3,6
J03WMX,defender_abs_lateral_offset_from_centroid_m,7.55514329842,3.73342858383,13.3552850051,7.10271409239,3.54871422478,12.2237497781,0.0840812139496,9,0.0840812139496,0.033252843571,0.097744312508,9,0,9
J03WMX,defender_centroid_distance_m,13.6121749424,8.77632898773,18.6358983459,12.2037436167,7.66516368655,17.4003920973,0.177011186173,9,0.166664895911,0.14947607846,0.177201166568,9,0,9
J03WMX,defender_fixed_x_m,2.18857148715,-13.8649999755,19.0771427155,2.93714284897,-13.7271427427,20.0699999673,-0.0202440338793,9,0.00339160718295,-0.0202440338793,0.0181144104085,5,4,5
J03WMX,defender_fixed_y_m,-0.508571428912,-11.1542857034,10.5257143293,-0.84999999404,-11.6257141658,9.9942855835,0.0264964923952,9,0.0128834512765,-0.0151126624008,0.0264964923952,6,3,6
J03WMX,defender_goalward_offset_from_centroid_m,-3.25314289502,-10.1528573377,4.68428568414,1.47721438323,-6.65342932556,7.69357155391,-0.330701089558,9,-0.33837393481,-0.367985800146,-0.326760362427,0,9,9
J03WMX,defender_lateral_offset_from_centroid_m,-0.25271427972,-7.62571460009,7.47142885072,-0.71628604957,-7.38628572736,6.69328569685,0.0376441023201,9,0.0177194169715,-0.0205472626054,0.0376441023201,6,3,6
J03WMX,defender_own_goal_depth_m,50.2628571306,34.5957142966,67.3571429934,46.7414285796,30.799999782,63.3400000163,0.144951947706,9,0.151199601843,0.14722473907,0.158645867403,9,0,9
J03WMX,local_two_neighbor_mean_distance_m,10.4450724374,7.69139194431,13.3799760228,10.1558229699,7.43209007734,12.9300407735,0.0961809311132,9,0.0637238532167,0.0461808573277,0.0858829746789,9,0,9
J03WMX,prior_absolute_path_m,3.29370213178,2.16868333367,5.96272347137,3.31265124602,2.12486528985,5.98829517896,0.00089982646865,9,-0.00152729016791,-0.00725503015215,0.00547821257394,4,5,5
J03WMX,prior_attacker_path_m,3.07181004885,2.00103040775,5.39209575065,3.07181004885,2.00103040775,5.39209575065,0,9,0,0,0,1,1,1
J03WMX,prior_defensive_centroid_path_m,2.70866058068,1.24717178688,4.85430746208,2.70866058068,1.24717178688,4.85430746208,0,9,0,0,0,1,0,1
J03WMX,prior_focal_relative_path_m,2.37374127781,1.47335252691,3.65101715769,2.29162035932,1.42661911913,3.54082645965,0.0516574905046,9,0.042553620324,0.0330195469436,0.046608550189,9,0,9
J03WMX,prior_other_nine_mean_absolute_path_m,3.87432415532,2.24009504403,5.63446069649,3.89219102111,2.26050867003,5.63985474073,-0.000127739283742,9,0.00022909975558,-0.000889792176616,0.00105653690075,5,4,5
J03WMX,prior_terminal_speed_mps,1.59279345123,1.03015652484,3.03854768903,1.5959956059,0.994886128962,3.0459925565,-0.000113681335959,9,-0.00500566036727,-0.0136118063754,0.00279310220057,3,6,6
J03WMX,unit_depth_span_m,32.7971425738,27.4242853437,38.2799998692,32.7971425738,27.4242853437,38.2799998692,0,9,0,-3.48262362745e-16,0,0,3,3
J03WMX,unit_width_span_m,38.564285687,33.2828564644,42.7142848969,38.564285687,33.2828564644,42.7142848969,8.06574796814e-16,9,0,0,7.89271440125e-16,3,0,3
J03WN1,attacker_abs_lateral_offset_from_centroid_m,7.49249971254,3.6471071921,12.7753214334,7.49249971254,3.6471071921,12.7753214334,-2.56674885206e-16,9,0,-1.99554850553e-16,0,1,3,3
J03WN1,attacker_defender_start_distance_m,8.25577520189,4.90396947218,12.5666056885,18.6813561138,14.038433012,24.4743403394,-1.52810032904,9,-1.4805641503,-1.52810032904,-1.41343213316,0,9,9
J03WN1,attacker_goalward_offset_from_centroid_m,-6.5304997359,-14.0816784767,3.15435711571,-6.5304997359,-14.0816784767,3.15435711571,7.93977243765e-17,9,0,0,7.45652679375e-17,4,2,4
J03WN1,ball_abs_lateral_offset_from_centroid_m,11.7245714403,5.31985752838,16.2771438505,11.7245714403,5.31985752838,16.2771438505,-2.4284760514e-16,9,0,-2.2762364796e-16,2.28438121718e-16,3,3,3
J03WN1,ball_defender_distance_m,20.493191911,11.8717255944,30.4911265431,20.2036909489,12.4155955429,29.8823609578,0.0157880180517,9,-0.000855850062246,-0.029216940085,0.0157880180517,3,6,6
J03WN1,ball_goalward_offset_from_centroid_m,-1.19999980032,-11.3715715509,8.81700117929,-1.19999980032,-11.3715715509,8.81700117929,3.11611781121e-17,9,2.0972275832e-17,-2.50247544285e-17,3.11611781121e-17,6,3,6
J03WN1,defender_abs_lateral_offset_from_centroid_m,5.9919998319,2.8598573276,10.5488570716,5.9002856476,2.67914280934,10.2545716286,0.033252843571,9,0.0840812139496,0.033252843571,0.097744312508,9,0,9
J03WN1,defender_centroid_distance_m,11.7788112894,7.62586964789,16.443049901,10.4474417799,6.76744756756,15.052294484,0.184738104893,9,0.166664895911,0.14947607846,0.177201166568,9,0,9
J03WN1,defender_fixed_x_m,-2.92000000817,-19.266785826,14.3400001526,-2.01214283705,-19.4828572954,14.4185714722,-0.00269503737524,9,0.00339160718295,-0.0202440338793,0.0181144104085,5,4,5
J03WN1,defender_fixed_y_m,-2.60999996322,-12.7357142653,6.1835714238,-2.86428560529,-13.355714253,6.17571422032,0.0139680371567,9,0.0128834512765,-0.0151126624008,0.0264964923952,6,3,6
J03WN1,defender_goalward_offset_from_centroid_m,-3.45528595448,-10.118428602,3.85907145898,1.23778605613,-5.68414392471,7.04228570546,-0.367985800146,9,-0.33837393481,-0.367985800146,-0.326760362427,0,9,9
J03WN1,defender_lateral_offset_from_centroid_m,0.107857197523,-5.95585711322,6.02664277303,-0.165571463108,-6.09557140895,5.71807153055,0.0225559438123,9,0.0177194169715,-0.0205472626054,0.0376441023201,6,3,6
J03WN1,defender_own_goal_depth_m,54.2599999905,38.2846427645,72.2274998937,50.9742857047,34.559285777,68.644285747,0.151199601843,9,0.151199601843,0.14722473907,0.158645867403,9,0,9
J03WN1,local_two_neighbor_mean_distance_m,8.55654080422,6.24266713516,11.4235216859,8.36897002212,6.1211971532,11.1193146612,0.0637238532167,9,0.0637238532167,0.0461808573277,0.0858829746789,9,0,9
J03WN1,prior_absolute_path_m,3.09118927778,2.0600807456,5.57290725551,3.12224134284,2.0913406352,5.61327230145,-0.00725503015215,9,-0.00152729016791,-0.00725503015215,0.00547821257394,4,5,5
J03WN1,prior_attacker_path_m,2.83542307773,1.73175164271,5.16460582511,2.83542307773,1.73175164271,5.16460582511,-1.59601444786e-16,9,0,0,0,1,1,1
J03WN1,prior_defensive_centroid_path_m,2.50413183609,1.38325532798,4.32632173815,2.50413183609,1.38325532798,4.32632173815,0,9,0,0,0,1,0,1
J03WN1,prior_focal_relative_path_m,2.26163898006,1.41738115522,3.57376165028,2.2235658799,1.3944004681,3.51967926699,0.0330195469436,9,0.042553620324,0.0330195469436,0.046608550189,9,0,9
J03WN1,prior_other_nine_mean_absolute_path_m,3.38476433331,2.25879475577,5.17880354964,3.38574811723,2.25762193607,5.20138878972,0.00105653690075,9,0.00022909975558,-0.000889792176616,0.00105653690075,5,4,5
J03WN1,prior_terminal_speed_mps,1.47988140469,0.961634817586,2.74628679057,1.5004251382,0.975464155093,2.75954977634,-0.0177421415333,9,-0.00500566036727,-0.0136118063754,0.00279310220057,3,6,6
J03WN1,unit_depth_span_m,30.9750001218,25.8442855562,36.4857147591,30.9750001218,25.8442855562,36.4857147591,-8.52138316147e-16,9,0,-3.48262362745e-16,0,0,3,3
J03WN1,unit_width_span_m,33.308570964,28.6785714967,38.1414286409,33.308570964,28.6785714967,38.1414286409,0,9,0,0,7.89271440125e-16,3,0,3
J03WOH,attacker_abs_lateral_offset_from_centroid_m,9.3162856698,4.49342857174,15.8158568961,9.3162856698,4.49342857174,15.8158568961,0,9,0,-1.99554850553e-16,0,1,3,3
J03WOH,attacker_defender_start_distance_m,9.91966869216,5.74576739491,15.0142360342,21.6275362302,16.0420594333,28.3211429267,-1.42772677738,9,-1.4805641503,-1.52810032904,-1.41343213316,0,9,9
J03WOH,attacker_goalward_offset_from_centroid_m,-6.0371429239,-15.0284287299,4.35814317976,-6.0371429239,-15.0284287299,4.35814317976,6.70838313854e-17,9,0,0,7.45652679375e-17,4,2,4
J03WOH,ball_abs_lateral_offset_from_centroid_m,11.9161429422,5.46299995439,18.1037141868,11.9161429422,5.46299995439,18.1037141868,2.28438121718e-16,9,0,-2.2762364796e-16,2.28438121718e-16,3,3,3
J03WOH,ball_defender_distance_m,24.1776902076,14.4722176744,35.8481018088,24.9610972628,15.0709503901,36.2548764377,-0.029216940085,9,-0.000855850062246,-0.029216940085,0.0157880180517,3,6,6
J03WOH,ball_goalward_offset_from_centroid_m,-4.58914299011,-18.8450000352,9.43042797021,-4.58914299011,-18.8450000352,9.43042797021,2.07351879058e-17,9,2.0972275832e-17,-2.50247544285e-17,3.11611781121e-17,6,3,6
J03WOH,defender_abs_lateral_offset_from_centroid_m,7.2572856456,3.83942852787,12.7652851607,7.13271430561,3.62328581555,12.7274290328,0.010200158918,9,0.0840812139496,0.033252843571,0.097744312508,9,0,9
J03WOH,defender_centroid_distance_m,14.0308794902,9.07304260702,18.9069853607,12.7839598153,8.14895047199,17.8914146684,0.144141585445,9,0.166664895911,0.14947607846,0.177201166568,9,0,9
J03WOH,defender_fixed_x_m,-0.722857151713,-17.2171429225,16.0114284243,-0.931428568704,-17.7971431187,15.8328569957,0.0181144104085,9,0.00339160718295,-0.0202440338793,0.0181144104085,5,4,5
J03WOH,defender_fixed_y_m,-2.54285710199,-12.4785714831,6.89142860685,-2.74285714967,-12.720000267,7.19285712923,0.0128834512765,9,0.0128834512765,-0.0151126624008,0.0264964923952,6,3,6
J03WOH,defender_goalward_offset_from_centroid_m,-3.47485734395,-11.1932861873,5.39485704558,1.556571361,-6.70264287293,8.37500001533,-0.324845923556,9,-0.33837393481,-0.367985800146,-0.326760362427,0,9,9
J03WOH,defender_lateral_offset_from_centroid_m,-1.17771419289,-7.7042858805,6.76985726016,-1.07457140854,-7.83200005719,6.47885710342,0.0177194169715,9,0.0177194169715,-0.0205472626054,0.0376441023201,6,3,6
J03WOH,defender_own_goal_depth_m,53.3028571521,38.4271429607,72.1828572409,49.6357142925,35.0642858233,68.4432142462,0.152989340571,9,0.151199601843,0.14722473907,0.158645867403,9,0,9
J03WOH,local_two_neighbor_mean_distance_m,10.3236572285,7.38990992015,13.472819949,10.1557346494,7.3992037011,13.2049402516,0.0232281106184,9,0.0637238532167,0.0461808573277,0.0858829746789,9,0,9
J03WOH,prior_absolute_path_m,3.22415454265,2.15807864535,6.06966109808,3.28882119535,2.19496950575,6.09496379256,-0.0177971527525,9,-0.00152729016791,-0.00725503015215,0.00547821257394,4,5,5
J03WOH,prior_attacker_path_m,3.13852738865,2.0624851318,5.71517301061,3.13852738865,2.0624851318,5.71517301061,0,9,0,0,0,1,1,1
J03WOH,prior_defensive_centroid_path_m,2.75058254205,1.37239912729,5.0406622783,2.75058254205,1.37239912729,5.0406622783,0,9,0,0,0,1,0,1
J03WOH,prior_focal_relative_path_m,2.28460636774,1.41661625558,3.60776309065,2.25919371505,1.41651734663,3.50025917735,0.0239597940898,9,0.042553620324,0.0330195469436,0.046608550189,9,0,9
J03WOH,prior_other_nine_mean_absolute_path_m,3.74824087657,2.33769873963,5.79529089975,3.7694238911,2.33281099766,5.8076169099,0.00252273155087,9,0.00022909975558,-0.000889792176616,0.00105653690075,5,4,5
J03WOH,prior_terminal_speed_mps,1.56532806436,1.01016121477,3.05142895231,1.58154410246,1.03632975834,3.08324417367,-0.0147661036461,9,-0.00500566036727,-0.0136118063754,0.00279310220057,3,6,6
J03WOH,unit_depth_span_m,34.1114286695,28.2728571211,41.2371428353,34.1114286695,28.2728571211,41.2371428353,0,9,0,-3.48262362745e-16,0,0,3,3
J03WOH,unit_width_span_m,37.9299997602,32.7199995858,43.1114286695,37.9299997602,32.7199995858,43.1114286695,0,9,0,0,7.89271440125e-16,3,0,3
J03WOY,attacker_abs_lateral_offset_from_centroid_m,9.41371433394,4.48171417032,15.8261428305,9.41371433394,4.48171417032,15.8261428305,0,9,0,-1.99554850553e-16,0,1,3,3
J03WOY,attacker_defender_start_distance_m,9.93553904342,5.82686915956,14.9101626313,21.6332172745,16.2342324631,28.2673156486,-1.41343213316,9,-1.4805641503,-1.52810032904,-1.41343213316,0,9,9
J03WOY,attacker_goalward_offset_from_centroid_m,-5.72899935586,-14.8542845726,4.23371429443,-5.72899935586,-14.8542845726,4.23371429443,-6.76342828653e-17,9,0,0,7.45652679375e-17,4,2,4
J03WOY,ball_abs_lateral_offset_from_centroid_m,11.0575714026,5.07785704104,17.5162855778,11.0575714026,5.07785704104,17.5162855778,-2.32005205331e-16,9,0,-2.2762364796e-16,2.28438121718e-16,3,3,3
J03WOY,ball_defender_distance_m,24.6961131585,14.584755846,35.4481608858,24.5006613348,15.2299138207,34.641343891,0.0169348744594,9,-0.000855850062246,-0.029216940085,0.0157880180517,3,6,6
J03WOY,ball_goalward_offset_from_centroid_m,-2.07457107135,-15.8605699267,12.9227128165,-2.07457107135,-15.8605699267,12.9227128165,2.0972275832e-17,9,2.0972275832e-17,-2.50247544285e-17,3.11611781121e-17,6,3,6
J03WOY,defender_abs_lateral_offset_from_centroid_m,7.32685715812,3.60228556224,12.9062855925,7.01085706949,3.48128562655,12.4933570853,0.0331100356964,9,0.0840812139496,0.033252843571,0.097744312508,9,0,9
J03WOY,defender_centroid_distance_m,13.4620443158,8.5995377569,18.591624667,12.2641131613,7.779375537,17.4915565475,0.138150313389,9,0.166664895911,0.14947607846,0.177201166568,9,0,9
J03WOY,defender_fixed_x_m,-2.76571430479,-17.9899997711,12.5300000054,-3.67000007629,-18.1928569249,13.2571430206,0.00339160718295,9,0.00339160718295,-0.0202440338793,0.0181144104085,5,4,5
J03WOY,defender_fixed_y_m,-1.13857141563,-11.8028572627,9.17857129233,-0.784285707133,-11.9300000327,9.10285731724,0.00433821437897,9,0.0128834512765,-0.0151126624008,0.0264964923952,6,3,6
J03WOY,defender_goalward_offset_from_centroid_m,-2.70471408708,-10.3194283892,5.38328572341,1.61628570727,-6.45257131372,7.86771424157,-0.304918610356,9,-0.33837393481,-0.367985800146,-0.326760362427,0,9,9
J03WOY,defender_lateral_offset_from_centroid_m,-0.765285621371,-7.33628617014,7.29200000678,-0.563571246181,-7.07914284388,6.90717862738,0.00604269387189,9,0.0177194169715,-0.0205472626054,0.0376441023201,6,3,6
J03WOY,defender_own_goal_depth_m,49.5371428898,34.8185713632,65.2414285115,45.9864285673,32.0871429443,61.7457143239,0.150328733435,9,0.151199601843,0.14722473907,0.158645867403,9,0,9
J03WOY,local_two_neighbor_mean_distance_m,10.3563834143,7.7581575982,13.2255934191,10.1307308254,7.59020361778,13.0139968498,0.0363910892115,9,0.0637238532167,0.0461808573277,0.0858829746789,9,0,9
J03WOY,prior_absolute_path_m,3.32800542302,2.18462886401,6.08445511335,3.32469083779,2.1732500807,6.06883150357,0.00891450882323,9,-0.00152729016791,-0.00725503015215,0.00547821257394,4,5,5
J03WOY,prior_attacker_path_m,3.19900715177,2.07443194886,5.72016709678,3.19900715177,2.07443194886,5.72016709678,0,9,0,0,0,1,1,1
J03WOY,prior_defensive_centroid_path_m,2.88703966891,1.37974967036,4.8683904017,2.88703966891,1.37974967036,4.8683904017,0,9,0,0,0,1,0,1
J03WOY,prior_focal_relative_path_m,2.31626609044,1.44238253047,3.65792791306,2.28929897423,1.41578322201,3.539236257,0.0432263070226,9,0.042553620324,0.0330195469436,0.046608550189,9,0,9
J03WOY,prior_other_nine_mean_absolute_path_m,3.86222677171,2.35036580895,5.66500777825,3.87381994509,2.36462430201,5.66862713668,-0.00127626114771,9,0.00022909975558,-0.000889792176616,0.00105653690075,5,4,5
J03WOY,prior_terminal_speed_mps,1.59918474177,1.03571755545,3.03718530613,1.60397376399,1.01582785101,3.02308194279,0.00968324676151,9,-0.00500566036727,-0.0136118063754,0.00279310220057,3,6,6
J03WOY,unit_depth_span_m,34.0514287267,27.5371423449,40.1142856053,34.0514287267,27.5371423449,40.1142856053,0,9,0,-3.48262362745e-16,0,0,3,3
J03WOY,unit_width_span_m,38.3742856979,32.8742858342,43.785713332,38.3742856979,32.8742858342,43.785713332,0,9,0,0,7.89271440125e-16,3,0,3
J03WPY,attacker_abs_lateral_offset_from_centroid_m,9.54942873887,4.43071419512,16.1134286199,9.54942873887,4.43071419512,16.1134286199,0,9,0,-1.99554850553e-16,0,1,3,3
J03WPY,attacker_defender_start_distance_m,9.6930871293,5.82051099562,14.3243291491,21.2589611044,16.09858423,27.6918601047,-1.50380592742,9,-1.4805641503,-1.52810032904,-1.41343213316,0,9,9
J03WPY,attacker_goalward_offset_from_centroid_m,-5.87300002064,-14.5130001689,3.50200010368,-5.87300002064,-14.5130001689,3.50200010368,7.45652679375e-17,9,0,0,7.45652679375e-17,4,2,4
J03WPY,ball_abs_lateral_offset_from_centroid_m,13.6485710757,5.67857151372,19.3088572298,13.6485710757,5.67857151372,19.3088572298,0,9,0,-2.2762364796e-16,2.28438121718e-16,3,3,3
J03WPY,ball_defender_distance_m,24.202854827,14.2891139532,34.4940859905,24.598256193,15.0926959505,34.0804456857,-0.000280023776326,9,-0.000855850062246,-0.029216940085,0.0157880180517,3,6,6
J03WPY,ball_goalward_offset_from_centroid_m,-6.74442755835,-17.0200001035,6.11957175391,-6.74442755835,-17.0200001035,6.11957175391,2.36511382985e-17,9,2.0972275832e-17,-2.50247544285e-17,3.11611781121e-17,6,3,6
J03WPY,defender_abs_lateral_offset_from_centroid_m,7.76885708485,3.91357144288,12.9610714648,7.35085719647,3.71739286376,12.2575711727,0.0658660207273,9,0.0840812139496,0.033252843571,0.097744312508,9,0,9
J03WPY,defender_centroid_distance_m,13.7585780002,8.88939702579,18.5388516513,12.5237485379,8.10148811608,17.2616123807,0.158280412212,9,0.166664895911,0.14947607846,0.177201166568,9,0,9
J03WPY,defender_fixed_x_m,0.5,-15.2821427754,15.8942856107,0.782142862678,-15.2885713577,17.4828572954,-0.0296637338012,9,0.00339160718295,-0.0202440338793,0.0181144104085,5,4,5
J03WPY,defender_fixed_y_m,-1.1285714422,-11.0728571756,7.72142859868,-0.957142863955,-10.4728572028,8.07428571156,-0.0179183346306,9,0.0128834512765,-0.0151126624008,0.0264964923952,6,3,6
J03WPY,defender_goalward_offset_from_centroid_m,-3.14285714967,-10.4404287679,5.14549965518,1.56307177458,-6.44199989183,8.13285719327,-0.326760362427,9,-0.33837393481,-0.367985800146,-0.326760362427,0,9,9
J03WPY,defender_lateral_offset_from_centroid_m,0.0464285509927,-7.76442857598,7.77035707959,0.409571494375,-7.06614289709,7.64171426041,-0.0231196955309,9,0.0177194169715,-0.0205472626054,0.0376441023201,6,3,6
J03WPY,defender_own_goal_depth_m,50.2457142557,36.4235715185,67.2757143293,46.8364285401,32.6971427373,64.1014285769,0.14722473907,9,0.151199601843,0.14722473907,0.158645867403,9,0,9
J03WPY,local_two_neighbor_mean_distance_m,10.4223016176,7.7275237786,13.1325514493,10.2002173211,7.63234206105,12.8566405965,0.0461808573277,9,0.0637238532167,0.0461808573277,0.0858829746789,9,0,9
J03WPY,prior_absolute_path_m,3.09918211924,1.98550343585,5.75370051694,3.16619841704,2.04213586844,5.78143579816,-0.0126500869849,9,-0.00152729016791,-0.00725503015215,0.00547821257394,4,5,5
J03WPY,prior_attacker_path_m,3.02404170551,1.84269278519,5.53353223918,3.02404170551,1.84269278519,5.53353223918,0,9,0,0,0,1,1,1
J03WPY,prior_defensive_centroid_path_m,2.67315089173,1.20593231422,4.76325183084,2.67315089173,1.20593231422,4.76325183084,3.74756428043e-16,9,0,0,0,1,0,1
J03WPY,prior_focal_relative_path_m,2.18538514437,1.33496060909,3.44876482963,2.14968589436,1.31893047411,3.37897152222,0.0262675499644,9,0.042553620324,0.0330195469436,0.046608550189,9,0,9
J03WPY,prior_other_nine_mean_absolute_path_m,3.62889479096,2.27453611548,5.50307073265,3.63053248096,2.26208560303,5.50820863142,0.0017799799956,9,0.00022909975558,-0.000889792176616,0.00105653690075,5,4,5
J03WPY,prior_terminal_speed_mps,1.49914863813,0.927196490824,2.93335659119,1.52634468229,0.952975542509,2.93661857579,-0.0120345074773,9,-0.00500566036727,-0.0136118063754,0.00279310220057,3,6,6
J03WPY,unit_depth_span_m,31.5400000981,26.8728568213,37.9042845156,31.5400000981,26.8728568213,37.9042845156,-8.73689648659e-16,9,0,-3.48262362745e-16,0,0,3,3
J03WPY,unit_width_span_m,38.8300001281,33.1528572355,43.7242855344,38.8300001281,33.1528572355,43.7242855344,0,9,0,0,7.89271440125e-16,3,0,3
J03WQQ,attacker_abs_lateral_offset_from_centroid_m,9.04850007381,3.91696440695,16.3721428737,9.04850007381,3.91696440695,16.3721428737,4.04187221794e-16,9,0,-1.99554850553e-16,0,1,3,3
J03WQQ,attacker_defender_start_distance_m,9.75147569132,5.5359978048,14.9062232237,21.2704606416,15.4323456761,28.3190968177,-1.33730303728,9,-1.4805641503,-1.52810032904,-1.41343213316,0,9,9
J03WQQ,attacker_goalward_offset_from_centroid_m,-5.9710711079,-14.9248571736,3.00435723705,-5.9710711079,-14.9248571736,3.00435723705,0,9,0,0,7.45652679375e-17,4,2,4
J03WQQ,ball_abs_lateral_offset_from_centroid_m,11.8737141779,5.39314305186,18.2002848693,11.8737141779,5.39314305186,18.2002848693,-2.2762364796e-16,9,0,-2.2762364796e-16,2.28438121718e-16,3,3,3
J03WQQ,ball_defender_distance_m,22.1450849857,12.2071464664,32.4077119475,22.6609548046,13.3253953024,32.2241551963,-0.0205809068943,9,-0.000855850062246,-0.029216940085,0.0157880180517,3,6,6
J03WQQ,ball_goalward_offset_from_centroid_m,-6.9068571642,-19.1187139375,2.30142845086,-6.9068571642,-19.1187139375,2.30142845086,-5.43814497048e-17,9,2.0972275832e-17,-2.50247544285e-17,3.11611781121e-17,6,3,6
J03WQQ,defender_abs_lateral_offset_from_centroid_m,7.49771435601,3.46457141553,12.4735714214,6.78142843246,2.97671428067,11.6417142196,0.097744312508,9,0.0840812139496,0.033252843571,0.097744312508,9,0,9
J03WQQ,defender_centroid_distance_m,12.975901391,7.93694227105,18.1669829194,11.6500290074,7.17051416071,16.5840518719,0.166664895911,9,0.166664895911,0.14947607846,0.177201166568,9,0,9
J03WQQ,defender_fixed_x_m,1.73000001056,-15.7757141931,22.5975003242,1.04857142482,-16.8471429007,22.0853570529,0.0246268768981,9,0.00339160718295,-0.0202440338793,0.0181144104085,5,4,5
J03WQQ,defender_fixed_y_m,-1.08285714899,-11.1085714613,8.49571418762,-0.752857140132,-10.3628572736,8.56999969482,-0.0151126624008,9,0.0128834512765,-0.0151126624008,0.0264964923952,6,3,6
J03WQQ,defender_goalward_offset_from_centroid_m,-2.54200047084,-10.0414285362,4.27542834282,1.33714308398,-5.2628570182,7.39528516547,-0.340702990989,9,-0.33837393481,-0.367985800146,-0.326760362427,0,9,9
J03WQQ,defender_lateral_offset_from_centroid_m,-0.340143094744,-7.63957135762,7.33189282477,-0.000857080732072,-6.79285706069,6.77285706827,-0.0205472626054,9,0.0177194169715,-0.0205472626054,0.0376441023201,6,3,6
J03WQQ,defender_own_goal_depth_m,51.2378571374,34.0471425738,73.2028572219,47.9142856598,30.5300001417,68.3328572682,0.138783964941,9,0.151199601843,0.14722473907,0.158645867403,9,0,9
J03WQQ,local_two_neighbor_mean_distance_m,10.0860238023,7.10955741567,13.0886854449,9.81739302577,7.00741016148,12.6270588156,0.05205951707,9,0.0637238532167,0.0461808573277,0.0858829746789,9,0,9
J03WQQ,prior_absolute_path_m,3.54732985611,2.17106485023,6.25088654168,3.51276195421,2.18101271062,6.19120849992,0.0107053451781,9,-0.00152729016791,-0.00725503015215,0.00547821257394,4,5,5
J03WQQ,prior_attacker_path_m,3.27654257446,2.03812756736,5.84567948045,3.27654257446,2.03812756736,5.84567948045,0,9,0,0,0,1,1,1
J03WQQ,prior_defensive_centroid_path_m,2.9371473451,1.39475708668,4.93962915765,2.9371473451,1.39475708668,4.93962915765,0,9,0,0,0,1,0,1
J03WQQ,prior_focal_relative_path_m,2.46970258346,1.5033299379,3.89341808622,2.40944310496,1.48937874022,3.76393168446,0.0398822362208,9,0.042553620324,0.0330195469436,0.046608550189,9,0,9
J03WQQ,prior_other_nine_mean_absolute_path_m,3.99369959189,2.53921488675,5.78617761064,4.00466540003,2.52263238543,5.79641865913,-0.00155455055313,9,0.00022909975558,-0.000889792176616,0.00105653690075,5,4,5
J03WQQ,prior_terminal_speed_mps,1.66483885778,1.02269776381,3.16308563071,1.67856897627,1.01141319684,3.12841593673,0.00643695858499,9,-0.00500566036727,-0.0136118063754,0.00279310220057,3,6,6
J03WQQ,unit_depth_span_m,31.4742857047,25.3785716806,37.7914278848,31.4742857047,25.3785716806,37.7914278848,-3.48262362745e-16,9,0,-3.48262362745e-16,0,0,3,3
J03WQQ,unit_width_span_m,40.1142857415,33.2457140514,44.7685713087,40.1142857415,33.2457140514,44.7685713087,0,9,0,0,7.89271440125e-16,3,0,3
J03WR9,attacker_abs_lateral_offset_from_centroid_m,10.0146426899,4.70000000319,17.4501430137,10.0146426899,4.70000000319,17.4501430137,-1.99554850553e-16,9,0,-1.99554850553e-16,0,1,3,3
J03WR9,attacker_defender_start_distance_m,10.0882482201,5.8602697584,15.4346422998,22.452767244,16.6675123578,29.295374257,-1.4805641503,9,-1.4805641503,-1.52810032904,-1.41343213316,0,9,9
J03WR9,attacker_goalward_offset_from_centroid_m,-6.13064259461,-15.5267142977,3.48714308058,-6.13064259461,-15.5267142977,3.48714308058,0,9,0,0,7.45652679375e-17,4,2,4
J03WR9,ball_abs_lateral_offset_from_centroid_m,9.85457132629,4.04285717436,17.5958574431,9.85457132629,4.04285717436,17.5958574431,0,9,0,-2.2762364796e-16,2.28438121718e-16,3,3,3
J03WR9,ball_defender_distance_m,23.1325069343,13.3294811553,33.7907801873,23.5160943042,14.1228931393,33.1616430773,-0.000855850062246,9,-0.000855850062246,-0.029216940085,0.0157880180517,3,6,6
J03WR9,ball_goalward_offset_from_centroid_m,-6.84071422241,-19.354142814,3.57942857019,-6.84071422241,-19.354142814,3.57942857019,4.9767087199e-17,9,2.0972275832e-17,-2.50247544285e-17,3.11611781121e-17,6,3,6
J03WR9,defender_abs_lateral_offset_from_centroid_m,7.80914302553,4.11246423445,14.2592857135,7.1074285371,3.68514286498,12.6385714545,0.116737664566,9,0.0840812139496,0.033252843571,0.097744312508,9,0,9
J03WR9,defender_centroid_distance_m,14.0555089068,9.04994528069,19.281185132,12.5077137776,8.25591543395,17.6420971286,0.177201166568,9,0.166664895911,0.14947607846,0.177201166568,9,0,9
J03WR9,defender_fixed_x_m,3.60571428708,-11.8750000341,20.4357141767,3.56142858097,-12.9357144492,21.0857143402,0.00445627852382,9,0.00339160718295,-0.0202440338793,0.0181144104085,5,4,5
J03WR9,defender_fixed_y_m,-0.262857143368,-10.8614285333,9.80285739899,-0.0271428572014,-9.51857144492,9.43142850058,-0.0210452476818,9,0.0128834512765,-0.0151126624008,0.0264964923952,6,3,6
J03WR9,defender_goalward_offset_from_centroid_m,-3.25185711043,-10.5187857394,5.16528551919,1.82785716142,-7.01614353997,8.3029999154,-0.33837393481,9,-0.33837393481,-0.367985800146,-0.326760362427,0,9,9
J03WR9,defender_lateral_offset_from_centroid_m,0.0277141881841,-7.83100000897,7.74971436901,0.208428542529,-7.0025714159,7.17528573786,-0.0268113186123,9,0.0177194169715,-0.0205472626054,0.0376441023201,6,3,6
J03WR9,defender_own_goal_depth_m,49.9242857184,35.5824996403,67.6353572096,46.0242857933,31.9032140459,63.833928551,0.158645867403,9,0.151199601843,0.14722473907,0.158645867403,9,0,9
J03WR9,local_two_neighbor_mean_distance_m,10.759550148,8.01728622239,13.6702908956,10.4328695661,7.86704632701,13.187635648,0.0681971497035,9,0.0637238532167,0.0461808573277,0.0858829746789,9,0,9
J03WR9,prior_absolute_path_m,3.25598647449,2.20332976979,5.6176161395,3.26739470866,2.22354368272,5.6053234207,-0.00152729016791,9,-0.00152729016791,-0.00725503015215,0.00547821257394,4,5,5
J03WR9,prior_attacker_path_m,3.12527331956,2.09921751361,5.38080049589,3.12527331956,2.09921751361,5.38080049589,3.35785628152e-16,9,0,0,0,1,1,1
J03WR9,prior_defensive_centroid_path_m,2.6678691889,1.54447191216,4.32129885787,2.6678691889,1.54447191216,4.32129885787,0,9,0,0,0,1,0,1
J03WR9,prior_focal_relative_path_m,2.34054372512,1.48017798983,3.67655827354,2.27400522583,1.45515266277,3.5324474745,0.042553620324,9,0.042553620324,0.0330195469436,0.046608550189,9,0,9
J03WR9,prior_other_nine_mean_absolute_path_m,3.67307152237,2.51519827115,5.23814714516,3.67822315704,2.51596729391,5.23446145947,0.00022909975558,9,0.00022909975558,-0.000889792176616,0.00105653690075,5,4,5
J03WR9,prior_terminal_speed_mps,1.58597160986,1.06186381868,2.85379584999,1.5911885622,1.06545898989,2.86517136332,0.00279310220057,9,-0.00500566036727,-0.0136118063754,0.00279310220057,3,6,6
J03WR9,unit_depth_span_m,32.5685719081,27.4614284464,38.0342861755,32.5685719081,27.4614284464,38.0342861755,0,9,0,-3.48262362745e-16,0,0,3,3
J03WR9,unit_width_span_m,39.5242859977,33.6871429171,43.6457143511,39.5242859977,33.6871429171,43.6457143511,7.89271440125e-16,9,0,0,7.89271440125e-16,3,0,3
metrica_game_1,attacker_abs_lateral_offset_from_centroid_m,9.95600628571,5.05038914286,16.6888417143,9.95600628571,5.05038914286,16.6888417143,0,9,0,-1.99554850553e-16,0,1,3,3
metrica_game_1,attacker_defender_start_distance_m,10.3624297065,6.31823349558,15.068966219,21.9786904432,16.8369694875,27.9584258438,-1.58617914803,9,-1.4805641503,-1.52810032904,-1.41343213316,0,9,9
metrica_game_1,attacker_goalward_offset_from_centroid_m,-7.30881,-14.98338,2.838765,-7.30881,-14.98338,2.838765,7.70126882868e-17,9,0,0,7.45652679375e-17,4,2,4
metrica_game_1,ball_abs_lateral_offset_from_centroid_m,10.1441137143,3.72091142857,15.9721994286,10.1441137143,3.72091142857,15.9721994286,2.35916489299e-16,9,0,-2.2762364796e-16,2.28438121718e-16,3,3,3
metrica_game_1,ball_defender_distance_m,19.5138551262,11.3699312722,29.7760754408,21.3342994246,13.4440826266,29.8491131317,-0.0736389504527,9,-0.000855850062246,-0.029216940085,0.0157880180517,3,6,6
metrica_game_1,ball_goalward_offset_from_centroid_m,-9.81216,-17.27868,-1.38306,-9.81216,-17.27868,-1.38306,1.31356775411e-16,9,2.0972275832e-17,-2.50247544285e-17,3.11611781121e-17,6,3,6
metrica_game_1,defender_abs_lateral_offset_from_centroid_m,7.78493142857,3.87191028571,13.3871405714,7.10962342857,3.518728,12.4893074286,0.0896020206352,9,0.0840812139496,0.033252843571,0.097744312508,9,0,9
metrica_game_1,defender_centroid_distance_m,13.6665215967,8.72341044197,18.7605495661,12.3947116999,7.94234307578,17.4498245425,0.14947607846,9,0.166664895911,0.14947607846,0.177201166568,9,0,9
metrica_game_1,defender_fixed_x_m,2.72985,-10.0119,17.8911,1.3446,-12.174,18.2497875,0.063560506685,9,0.00339160718295,-0.0202440338793,0.0181144104085,5,4,5
metrica_game_1,defender_fixed_y_m,-1.93100571429,-13.0403114286,7.45182857143,-2.28664571429,-12.5080414286,6.65885142857,0.0304031262777,9,0.0128834512765,-0.0151126624008,0.0264964923952,6,3,6
metrica_game_1,defender_goalward_offset_from_centroid_m,-2.82987,-10.55223,3.89013,1.578165,-6.032355,8.15793,-0.381146328689,9,-0.33837393481,-0.367985800146,-0.326760362427,0,9,9
metrica_game_1,defender_lateral_offset_from_centroid_m,-0.634916,-8.00546514286,7.59713485714,-0.879900571429,-7.73163885714,6.34092228571,0.0392345844835,9,0.0177194169715,-0.0205472626054,0.0376441023201,6,3,6
metrica_game_1,defender_own_goal_depth_m,51.0993,36.92775,63.33855,46.81695,32.6228625,60.3081,0.18236417249,9,0.151199601843,0.14722473907,0.158645867403,9,0,9
metrica_game_1,local_two_neighbor_mean_distance_m,10.4586902796,7.95574471185,13.1924944265,10.0931584099,7.60029211936,12.8127923975,0.0858829746789,9,0.0637238532167,0.0461808573277,0.0858829746789,9,0,9
metrica_game_1,prior_absolute_path_m,2.97359174272,1.84550582729,5.40355214574,3.00180688902,1.87766613707,5.40220155328,-0.00401227386874,9,-0.00152729016791,-0.00725503015215,0.00547821257394,4,5,5
metrica_game_1,prior_attacker_path_m,2.81555755765,1.72686105481,4.91423551635,2.81555755765,1.72686105481,4.91423551635,0,9,0,0,0,1,1,1
metrica_game_1,prior_defensive_centroid_path_m,2.32305860821,1.16004530132,4.31291061348,2.32305860821,1.16004530132,4.31291061348,0,9,0,0,0,1,0,1
metrica_game_1,prior_focal_relative_path_m,2.03232232617,1.23156518148,3.25063366633,1.97124220008,1.23150767093,3.13866053575,0.046608550189,9,0.042553620324,0.0330195469436,0.046608550189,9,0,9
metrica_game_1,prior_other_nine_mean_absolute_path_m,3.22181963455,2.14279735714,5.03385161575,3.2341141025,2.13454841065,5.04042461928,0.000566304903316,9,0.00022909975558,-0.000889792176616,0.00105653690075,5,4,5
metrica_game_1,prior_terminal_speed_mps,1.45920478457,0.872859527703,2.70217684946,1.49204451738,0.899108322482,2.71528893125,-0.0136118063754,9,-0.00500566036727,-0.0136118063754,0.00279310220057,3,6,6
metrica_game_1,unit_depth_span_m,31.28805,25.4301,38.81055,31.28805,25.4301,38.81055,0,9,0,-3.48262362745e-16,0,0,3,3
metrica_game_1,unit_width_span_m,38.8512171429,34.3934285714,44.0590457143,38.8512171429,34.3934285714,44.0590457143,8.64871651195e-16,9,0,0,7.89271440125e-16,3,0,3
metrica_game_2,attacker_abs_lateral_offset_from_centroid_m,10.0664091429,4.50763257143,16.5500634286,10.0664091429,4.50763257143,16.5500634286,0,9,0,-1.99554850553e-16,0,1,3,3
metrica_game_2,attacker_defender_start_distance_m,10.5054740441,6.63380313739,15.3209031182,22.6181585985,17.3356669234,28.242681212,-1.63062948287,9,-1.4805641503,-1.52810032904,-1.41343213316,0,9,9
metrica_game_2,attacker_goalward_offset_from_centroid_m,-8.15235,-17.054175,2.30157,-8.15235,-17.054175,2.30157,-7.32384315298e-17,9,0,0,7.45652679375e-17,4,2,4
metrica_game_2,ball_abs_lateral_offset_from_centroid_m,11.2894571429,6.53328457143,15.9333714286,11.2894571429,6.53328457143,15.9333714286,0,9,0,-2.2762364796e-16,2.28438121718e-16,3,3,3
metrica_game_2,ball_defender_distance_m,20.512016897,11.9831830888,31.4550402934,22.3467209886,13.4912148168,30.3359089788,-0.0533878869227,9,-0.000855850062246,-0.029216940085,0.0157880180517,3,6,6
metrica_game_2,ball_goalward_offset_from_centroid_m,-14.186175,-21.059565,-3.191565,-14.186175,-21.059565,-3.191565,-1.34621375875e-16,9,2.0972275832e-17,-2.50247544285e-17,3.11611781121e-17,6,3,6
metrica_game_2,defender_abs_lateral_offset_from_centroid_m,8.12687428571,4.08709142857,13.849016,7.00959542857,3.53272628571,12.2555622857,0.15416117853,9,0.0840812139496,0.033252843571,0.097744312508,9,0,9
metrica_game_2,defender_centroid_distance_m,14.4352230893,9.90324648084,18.5544618991,12.2741756456,8.16281087028,16.801475676,0.282121182198,9,0.166664895911,0.14947607846,0.177201166568,9,0,9
metrica_game_2,defender_fixed_x_m,-6.816,-20.2911,7.0138125,-5.8443,-21.0862875,9.74385,-0.0615331637069,9,0.00339160718295,-0.0202440338793,0.0181144104085,5,4,5
metrica_game_2,defender_fixed_y_m,-0.76976,-8.86802571429,9.64706285714,-0.70856,-9.48347428571,8.65795428571,0.035834331321,9,0.0128834512765,-0.0151126624008,0.0264964923952,6,3,6
metrica_game_2,defender_goalward_offset_from_centroid_m,-3.629625,-11.492985,4.4066925,1.39707,-6.33009,7.941765,-0.402655611298,9,-0.33837393481,-0.367985800146,-0.326760362427,0,9,9
metrica_game_2,defender_lateral_offset_from_centroid_m,-0.228101142857,-7.57029914286,8.480008,-0.576348571429,-7.18692971429,6.69129714286,0.0447666318064,9,0.0177194169715,-0.0205472626054,0.0376441023201,6,3,6
metrica_game_2,defender_own_goal_depth_m,50.336475,34.90905,65.55615,46.66275,28.58715,62.0556,0.191675138083,9,0.151199601843,0.14722473907,0.158645867403,9,0,9
metrica_game_2,local_two_neighbor_mean_distance_m,10.8925214966,8.43525303955,13.3876114751,10.2986010946,7.97113715347,12.4825365495,0.205831807459,9,0.0637238532167,0.0461808573277,0.0858829746789,9,0,9
metrica_game_2,prior_absolute_path_m,2.88724135685,2.00749715731,5.17535367489,2.96576973154,1.98294963306,5.1325538108,0.00547821257394,9,-0.00152729016791,-0.00725503015215,0.00547821257394,4,5,5
metrica_game_2,prior_attacker_path_m,2.80940909056,1.88411514212,4.70431549113,2.80940909056,1.88411514212,4.70431549113,0,9,0,0,0,1,1,1
metrica_game_2,prior_defensive_centroid_path_m,2.67389174289,1.87303597481,4.43696785263,2.67389174289,1.87303597481,4.43696785263,0,9,0,0,0,1,0,1
metrica_game_2,prior_focal_relative_path_m,2.01795307284,1.19543523592,3.29409718524,1.94356468017,1.14667391215,3.11367827822,0.0687893014916,9,0.042553620324,0.0330195469436,0.046608550189,9,0,9
metrica_game_2,prior_other_nine_mean_absolute_path_m,3.34616457177,2.28874473625,4.93190460756,3.34739860731,2.28670568266,4.9437971898,-0.000889792176616,9,0.00022909975558,-0.000889792176616,0.00105653690075,5,4,5
metrica_game_2,prior_terminal_speed_mps,1.4697799194,0.961212483812,2.70734903319,1.49524396045,0.954899941334,2.69749143882,-0.00500566036727,9,-0.00500566036727,-0.0136118063754,0.00279310220057,3,6,6
metrica_game_2,unit_depth_span_m,31.8594,25.51845,37.92075,31.8594,25.51845,37.92075,0,9,0,-3.48262362745e-16,0,0,3,3
metrica_game_2,unit_width_span_m,35.3449428571,31.6420514286,40.2671714286,35.3449428571,31.6420514286,40.2671714286,0,9,0,0,7.89271440125e-16,3,0,3
