match_id,variable,rank_group,n,median,q1,q3,mean,sd
J03WMX,attacker_abs_lateral_offset_from_centroid_m,far,37059,9.76885720662,4.63528571129,16.3871424368,11.4527953627,8.54044129787
J03WMX,attacker_abs_lateral_offset_from_centroid_m,middle,49412,9.76885720662,4.63528571129,16.3871424368,11.4527953627,8.54041249033
J03WMX,attacker_abs_lateral_offset_from_centroid_m,near,37059,9.76885720662,4.63528571129,16.3871424368,11.4527953627,8.54044129787
J03WMX,attacker_defender_start_distance_m,far,37059,33.9325555358,27.2447313591,40.6215152698,34.1380848105,9.66813743715
J03WMX,attacker_defender_start_distance_m,middle,49412,21.9323093266,16.2614321883,28.7201211451,22.8149150059,8.84072956814
J03WMX,attacker_defender_start_distance_m,near,37059,10.0549254745,5.9952371041,15.271725079,11.3527147125,7.14866495572
J03WMX,attacker_goalward_offset_from_centroid_m,far,37059,-6.61171408381,-15.4135714156,3.82385714054,-5.89150227091,12.553380768
J03WMX,attacker_goalward_offset_from_centroid_m,middle,49412,-6.61171408381,-15.4135714156,3.82385714054,-5.89150227091,12.5533384245
J03WMX,attacker_goalward_offset_from_centroid_m,near,37059,-6.61171408381,-15.4135714156,3.82385714054,-5.89150227091,12.553380768
J03WMX,ball_abs_lateral_offset_from_centroid_m,far,37059,12.3549982412,5.87385695917,17.9447140268,12.345636249,7.59545875656
J03WMX,ball_abs_lateral_offset_from_centroid_m,middle,49412,12.3549982412,5.87385695917,17.9447140268,12.345636249,7.59543313652
J03WMX,ball_abs_lateral_offset_from_centroid_m,near,37059,12.3549982412,5.87385695917,17.9447140268,12.345636249,7.59545875656
J03WMX,ball_defender_distance_m,far,37059,27.6552545707,15.0676542476,38.3153561127,27.4038421024,14.949150105
J03WMX,ball_defender_distance_m,middle,49412,21.7381154349,13.5531288564,31.99979604,23.422924639,13.0686363907
J03WMX,ball_defender_distance_m,near,37059,21.842017191,13.133477545,33.0417965512,23.7293073851,13.6531073485
J03WMX,ball_goalward_offset_from_centroid_m,far,37059,-3.31099974769,-15.174714429,8.87714293344,-2.27896344633,17.7460309187
J03WMX,ball_goalward_offset_from_centroid_m,middle,49412,-3.31099974769,-15.174714429,8.87714293344,-2.27896344633,17.7459710601
J03WMX,ball_goalward_offset_from_centroid_m,near,37059,-3.31099974769,-15.174714429,8.87714293344,-2.27896344633,17.7460309187
J03WMX,defender_abs_lateral_offset_from_centroid_m,far,37059,12.5618573346,6.80971414362,18.2175713667,13.01173789,7.7212913155
J03WMX,defender_abs_lateral_offset_from_centroid_m,middle,49412,7.10271409239,3.54871422478,12.2237497781,8.43649804092,6.18533139201
J03WMX,defender_abs_lateral_offset_from_centroid_m,near,37059,7.55514329842,3.73342858383,13.3552850051,8.97014034812,6.55579287265
J03WMX,defender_centroid_distance_m,far,37059,18.5313772219,14.6695748665,22.4882917166,18.9153426726,6.28272018471
J03WMX,defender_centroid_distance_m,middle,49412,12.2037436167,7.66516368655,17.4003920973,12.8322379682,6.52698988348
J03WMX,defender_centroid_distance_m,near,37059,13.6121749424,8.77632898773,18.6358983459,14.0069858462,6.77993300079
J03WMX,defender_fixed_x_m,far,37059,3.64285724504,-13.2642856325,19.1621428898,2.70689043632,23.3995411576
J03WMX,defender_fixed_x_m,middle,49412,2.93714284897,-13.7271427427,20.0699999673,2.74409700891,23.3807509603
J03WMX,defender_fixed_x_m,near,37059,2.18857148715,-13.8649999755,19.0771427155,2.27244344109,23.1881394326
J03WMX,defender_fixed_y_m,far,37059,0.0342857143176,-12.8799999782,13.0799999237,-0.0965400408569,17.1165592739
J03WMX,defender_fixed_y_m,middle,49412,-0.84999999404,-11.6257141658,9.9942855835,-0.793485303512,15.2982073494
J03WMX,defender_fixed_y_m,near,37059,-0.508571428912,-11.1542857034,10.5257143293,-0.389141910997,15.20951852
J03WMX,defender_goalward_offset_from_centroid_m,far,37059,5.66757142544,-8.21585713114,12.2137143791,2.28331661147,12.7722554634
J03WMX,defender_goalward_offset_from_centroid_m,middle,49412,1.47721438323,-6.65342932556,7.69357155391,0.460320734556,9.88054134384
J03WMX,defender_goalward_offset_from_centroid_m,near,37059,-3.25314289502,-10.1528573377,4.68428568414,-2.89707759088,10.5038632839
J03WMX,defender_lateral_offset_from_centroid_m,far,37059,0.422714255537,-12.1428571079,13.0418568824,0.366558666104,15.1259334348
J03WMX,defender_lateral_offset_from_centroid_m,middle,49412,-0.71628604957,-7.38628572736,6.69328569685,-0.330386596551,10.4558646974
J03WMX,defender_lateral_offset_from_centroid_m,near,37059,-0.25271427972,-7.62571460009,7.47142885072,0.0739567959643,11.1102898064
J03WMX,defender_own_goal_depth_m,far,37059,44.8928571429,30.1257144383,60.3371428762,46.062321894,22.6587987811
J03WMX,defender_own_goal_depth_m,middle,49412,46.7414285796,30.799999782,63.3400000163,47.8853177709,23.0844972481
J03WMX,defender_own_goal_depth_m,near,37059,50.2628571306,34.5957142966,67.3571429934,51.2427160964,23.2652776346
J03WMX,local_two_neighbor_mean_distance_m,far,37059,12.3060067321,9.23382403145,15.7662736018,12.8249706244,5.64131893945
J03WMX,local_two_neighbor_mean_distance_m,middle,49412,10.1558229699,7.43209007734,12.9300407735,10.3229992938,4.41797622127
J03WMX,local_two_neighbor_mean_distance_m,near,37059,10.4450724374,7.69139194431,13.3799760228,10.7580727597,4.66046110183
J03WMX,prior_absolute_path_m,far,37059,3.08805585459,2.00023567077,5.55803801058,3.95489689843,2.84867277048
J03WMX,prior_absolute_path_m,middle,49412,3.31265124602,2.12486528985,5.98829517896,4.16469766296,2.83625514545
J03WMX,prior_absolute_path_m,near,37059,3.29370213178,2.16868333367,5.96272347137,4.16723381593,2.7946301027
J03WMX,prior_attacker_path_m,far,37059,3.07181004885,2.00103040775,5.39209575065,3.84113051866,2.65925510068
J03WMX,prior_attacker_path_m,middle,49412,3.07181004885,2.00103040775,5.39209575065,3.84113051866,2.65924613082
J03WMX,prior_attacker_path_m,near,37059,3.07181004885,2.00103040775,5.39209575065,3.84113051866,2.65925510068
J03WMX,prior_defensive_centroid_path_m,far,37059,2.70866058068,1.24717178688,4.85430746208,3.22979060728,2.3350362784
J03WMX,prior_defensive_centroid_path_m,middle,49412,2.70866058068,1.24717178688,4.85430746208,3.22979060728,2.33502840215
J03WMX,prior_defensive_centroid_path_m,near,37059,2.70866058068,1.24717178688,4.85430746208,3.22979060728,2.3350362784
J03WMX,prior_focal_relative_path_m,far,37059,2.31408635102,1.41293113795,3.60552824397,2.76872648599,1.87470018119
J03WMX,prior_focal_relative_path_m,middle,49412,2.29162035932,1.42661911913,3.54082645965,2.70773274498,1.78056518784
J03WMX,prior_focal_relative_path_m,near,37059,2.37374127781,1.47335252691,3.65101715769,2.80079764342,1.8292153773
J03WMX,prior_other_nine_mean_absolute_path_m,far,37059,3.91054025745,2.26684509915,5.64658147903,4.11892065517,2.2138488077
J03WMX,prior_other_nine_mean_absolute_path_m,middle,49412,3.89219102111,2.26050867003,5.63985474073,4.09560945911,2.19970028017
J03WMX,prior_other_nine_mean_absolute_path_m,near,37059,3.87432415532,2.24009504403,5.63446069649,4.09532766433,2.21440664384
J03WMX,prior_terminal_speed_mps,far,37059,1.51606953284,0.942888105202,2.84394232987,1.96131298941,1.47341904157
J03WMX,prior_terminal_speed_mps,middle,49412,1.5959956059,0.994886128962,3.0459925565,2.07586851,1.49998694856
J03WMX,prior_terminal_speed_mps,near,37059,1.59279345123,1.03015652484,3.03854768903,2.07569912491,1.47657688599
J03WMX,unit_depth_span_m,far,37059,32.7971425738,27.4242853437,38.2799998692,32.6989498236,8.71474311065
J03WMX,unit_depth_span_m,middle,49412,32.7971425738,27.4242853437,38.2799998692,32.6989498236,8.71471371518
J03WMX,unit_depth_span_m,near,37059,32.7971425738,27.4242853437,38.2799998692,32.6989498236,8.71474311065
J03WMX,unit_width_span_m,far,37059,38.564285687,33.2828564644,42.7142848969,38.0727345465,8.80940128706
J03WMX,unit_width_span_m,middle,49412,38.564285687,33.2828564644,42.7142848969,38.0727345465,8.8093715723
J03WMX,unit_width_span_m,near,37059,38.564285687,33.2828564644,42.7142848969,38.0727345465,8.80940128706
J03WN1,attacker_abs_lateral_offset_from_centroid_m,far,14628,7.49249971254,3.6471071921,12.7753214334,9.03027118255,6.92068299749
J03WN1,attacker_abs_lateral_offset_from_centroid_m,middle,19504,7.49249971254,3.6471071921,12.7753214334,9.03027118255,6.92062385519
J03WN1,attacker_abs_lateral_offset_from_centroid_m,near,14628,7.49249971254,3.6471071921,12.7753214334,9.03027118255,6.92068299749
J03WN1,attacker_defender_start_distance_m,far,14628,29.5683625545,23.6155998213,35.7198102063,29.9942588081,8.61116957421
J03WN1,attacker_defender_start_distance_m,middle,19504,18.6813561138,14.038433012,24.4743403394,19.6604858639,7.45808012942
J03WN1,attacker_defender_start_distance_m,near,14628,8.25577520189,4.90396947218,12.5666056885,9.29072370674,5.76947829449
J03WN1,attacker_goalward_offset_from_centroid_m,far,14628,-6.5304997359,-14.0816784767,3.15435711571,-5.48089699705,11.1865014261
J03WN1,attacker_goalward_offset_from_centroid_m,middle,19504,-6.5304997359,-14.0816784767,3.15435711571,-5.48089699705,11.1864058292
J03WN1,attacker_goalward_offset_from_centroid_m,near,14628,-6.5304997359,-14.0816784767,3.15435711571,-5.48089699705,11.1865014261
J03WN1,ball_abs_lateral_offset_from_centroid_m,far,14628,11.7245714403,5.31985752838,16.2771438505,11.6327928714,7.314733505
J03WN1,ball_abs_lateral_offset_from_centroid_m,middle,19504,11.7245714403,5.31985752838,16.2771438505,11.6327928714,7.31467099526
J03WN1,ball_abs_lateral_offset_from_centroid_m,near,14628,11.7245714403,5.31985752838,16.2771438505,11.6327928714,7.314733505
J03WN1,ball_defender_distance_m,far,14628,23.8175991932,13.7637372293,34.7439598816,24.7006129045,13.9118529174
J03WN1,ball_defender_distance_m,middle,19504,20.2036909489,12.4155955429,29.8823609578,21.9530043274,12.5803296908
J03WN1,ball_defender_distance_m,near,14628,20.493191911,11.8717255944,30.4911265431,22.1548626907,13.0541451043
J03WN1,ball_goalward_offset_from_centroid_m,far,14628,-1.19999980032,-11.3715715509,8.81700117929,-0.233779558394,16.9235742645
J03WN1,ball_goalward_offset_from_centroid_m,middle,19504,-1.19999980032,-11.3715715509,8.81700117929,-0.233779558394,16.9234296402
J03WN1,ball_goalward_offset_from_centroid_m,near,14628,-1.19999980032,-11.3715715509,8.81700117929,-0.233779558394,16.9235742645
J03WN1,defender_abs_lateral_offset_from_centroid_m,far,14628,10.2397142506,5.1805713926,15.3837140013,10.7918396079,6.8411923963
J03WN1,defender_abs_lateral_offset_from_centroid_m,middle,19504,5.9002856476,2.67914280934,10.2545716286,7.05090860634,5.38691418019
J03WN1,defender_abs_lateral_offset_from_centroid_m,near,14628,5.9919998319,2.8598573276,10.5488570716,7.231134169,5.46346595865
J03WN1,defender_centroid_distance_m,far,14628,16.7736326169,13.1038160909,20.6257075871,17.1961903417,5.68198189526
J03WN1,defender_centroid_distance_m,middle,19504,10.4474417799,6.76744756756,15.052294484,11.241359057,5.8988093645
J03WN1,defender_centroid_distance_m,near,14628,11.7788112894,7.62586964789,16.443049901,12.3568986527,6.21986115153
J03WN1,defender_fixed_x_m,far,14628,-1.64142857279,-17.5600000109,12.8571428571,-1.3141633515,22.7083680488
J03WN1,defender_fixed_x_m,middle,19504,-2.01214283705,-19.4828572954,14.4185714722,-1.58410347803,22.9532240394
J03WN1,defender_fixed_x_m,near,14628,-2.92000000817,-19.266785826,14.3400001526,-1.64625991123,23.2092391632
J03WN1,defender_fixed_y_m,far,14628,-2.19000005722,-14.7914287022,7.78285711152,-2.87986875151,16.3060677621
J03WN1,defender_fixed_y_m,middle,19504,-2.86428560529,-13.355714253,6.17571422032,-3.02928622644,14.6139243995
J03WN1,defender_fixed_y_m,near,14628,-2.60999996322,-12.7357142653,6.1835714238,-2.82730546309,14.2526774898
J03WN1,defender_goalward_offset_from_centroid_m,far,14628,6.08157183783,-7.75728589467,12.076535424,2.5870841894,12.5716728092
J03WN1,defender_goalward_offset_from_centroid_m,middle,19504,1.23778605613,-5.68414392471,7.04228570546,0.38507585128,9.07114039706
J03WN1,defender_goalward_offset_from_centroid_m,near,14628,-3.45528595448,-10.118428602,3.85907145898,-3.10051865778,9.98167553587
J03WN1,defender_lateral_offset_from_centroid_m,far,14628,-0.108714259469,-10.1362858072,10.415428561,0.043998003451,12.7777831339
J03WN1,defender_lateral_offset_from_centroid_m,middle,19504,-0.165571463108,-6.09557140895,5.71807153055,-0.105419471485,8.87274432382
J03WN1,defender_lateral_offset_from_centroid_m,near,14628,0.107857197523,-5.95585711322,6.02664277303,0.0965612918626,9.06272650911
J03WN1,defender_own_goal_depth_m,far,14628,49.1614286559,33.6428571429,64.399999891,49.1167208557,22.4933270658
J03WN1,defender_own_goal_depth_m,middle,19504,50.9742857047,34.559285777,68.644285747,51.3187291938,22.9774788441
J03WN1,defender_own_goal_depth_m,near,14628,54.2599999905,38.2846427645,72.2274998937,54.8043237029,23.1531610966
J03WN1,local_two_neighbor_mean_distance_m,far,14628,10.6009690133,7.71222801889,14.0447660759,11.194497744,5.05372465949
J03WN1,local_two_neighbor_mean_distance_m,middle,19504,8.36897002212,6.1211971532,11.1193146612,8.84394774383,3.97074622152
J03WN1,local_two_neighbor_mean_distance_m,near,14628,8.55654080422,6.24266713516,11.4235216859,9.09892407567,4.04161010101
J03WN1,prior_absolute_path_m,far,14628,2.93228162522,1.94494825416,5.1568705581,3.76354732698,2.79047775364
J03WN1,prior_absolute_path_m,middle,19504,3.12224134284,2.0913406352,5.61327230145,3.98736800792,2.7542183346
J03WN1,prior_absolute_path_m,near,14628,3.09118927778,2.0600807456,5.57290725551,3.96739693489,2.75072298485
J03WN1,prior_attacker_path_m,far,14628,2.83542307773,1.73175164271,5.16460582511,3.66807084239,2.78250224537
J03WN1,prior_attacker_path_m,middle,19504,2.83542307773,1.73175164271,5.16460582511,3.66807084239,2.78247846686
J03WN1,prior_attacker_path_m,near,14628,2.83542307773,1.73175164271,5.16460582511,3.66807084239,2.78250224537
J03WN1,prior_defensive_centroid_path_m,far,14628,2.50413183609,1.38325532798,4.32632173815,3.04257099803,2.21726792663
J03WN1,prior_defensive_centroid_path_m,middle,19504,2.50413183609,1.38325532798,4.32632173815,3.04257099803,2.21724897846
J03WN1,prior_defensive_centroid_path_m,near,14628,2.50413183609,1.38325532798,4.32632173815,3.04257099803,2.21726792663
J03WN1,prior_focal_relative_path_m,far,14628,2.21712427605,1.38386940671,3.44773097413,2.68029956417,1.83352187008
J03WN1,prior_focal_relative_path_m,middle,19504,2.2235658799,1.3944004681,3.51967926699,2.69659881586,1.82506179813
J03WN1,prior_focal_relative_path_m,near,14628,2.26163898006,1.41738115522,3.57376165028,2.75758932514,1.87608934383
J03WN1,prior_other_nine_mean_absolute_path_m,far,14628,3.40844980003,2.26342442478,5.21028395776,3.93097305448,2.10583705446
J03WN1,prior_other_nine_mean_absolute_path_m,middle,19504,3.38574811723,2.25762193607,5.20138878972,3.90610408993,2.09669719564
J03WN1,prior_other_nine_mean_absolute_path_m,near,14628,3.38476433331,2.25879475577,5.17880354964,3.90832309804,2.10501415751
J03WN1,prior_terminal_speed_mps,far,14628,1.42857057708,0.895709859231,2.50948500553,1.8501168511,1.45855275621
J03WN1,prior_terminal_speed_mps,middle,19504,1.5004251382,0.975464155093,2.75954977634,1.96378816336,1.46356037546
J03WN1,prior_terminal_speed_mps,near,14628,1.47988140469,0.961634817586,2.74628679057,1.93796383574,1.44476757233
J03WN1,unit_depth_span_m,far,14628,30.9750001218,25.8442855562,36.4857147591,31.3582561619,8.33839051838
J03WN1,unit_depth_span_m,middle,19504,30.9750001218,25.8442855562,36.4857147591,31.3582561619,8.33831926074
J03WN1,unit_depth_span_m,near,14628,30.9750001218,25.8442855562,36.4857147591,31.3582561619,8.33839051838
J03WN1,unit_width_span_m,far,14628,33.308570964,28.6785714967,38.1414286409,32.7868789124,7.32028341903
J03WN1,unit_width_span_m,middle,19504,33.308570964,28.6785714967,38.1414286409,32.7868789124,7.32022086186
J03WN1,unit_width_span_m,near,14628,33.308570964,28.6785714967,38.1414286409,32.7868789124,7.32028341903
J03WOH,attacker_abs_lateral_offset_from_centroid_m,far,33861,9.3162856698,4.49342857174,15.8158568961,10.8483696408,7.92718890019
J03WOH,attacker_abs_lateral_offset_from_centroid_m,middle,45148,9.3162856698,4.49342857174,15.8158568961,10.8483696408,7.92715963578
J03WOH,attacker_abs_lateral_offset_from_centroid_m,near,33861,9.3162856698,4.49342857174,15.8158568961,10.8483696408,7.92718890019
J03WOH,attacker_defender_start_distance_m,far,33861,34.1659202728,27.6496531653,41.3909341135,34.8754596562,9.87011322814
J03WOH,attacker_defender_start_distance_m,middle,45148,21.6275362302,16.0420594333,28.3211429267,22.6368821526,8.85214440969
J03WOH,attacker_defender_start_distance_m,near,33861,9.91966869216,5.74576739491,15.0142360342,11.0856883144,6.94657283311
J03WOH,attacker_goalward_offset_from_centroid_m,far,33861,-6.0371429239,-15.0284287299,4.35814317976,-5.30520378807,13.2398563855
J03WOH,attacker_goalward_offset_from_centroid_m,middle,45148,-6.0371429239,-15.0284287299,4.35814317976,-5.30520378807,13.2398075086
J03WOH,attacker_goalward_offset_from_centroid_m,near,33861,-6.0371429239,-15.0284287299,4.35814317976,-5.30520378807,13.2398563855
J03WOH,ball_abs_lateral_offset_from_centroid_m,far,33861,11.9161429422,5.46299995439,18.1037141868,12.1878286438,7.77611273156
J03WOH,ball_abs_lateral_offset_from_centroid_m,middle,45148,11.9161429422,5.46299995439,18.1037141868,12.1878286438,7.77608402487
J03WOH,ball_abs_lateral_offset_from_centroid_m,near,33861,11.9161429422,5.46299995439,18.1037141868,12.1878286438,7.77611273156
J03WOH,ball_defender_distance_m,far,33861,29.8413798359,16.2668612137,42.0603684747,29.5626358959,16.3915573871
J03WOH,ball_defender_distance_m,middle,45148,24.9610972628,15.0709503901,36.2548764377,26.3548127056,14.7016406355
J03WOH,ball_defender_distance_m,near,33861,24.1776902076,14.4722176744,35.8481018088,25.9224714128,14.9246424783
J03WOH,ball_goalward_offset_from_centroid_m,far,33861,-4.58914299011,-18.8450000352,9.43042797021,-3.15887149315,21.4172231612
J03WOH,ball_goalward_offset_from_centroid_m,middle,45148,-4.58914299011,-18.8450000352,9.43042797021,-3.15887149315,21.4171440963
J03WOH,ball_goalward_offset_from_centroid_m,near,33861,-4.58914299011,-18.8450000352,9.43042797021,-3.15887149315,21.4172231612
J03WOH,defender_abs_lateral_offset_from_centroid_m,far,33861,12.7729998045,6.78514296072,18.5524285373,13.2149307936,7.96673764372
J03WOH,defender_abs_lateral_offset_from_centroid_m,middle,45148,7.13271430561,3.62328581555,12.7274290328,8.61159585157,6.32380696931
J03WOH,defender_abs_lateral_offset_from_centroid_m,near,33861,7.2572856456,3.83942852787,12.7652851607,8.67570087309,6.23219436365
J03WOH,defender_centroid_distance_m,far,33861,19.4737425618,15.7543852091,23.8925918596,20.0826172562,6.34017698196
J03WOH,defender_centroid_distance_m,middle,45148,12.7839598153,8.14895047199,17.8914146684,13.3447632696,6.69431789973
J03WOH,defender_centroid_distance_m,near,33861,14.0308794902,9.07304260702,18.9069853607,14.319549242,6.85281019068
J03WOH,defender_fixed_x_m,far,33861,-1.08142857892,-16.2257137299,13.0785714558,-1.51089993695,21.9332203509
J03WOH,defender_fixed_x_m,middle,45148,-0.931428568704,-17.7971431187,15.8328569957,-0.786707685875,22.8307880701
J03WOH,defender_fixed_x_m,near,33861,-0.722857151713,-17.2171429225,16.0114284243,-0.369282442457,23.3248421114
J03WOH,defender_fixed_y_m,far,33861,-0.64571428299,-13.7571428844,12.9300000327,-0.635769723351,17.3011499338
J03WOH,defender_fixed_y_m,middle,45148,-2.74285714967,-12.720000267,7.19285712923,-2.59955777494,14.7957169979
J03WOH,defender_fixed_y_m,near,33861,-2.54285710199,-12.4785714831,6.89142860685,-2.41052707323,14.5062632857
J03WOH,defender_goalward_offset_from_centroid_m,far,33861,6.52457145452,-9.00371431283,13.2518570559,2.36982319351,14.1349418547
J03WOH,defender_goalward_offset_from_centroid_m,middle,45148,1.556571361,-6.70264287293,8.37500001533,0.491441373306,10.4166819611
J03WOH,defender_goalward_offset_from_centroid_m,near,33861,-3.47485734395,-11.1932861873,5.39485704558,-3.02507835791,11.3470229282
J03WOH,defender_lateral_offset_from_centroid_m,far,33861,1.35771432604,-11.4865714482,14.0634284981,1.3179424256,15.3743760384
J03WOH,defender_lateral_offset_from_centroid_m,middle,45148,-1.07457140854,-7.83200005719,6.47885710342,-0.645845625994,10.6646441342
J03WOH,defender_lateral_offset_from_centroid_m,near,33861,-1.17771419289,-7.7042858805,6.76985726016,-0.456814924275,10.6724678074
J03WOH,defender_own_goal_depth_m,far,33861,48.9699999946,35.200000218,63.7657143729,49.3850833868,21.7634107837
J03WOH,defender_own_goal_depth_m,middle,45148,49.6357142925,35.0642858233,68.4432142462,51.263465207,22.8108472976
J03WOH,defender_own_goal_depth_m,near,33861,53.3028571521,38.4271429607,72.1828572409,54.7799849382,23.2160752116
J03WOH,local_two_neighbor_mean_distance_m,far,33861,12.9065056124,9.79070345758,16.5848168822,13.4785966832,5.45695083345
J03WOH,local_two_neighbor_mean_distance_m,middle,45148,10.1557346494,7.3992037011,13.2049402516,10.5274612201,4.55142696421
J03WOH,local_two_neighbor_mean_distance_m,near,33861,10.3236572285,7.38990992015,13.472819949,10.6348244049,4.71473639742
J03WOH,prior_absolute_path_m,far,33861,3.17083824003,2.13454554228,5.85428321577,4.11374594197,2.92222412888
J03WOH,prior_absolute_path_m,middle,45148,3.28882119535,2.19496950575,6.09496379256,4.23397320745,2.89415343703
J03WOH,prior_absolute_path_m,near,33861,3.22415454265,2.15807864535,6.06966109808,4.18232364197,2.91272035553
J03WOH,prior_attacker_path_m,far,33861,3.13852738865,2.0624851318,5.71517301061,3.99680652288,2.8135346499
J03WOH,prior_attacker_path_m,middle,45148,3.13852738865,2.0624851318,5.71517301061,3.99680652288,2.81352426331
J03WOH,prior_attacker_path_m,near,33861,3.13852738865,2.0624851318,5.71517301061,3.99680652288,2.8135346499
J03WOH,prior_defensive_centroid_path_m,far,33861,2.75058254205,1.37239912729,5.0406622783,3.34573557391,2.41216954951
J03WOH,prior_defensive_centroid_path_m,middle,45148,2.75058254205,1.37239912729,5.0406622783,3.34573557391,2.41216064462
J03WOH,prior_defensive_centroid_path_m,near,33861,2.75058254205,1.37239912729,5.0406622783,3.34573557391,2.41216954951
J03WOH,prior_focal_relative_path_m,far,33861,2.36424789819,1.49026457629,3.67642538564,2.80859834233,1.87646998733
J03WOH,prior_focal_relative_path_m,middle,45148,2.25919371505,1.41651734663,3.50025917735,2.69090537128,1.7959132789
J03WOH,prior_focal_relative_path_m,near,33861,2.28460636774,1.41661625558,3.60776309065,2.73463666775,1.86352199963
J03WOH,prior_other_nine_mean_absolute_path_m,far,33861,3.7550273612,2.33214593845,5.8477340765,4.19003951552,2.28680486019
J03WOH,prior_other_nine_mean_absolute_path_m,middle,45148,3.7694238911,2.33281099766,5.8076169099,4.17668093047,2.27205826408
J03WOH,prior_other_nine_mean_absolute_path_m,near,33861,3.74824087657,2.33769873963,5.79529089975,4.18241977107,2.27857139873
J03WOH,prior_terminal_speed_mps,far,33861,1.5456486553,1.00572327445,2.93205385929,2.03716383734,1.51914606635
J03WOH,prior_terminal_speed_mps,middle,45148,1.58154410246,1.03632975834,3.08324417367,2.09876461768,1.51518493423
J03WOH,prior_terminal_speed_mps,near,33861,1.56532806436,1.01016121477,3.05142895231,2.07631844038,1.52666396427
J03WOH,unit_depth_span_m,far,33861,34.1114286695,28.2728571211,41.2371428353,34.8831054655,9.18487291603
J03WOH,unit_depth_span_m,middle,45148,34.1114286695,28.2728571211,41.2371428353,34.8831054655,9.18483900868
J03WOH,unit_depth_span_m,near,33861,34.1114286695,28.2728571211,41.2371428353,34.8831054655,9.18487291603
J03WOH,unit_width_span_m,far,33861,37.9299997602,32.7199995858,43.1114286695,38.3897945858,8.88575725028
J03WOH,unit_width_span_m,middle,45148,37.9299997602,32.7199995858,43.1114286695,38.3897945858,8.88572444716
J03WOH,unit_width_span_m,near,33861,37.9299997602,32.7199995858,43.1114286695,38.3897945858,8.88575725028
J03WOY,attacker_abs_lateral_offset_from_centroid_m,far,34737,9.41371433394,4.48171417032,15.8261428305,11.0102367629,8.2328016895
J03WOY,attacker_abs_lateral_offset_from_centroid_m,middle,46316,9.41371433394,4.48171417032,15.8261428305,11.0102367629,8.23277206333
J03WOY,attacker_abs_lateral_offset_from_centroid_m,near,34737,9.41371433394,4.48171417032,15.8261428305,11.0102367629,8.2328016895
J03WOY,attacker_defender_start_distance_m,far,34737,33.6326682069,26.936805838,40.4477078095,34.192718008,9.87525673775
J03WOY,attacker_defender_start_distance_m,middle,46316,21.6332172745,16.2342324631,28.2673156486,22.6543100324,8.69402789667
J03WOY,attacker_defender_start_distance_m,near,34737,9.93553904342,5.82686915956,14.9101626313,11.18176374,7.27627103473
J03WOY,attacker_goalward_offset_from_centroid_m,far,34737,-5.72899935586,-14.8542845726,4.23371429443,-5.10818044012,13.1321011838
J03WOY,attacker_goalward_offset_from_centroid_m,middle,46316,-5.72899935586,-14.8542845726,4.23371429443,-5.10818044012,13.1320539273
J03WOY,attacker_goalward_offset_from_centroid_m,near,34737,-5.72899935586,-14.8542845726,4.23371429443,-5.10818044012,13.1321011838
J03WOY,ball_abs_lateral_offset_from_centroid_m,far,34737,11.0575714026,5.07785704104,17.5162855778,11.6903250204,7.65655447098
J03WOY,ball_abs_lateral_offset_from_centroid_m,middle,46316,11.0575714026,5.07785704104,17.5162855778,11.6903250204,7.65652691846
J03WOY,ball_abs_lateral_offset_from_centroid_m,near,34737,11.0575714026,5.07785704104,17.5162855778,11.6903250204,7.65655447098
J03WOY,ball_defender_distance_m,far,34737,28.3872522903,15.7588269095,40.4475784198,28.7360411663,15.8966247278
J03WOY,ball_defender_distance_m,middle,46316,24.5006613348,15.2299138207,34.641343891,25.615382375,13.8051458543
J03WOY,ball_defender_distance_m,near,34737,24.6961131585,14.584755846,35.4481608858,25.8536682558,14.4172140304
J03WOY,ball_goalward_offset_from_centroid_m,far,34737,-2.07457107135,-15.8605699267,12.9227128165,-0.283677409499,21.1751040563
J03WOY,ball_goalward_offset_from_centroid_m,middle,46316,-2.07457107135,-15.8605699267,12.9227128165,-0.283677409499,21.1750278566
J03WOY,ball_goalward_offset_from_centroid_m,near,34737,-2.07457107135,-15.8605699267,12.9227128165,-0.283677409499,21.1751040563
J03WOY,defender_abs_lateral_offset_from_centroid_m,far,34737,12.6055714718,6.96585714136,17.9938568081,12.8741188982,7.42783000385
J03WOY,defender_abs_lateral_offset_from_centroid_m,middle,46316,7.01085706949,3.48128562655,12.4933570853,8.4580064845,6.30662507622
J03WOY,defender_abs_lateral_offset_from_centroid_m,near,34737,7.32685715812,3.60228556224,12.9062855925,8.66697546111,6.31764112514
J03WOY,defender_centroid_distance_m,far,34737,18.9163965572,15.1225997629,23.3203911979,19.4025937938,6.03295764844
J03WOY,defender_centroid_distance_m,middle,46316,12.2641131613,7.779375537,17.4915565475,12.9748729932,6.75873209724
J03WOY,defender_centroid_distance_m,near,34737,13.4620443158,8.5995377569,18.591624667,13.9107023449,6.79428930881
J03WOY,defender_fixed_x_m,far,34737,-1.93714284897,-17.2557144165,12.0099999564,-1.6716084152,21.7156408172
J03WOY,defender_fixed_x_m,middle,46316,-3.67000007629,-18.1928569249,13.2571430206,-1.91036510013,21.6125820218
J03WOY,defender_fixed_x_m,near,34737,-2.76571430479,-17.9899997711,12.5300000054,-1.83750093755,21.3105682489
J03WOY,defender_fixed_y_m,far,34737,-0.340000003576,-13.9200000763,12.6185712814,-0.744620024281,16.90947195
J03WOY,defender_fixed_y_m,middle,46316,-0.784285707133,-11.9300000327,9.10285731724,-1.28739784348,14.8325599454
J03WOY,defender_fixed_y_m,near,34737,-1.13857141563,-11.8028572627,9.17857129233,-1.2231967948,14.7540340385
J03WOY,defender_goalward_offset_from_centroid_m,far,34737,5.80571467536,-8.45571439607,12.0317142742,2.03474991364,13.7042828271
J03WOY,defender_goalward_offset_from_centroid_m,middle,46316,1.61628570727,-6.45257131372,7.86771424157,0.491519109471,10.1230869401
J03WOY,defender_goalward_offset_from_centroid_m,near,34737,-2.70471408708,-10.3194283892,5.38328572341,-2.69010872626,10.8354727137
J03WOY,defender_lateral_offset_from_centroid_m,far,34737,0.375714165824,-12.1159999405,13.1002856304,0.360684158836,14.8590131121
J03WOY,defender_lateral_offset_from_centroid_m,middle,46316,-0.563571246181,-7.07914284388,6.90717862738,-0.182093660364,10.5489231356
J03WOY,defender_lateral_offset_from_centroid_m,near,34737,-0.765285621371,-7.33628617014,7.29200000678,-0.117892611684,10.7246126484
J03WOY,defender_own_goal_depth_m,far,34737,45.4428571292,31.4657143184,58.6228571619,45.7635517011,20.7118895598
J03WOY,defender_own_goal_depth_m,middle,46316,45.9864285673,32.0871429443,61.7457143239,47.3067825053,21.0661620854
J03WOY,defender_own_goal_depth_m,near,34737,49.5371428898,34.8185713632,65.2414285115,50.488410341,21.2948401389
J03WOY,local_two_neighbor_mean_distance_m,far,34737,12.4921091979,9.49698474954,16.0238074975,13.0292124699,5.06475466488
J03WOY,local_two_neighbor_mean_distance_m,middle,46316,10.1307308254,7.59020361778,13.0139968498,10.571410204,4.34106613669
J03WOY,local_two_neighbor_mean_distance_m,near,34737,10.3563834143,7.7581575982,13.2255934191,10.7300900688,4.38605626123
J03WOY,prior_absolute_path_m,far,34737,3.13298909853,2.04214781538,5.74665023037,4.05043100467,2.93905924702
J03WOY,prior_absolute_path_m,middle,46316,3.32469083779,2.1732500807,6.06883150357,4.20735231254,2.84102180342
J03WOY,prior_absolute_path_m,near,34737,3.32800542302,2.18462886401,6.08445511335,4.23273594222,2.85600149447
J03WOY,prior_attacker_path_m,far,34737,3.19900715177,2.07443194886,5.72016709678,4.03686450795,2.78710155091
J03WOY,prior_attacker_path_m,middle,46316,3.19900715177,2.07443194886,5.72016709678,4.03686450795,2.78709152138
J03WOY,prior_attacker_path_m,near,34737,3.19900715177,2.07443194886,5.72016709678,4.03686450795,2.78710155091
J03WOY,prior_defensive_centroid_path_m,far,34737,2.88703966891,1.37974967036,4.8683904017,3.31168546142,2.31342313376
J03WOY,prior_defensive_centroid_path_m,middle,46316,2.88703966891,1.37974967036,4.8683904017,3.31168546142,2.31341480878
J03WOY,prior_defensive_centroid_path_m,near,34737,2.88703966891,1.37974967036,4.8683904017,3.31168546142,2.31342313376
J03WOY,prior_focal_relative_path_m,far,34737,2.3270843016,1.46222655904,3.67145524816,2.82676710922,1.94420231198
J03WOY,prior_focal_relative_path_m,middle,46316,2.28929897423,1.41578322201,3.539236257,2.73447556027,1.84702441069
J03WOY,prior_focal_relative_path_m,near,34737,2.31626609044,1.44238253047,3.65792791306,2.81583686268,1.92814250311
J03WOY,prior_other_nine_mean_absolute_path_m,far,34737,3.88415221058,2.37862080474,5.67711700495,4.18094212068,2.21311610591
J03WOY,prior_other_nine_mean_absolute_path_m,middle,46316,3.87381994509,2.36462430201,5.66862713668,4.16350641981,2.20687608205
J03WOY,prior_other_nine_mean_absolute_path_m,near,34737,3.86222677171,2.35036580895,5.66500777825,4.16068601651,2.21391415819
J03WOY,prior_terminal_speed_mps,far,34737,1.52069072217,0.964944997594,2.86650562775,1.99793171201,1.51551584984
J03WOY,prior_terminal_speed_mps,middle,46316,1.60397376399,1.01582785101,3.02308194279,2.0797089155,1.48934439646
J03WOY,prior_terminal_speed_mps,near,34737,1.59918474177,1.03571755545,3.03718530613,2.09415196698,1.49448690867
J03WOY,unit_depth_span_m,far,34737,34.0514287267,27.5371423449,40.1142856053,34.3827699302,9.45389965922
J03WOY,unit_depth_span_m,middle,46316,34.0514287267,27.5371423449,40.1142856053,34.3827699302,9.45386563887
J03WOY,unit_depth_span_m,near,34737,34.0514287267,27.5371423449,40.1142856053,34.3827699302,9.45389965922
J03WOY,unit_width_span_m,far,34737,38.3742856979,32.8742858342,43.785713332,38.5454252359,8.30361090479
J03WOY,unit_width_span_m,middle,46316,38.3742856979,32.8742858342,43.785713332,38.5454252359,8.30358102381
J03WOY,unit_width_span_m,near,34737,38.3742856979,32.8742858342,43.785713332,38.5454252359,8.30361090479
J03WPY,attacker_abs_lateral_offset_from_centroid_m,far,37299,9.54942873887,4.43071419512,16.1134286199,11.1259193597,8.34119531918
J03WPY,attacker_abs_lateral_offset_from_centroid_m,middle,49732,9.54942873887,4.43071419512,16.1134286199,11.1259193597,8.34116736476
J03WPY,attacker_abs_lateral_offset_from_centroid_m,near,37299,9.54942873887,4.43071419512,16.1134286199,11.1259193597,8.34119531918
J03WPY,attacker_defender_start_distance_m,far,37299,32.9864410679,26.8240059111,39.6689502705,33.6594745284,9.30323994982
J03WPY,attacker_defender_start_distance_m,middle,49732,21.2589611044,16.09858423,27.6918601047,22.282697102,8.37040403689
J03WPY,attacker_defender_start_distance_m,near,37299,9.6930871293,5.82051099562,14.3243291491,10.7663888682,6.58967293296
J03WPY,attacker_goalward_offset_from_centroid_m,far,37299,-5.87300002064,-14.5130001689,3.50200010368,-5.56590124988,11.9114454383
J03WPY,attacker_goalward_offset_from_centroid_m,middle,49732,-5.87300002064,-14.5130001689,3.50200010368,-5.56590124988,11.9114055186
J03WPY,attacker_goalward_offset_from_centroid_m,near,37299,-5.87300002064,-14.5130001689,3.50200010368,-5.56590124988,11.9114454383
J03WPY,ball_abs_lateral_offset_from_centroid_m,far,37299,13.6485710757,5.67857151372,19.3088572298,13.3360614437,8.19680377391
J03WPY,ball_abs_lateral_offset_from_centroid_m,middle,49732,13.6485710757,5.67857151372,19.3088572298,13.3360614437,8.1967763034
J03WPY,ball_abs_lateral_offset_from_centroid_m,near,37299,13.6485710757,5.67857151372,19.3088572298,13.3360614437,8.19680377391
J03WPY,ball_defender_distance_m,far,37299,28.7588750629,16.0129033473,39.1838951743,28.2916142868,15.1552718421
J03WPY,ball_defender_distance_m,middle,49732,24.598256193,15.0926959505,34.0804456857,25.2765362314,13.3398713176
J03WPY,ball_defender_distance_m,near,37299,24.202854827,14.2891139532,34.4940859905,25.2727244997,13.9669855891
J03WPY,ball_goalward_offset_from_centroid_m,far,37299,-6.74442755835,-17.0200001035,6.11957175391,-3.77406190252,18.7766886612
J03WPY,ball_goalward_offset_from_centroid_m,middle,49732,-6.74442755835,-17.0200001035,6.11957175391,-3.77406190252,18.7766257336
J03WPY,ball_goalward_offset_from_centroid_m,near,37299,-6.74442755835,-17.0200001035,6.11957175391,-3.77406190252,18.7766886612
J03WPY,defender_abs_lateral_offset_from_centroid_m,far,37299,12.743571341,7.16957140139,18.1534998149,13.0229454358,7.53942894152
J03WPY,defender_abs_lateral_offset_from_centroid_m,middle,49732,7.35085719647,3.71739286376,12.2575711727,8.52945822292,6.11668163348
J03WPY,defender_abs_lateral_offset_from_centroid_m,near,37299,7.76885708485,3.91357144288,12.9610714648,8.93723278794,6.28865707064
J03WPY,defender_centroid_distance_m,far,37299,18.7158407588,15.107791514,22.4759436514,19.1244480419,5.69592967789
J03WPY,defender_centroid_distance_m,middle,49732,12.5237485379,8.10148811608,17.2616123807,13.0032874256,6.26008018459
J03WPY,defender_centroid_distance_m,near,37299,13.7585780002,8.88939702579,18.5388516513,14.006548289,6.44158237399
J03WPY,defender_fixed_x_m,far,37299,0.598571423973,-14.4278571265,17.1221427917,1.31910483837,22.7752032426
J03WPY,defender_fixed_x_m,middle,49732,0.782142862678,-15.2885713577,17.4828572954,0.745832892281,22.7046611707
J03WPY,defender_fixed_x_m,near,37299,0.5,-15.2821427754,15.8942856107,0.0725498178901,22.6871987488
J03WPY,defender_fixed_y_m,far,37299,-1.65142858028,-14.7528571401,11.3614285333,-1.53076471414,16.8438497076
J03WPY,defender_fixed_y_m,middle,49732,-0.957142863955,-10.4728572028,8.07428571156,-1.0396244756,13.7838331343
J03WPY,defender_fixed_y_m,near,37299,-1.1285714422,-11.0728571756,7.72142859868,-1.28658968684,13.7814729788
J03WPY,defender_goalward_offset_from_centroid_m,far,37299,5.70857091631,-8.13535714831,11.7708571536,2.21979794296,12.916100616
J03WPY,defender_goalward_offset_from_centroid_m,middle,49732,1.56307177458,-6.44199989183,8.13285719327,0.47089997111,9.89387799922
J03WPY,defender_goalward_offset_from_centroid_m,near,37299,-3.14285714967,-10.4404287679,5.14549965518,-2.84766457111,10.4952250213
J03WPY,defender_lateral_offset_from_centroid_m,far,37299,-0.667000034877,-12.9852859122,12.4852142055,-0.269708603607,15.0456604704
J03WPY,defender_lateral_offset_from_centroid_m,middle,49732,0.409571494375,-7.06614289709,7.64171426041,0.221431634934,10.4937067679
J03WPY,defender_lateral_offset_from_centroid_m,near,37299,0.0464285509927,-7.76442857598,7.77035707959,-0.025533576305,10.9280751823
J03WPY,defender_own_goal_depth_m,far,37299,45.6700000763,31.9671429225,61.6157142775,47.1616388797,22.1799707721
J03WPY,defender_own_goal_depth_m,middle,49732,46.8364285401,32.6971427373,64.1014285769,48.9105368515,22.4315271881
J03WPY,defender_own_goal_depth_m,near,37299,50.2457142557,36.4235715185,67.2757143293,52.2291013937,22.6856973149
J03WPY,local_two_neighbor_mean_distance_m,far,37299,12.1821086356,9.36635622803,15.2960869924,12.5853249546,5.05182508958
J03WPY,local_two_neighbor_mean_distance_m,middle,49732,10.2002173211,7.63234206105,12.8566405965,10.3529953978,4.15360762638
J03WPY,local_two_neighbor_mean_distance_m,near,37299,10.4223016176,7.7275237786,13.1325514493,10.5469356002,4.26010513352
J03WPY,prior_absolute_path_m,far,37299,3.07365153719,1.95757131204,5.68101015013,3.9882732736,2.99825217516
J03WPY,prior_absolute_path_m,middle,49732,3.16619841704,2.04213586844,5.78143579816,4.04279313743,2.91579731619
J03WPY,prior_absolute_path_m,near,37299,3.09918211924,1.98550343585,5.75370051694,4.00582861494,2.9304279807
J03WPY,prior_attacker_path_m,far,37299,3.02404170551,1.84269278519,5.53353223918,3.84948576944,2.82477498805
J03WPY,prior_attacker_path_m,middle,49732,3.02404170551,1.84269278519,5.53353223918,3.84948576944,2.82476552118
J03WPY,prior_attacker_path_m,near,37299,3.02404170551,1.84269278519,5.53353223918,3.84948576944,2.82477498805
J03WPY,prior_defensive_centroid_path_m,far,37299,2.67315089173,1.20593231422,4.76325183084,3.19913309405,2.37001970925
J03WPY,prior_defensive_centroid_path_m,middle,49732,2.67315089173,1.20593231422,4.76325183084,3.19913309405,2.37001176643
J03WPY,prior_defensive_centroid_path_m,near,37299,2.67315089173,1.20593231422,4.76325183084,3.19913309405,2.37001970925
J03WPY,prior_focal_relative_path_m,far,37299,2.27669598697,1.39779036716,3.59169455623,2.77364329624,2.01560909475
J03WPY,prior_focal_relative_path_m,middle,49732,2.14968589436,1.31893047411,3.37897152222,2.61505301441,1.89010383516
J03WPY,prior_focal_relative_path_m,near,37299,2.18538514437,1.33496060909,3.44876482963,2.66527207184,1.9404171875
J03WPY,prior_other_nine_mean_absolute_path_m,far,37299,3.62520229143,2.26296161274,5.542190161,4.01835610464,2.31499866808
J03WPY,prior_other_nine_mean_absolute_path_m,middle,49732,3.63053248096,2.26208560303,5.50820863142,4.01229834199,2.30519825955
J03WPY,prior_other_nine_mean_absolute_path_m,near,37299,3.62889479096,2.27453611548,5.50307073265,4.01640551116,2.31038913018
J03WPY,prior_terminal_speed_mps,far,37299,1.49914900326,0.914733821188,2.87605079938,1.96873192214,1.53280613162
J03WPY,prior_terminal_speed_mps,middle,49732,1.52634468229,0.952975542509,2.93661857579,2.00339089472,1.52448615721
J03WPY,prior_terminal_speed_mps,near,37299,1.49914863813,0.927196490824,2.93335659119,1.98506016059,1.52143923016
J03WPY,unit_depth_span_m,far,37299,31.5400000981,26.8728568213,37.9042845156,32.6195405038,8.13268301386
J03WPY,unit_depth_span_m,middle,49732,31.5400000981,26.8728568213,37.9042845156,32.6195405038,8.13265575823
J03WPY,unit_depth_span_m,near,37299,31.5400000981,26.8728568213,37.9042845156,32.6195405038,8.13268301386
J03WPY,unit_width_span_m,far,37299,38.8300001281,33.1528572355,43.7242855344,38.7136957035,8.08600846516
J03WPY,unit_width_span_m,middle,49732,38.8300001281,33.1528572355,43.7242855344,38.7136957035,8.08598136596
J03WPY,unit_width_span_m,near,37299,38.8300001281,33.1528572355,43.7242855344,38.7136957035,8.08600846516
J03WQQ,attacker_abs_lateral_offset_from_centroid_m,far,30000,9.04850007381,3.91696440695,16.3721428737,11.1291883569,8.78979330951
J03WQQ,attacker_abs_lateral_offset_from_centroid_m,middle,40000,9.04850007381,3.91696440695,16.3721428737,11.1291883569,8.78975668437
J03WQQ,attacker_abs_lateral_offset_from_centroid_m,near,30000,9.04850007381,3.91696440695,16.3721428737,11.1291883569,8.78979330951
J03WQQ,attacker_defender_start_distance_m,far,30000,33.1805603814,26.0443036607,40.3282730367,33.3044991413,10.6646255282
J03WQQ,attacker_defender_start_distance_m,middle,40000,21.2704606416,15.4323456761,28.3190968177,21.9810550166,9.17673832107
J03WQQ,attacker_defender_start_distance_m,near,30000,9.75147569132,5.5359978048,14.9062232237,10.9132761484,6.89485405551
J03WQQ,attacker_goalward_offset_from_centroid_m,far,30000,-5.9710711079,-14.9248571736,3.00435723705,-6.06474540485,11.8599021991
J03WQQ,attacker_goalward_offset_from_centroid_m,middle,40000,-5.9710711079,-14.9248571736,3.00435723705,-6.06474540485,11.8598527815
J03WQQ,attacker_goalward_offset_from_centroid_m,near,30000,-5.9710711079,-14.9248571736,3.00435723705,-6.06474540485,11.8599021991
J03WQQ,ball_abs_lateral_offset_from_centroid_m,far,30000,11.8737141779,5.39314305186,18.2002848693,12.2023488198,7.80393902336
J03WQQ,ball_abs_lateral_offset_from_centroid_m,middle,40000,11.8737141779,5.39314305186,18.2002848693,12.2023488198,7.80390650607
J03WQQ,ball_abs_lateral_offset_from_centroid_m,near,30000,11.8737141779,5.39314305186,18.2002848693,12.2023488198,7.80393902336
J03WQQ,ball_defender_distance_m,far,30000,26.6317121903,14.2941678521,38.5952864797,26.9417727001,14.9354088874
J03WQQ,ball_defender_distance_m,middle,40000,22.6609548046,13.3253953024,32.2241551963,23.3940297406,12.9357517774
J03WQQ,ball_defender_distance_m,near,30000,22.1450849857,12.2071464664,32.4077119475,23.122918718,13.4827011076
J03WQQ,ball_goalward_offset_from_centroid_m,far,30000,-6.9068571642,-19.1187139375,2.30142845086,-6.60682682797,16.3324173831
J03WQQ,ball_goalward_offset_from_centroid_m,middle,40000,-6.9068571642,-19.1187139375,2.30142845086,-6.60682682797,16.3323493295
J03WQQ,ball_goalward_offset_from_centroid_m,near,30000,-6.9068571642,-19.1187139375,2.30142845086,-6.60682682797,16.3324173831
J03WQQ,defender_abs_lateral_offset_from_centroid_m,far,30000,12.1354285581,6.97903572406,18.2918573328,12.9118787846,7.87532614501
J03WQQ,defender_abs_lateral_offset_from_centroid_m,middle,40000,6.78142843246,2.97671428067,11.6417142196,8.07199455629,6.30310885016
J03WQQ,defender_abs_lateral_offset_from_centroid_m,near,30000,7.49771435601,3.46457141553,12.4735714214,8.69324847424,6.42563402439
J03WQQ,defender_centroid_distance_m,far,30000,18.4315762742,14.0844408933,22.9738316099,18.7095538841,6.80755850719
J03WQQ,defender_centroid_distance_m,middle,40000,11.6500290074,7.17051416071,16.5840518719,12.2537989761,6.73224169432
J03WQQ,defender_centroid_distance_m,near,30000,12.975901391,7.93694227105,18.1669829194,13.389530003,6.92256317261
J03WQQ,defender_fixed_x_m,far,30000,0.251428570066,-15.2735714572,18.9414288657,0.832678476453,24.031915975
J03WQQ,defender_fixed_x_m,middle,40000,1.04857142482,-16.8471429007,22.0853570529,1.41207988882,24.078619389
J03WQQ,defender_fixed_x_m,near,30000,1.73000001056,-15.7757141931,22.5975003242,2.00434604183,24.0108160028
J03WQQ,defender_fixed_y_m,far,30000,-0.498571427805,-13.7128571442,11.3367856571,-0.874525289188,16.7431707681
J03WQQ,defender_fixed_y_m,middle,40000,-0.752857140132,-10.3628572736,8.56999969482,-0.941638141694,14.1917412683
J03WQQ,defender_fixed_y_m,near,30000,-1.08285714899,-11.1085714613,8.49571418762,-1.15714628195,14.350748904
J03WQQ,defender_goalward_offset_from_centroid_m,far,30000,4.95585671493,-6.69471427633,11.3719642635,2.19737369239,12.7605008861
J03WQQ,defender_goalward_offset_from_centroid_m,middle,40000,1.33714308398,-5.2628570182,7.39528516547,0.484876779732,9.50575635755
J03WQQ,defender_goalward_offset_from_centroid_m,near,30000,-2.54200047084,-10.0414285362,4.27542834282,-2.84387606536,10.1121515648
J03WQQ,defender_lateral_offset_from_centroid_m,far,30000,0.0857143163681,-11.8972500373,12.3247142894,0.111631438832,15.1238378414
J03WQQ,defender_lateral_offset_from_centroid_m,middle,40000,-0.000857080732072,-6.79285706069,6.77285706827,0.0445185863258,10.2413829295
J03WQQ,defender_lateral_offset_from_centroid_m,near,30000,-0.340143094744,-7.63957135762,7.33189282477,-0.170989553933,10.8090065417
J03WQQ,defender_own_goal_depth_m,far,30000,46.9321427345,30.6596431732,63.9299998965,47.5600581909,23.5334341618
J03WQQ,defender_own_goal_depth_m,middle,40000,47.9142856598,30.5300001417,68.3328572682,49.2725551035,23.9030807672
J03WQQ,defender_own_goal_depth_m,near,30000,51.2378571374,34.0471425738,73.2028572219,52.6013079486,24.0941187523
J03WQQ,local_two_neighbor_mean_distance_m,far,30000,12.0936538445,9.10479476372,15.673971066,12.6812306962,5.60638254929
J03WQQ,local_two_neighbor_mean_distance_m,middle,40000,9.81739302577,7.00741016148,12.6270588156,9.90784249685,4.56189193165
J03WQQ,local_two_neighbor_mean_distance_m,near,30000,10.0860238023,7.10955741567,13.0886854449,10.1494399412,4.74395448096
J03WQQ,prior_absolute_path_m,far,30000,3.33800269504,2.11907627407,5.92058864779,4.17864297793,2.91536798938
J03WQQ,prior_absolute_path_m,middle,40000,3.51276195421,2.18101271062,6.19120849992,4.31848336603,2.89194604777
J03WQQ,prior_absolute_path_m,near,30000,3.54732985611,2.17106485023,6.25088654168,4.34958057304,2.92192019462
J03WQQ,prior_attacker_path_m,far,30000,3.27654257446,2.03812756736,5.84567948045,4.0880949472,2.82622160487
J03WQQ,prior_attacker_path_m,middle,40000,3.27654257446,2.03812756736,5.84567948045,4.0880949472,2.82620982863
J03WQQ,prior_attacker_path_m,near,30000,3.27654257446,2.03812756736,5.84567948045,4.0880949472,2.82622160487
J03WQQ,prior_defensive_centroid_path_m,far,30000,2.9371473451,1.39475708668,4.93962915765,3.35642737035,2.36241917934
J03WQQ,prior_defensive_centroid_path_m,middle,40000,2.9371473451,1.39475708668,4.93962915765,3.35642737035,2.36240933566
J03WQQ,prior_defensive_centroid_path_m,near,30000,2.9371473451,1.39475708668,4.93962915765,3.35642737035,2.36241917934
J03WQQ,prior_focal_relative_path_m,far,30000,2.44935354141,1.53039957034,3.85701791467,2.92713675467,1.94554131021
J03WQQ,prior_focal_relative_path_m,middle,40000,2.40944310496,1.48937874022,3.76393168446,2.8626538944,1.90149878735
J03WQQ,prior_focal_relative_path_m,near,30000,2.46970258346,1.5033299379,3.89341808622,2.9395772363,1.96452479659
J03WQQ,prior_other_nine_mean_absolute_path_m,far,30000,4.01549591648,2.53257554359,5.81842593008,4.2977734599,2.23302045395
J03WQQ,prior_other_nine_mean_absolute_path_m,middle,40000,4.00466540003,2.52263238543,5.79641865913,4.282235639,2.22117271573
J03WQQ,prior_other_nine_mean_absolute_path_m,near,30000,3.99369959189,2.53921488675,5.78617761064,4.27878039378,2.22465334816
J03WQQ,prior_terminal_speed_mps,far,30000,1.61070641126,0.980680042667,2.95070113909,2.07208251868,1.52619010647
J03WQQ,prior_terminal_speed_mps,middle,40000,1.67856897627,1.01141319684,3.12841593673,2.15160269751,1.53043316961
J03WQQ,prior_terminal_speed_mps,near,30000,1.66483885778,1.02269776381,3.16308563071,2.16149742545,1.54611705825
J03WQQ,unit_depth_span_m,far,30000,31.4742857047,25.3785716806,37.7914278848,31.6824648691,10.2012807526
J03WQQ,unit_depth_span_m,middle,40000,31.4742857047,25.3785716806,37.7914278848,31.6824648691,10.2012382461
J03WQQ,unit_depth_span_m,near,30000,31.4742857047,25.3785716806,37.7914278848,31.6824648691,10.2012807526
J03WQQ,unit_width_span_m,far,30000,40.1142857415,33.2457140514,44.7685713087,38.7130628464,9.63797166013
J03WQQ,unit_width_span_m,middle,40000,40.1142857415,33.2457140514,44.7685713087,38.7130628464,9.63793150083
J03WQQ,unit_width_span_m,near,30000,40.1142857415,33.2457140514,44.7685713087,38.7130628464,9.63797166013
J03WR9,attacker_abs_lateral_offset_from_centroid_m,far,34614,10.0146426899,4.70000000319,17.4501430137,11.9131330501,8.9016152713
J03WR9,attacker_abs_lateral_offset_from_centroid_m,middle,46152,10.0146426899,4.70000000319,17.4501430137,11.9131330501,8.90158312454
J03WR9,attacker_abs_lateral_offset_from_centroid_m,near,34614,10.0146426899,4.70000000319,17.4501430137,11.9131330501,8.9016152713
J03WR9,attacker_defender_start_distance_m,far,34614,34.5287741409,27.7381056262,41.6631510503,34.9697373566,9.77380143508
J03WR9,attacker_defender_start_distance_m,middle,46152,22.452767244,16.6675123578,29.295374257,23.2538096794,8.81116250835
J03WR9,attacker_defender_start_distance_m,near,34614,10.0882482201,5.8602697584,15.4346422998,11.2803767276,7.00615808382
J03WR9,attacker_goalward_offset_from_centroid_m,far,34614,-6.13064259461,-15.5267142977,3.48714308058,-6.10035263932,12.1883942556
J03WR9,attacker_goalward_offset_from_centroid_m,middle,46152,-6.13064259461,-15.5267142977,3.48714308058,-6.10035263932,12.1883502391
J03WR9,attacker_goalward_offset_from_centroid_m,near,34614,-6.13064259461,-15.5267142977,3.48714308058,-6.10035263932,12.1883942556
J03WR9,ball_abs_lateral_offset_from_centroid_m,far,34614,9.85457132629,4.04285717436,17.5958574431,11.1929554996,8.04011706452
J03WR9,ball_abs_lateral_offset_from_centroid_m,middle,46152,9.85457132629,4.04285717436,17.5958574431,11.1929554996,8.04008802892
J03WR9,ball_abs_lateral_offset_from_centroid_m,near,34614,9.85457132629,4.04285717436,17.5958574431,11.1929554996,8.04011706452
J03WR9,ball_defender_distance_m,far,34614,27.8567459965,16.0286386764,38.9291989485,27.7775222855,14.6647182255
J03WR9,ball_defender_distance_m,middle,46152,23.5160943042,14.1228931393,33.1616430773,24.2883671495,13.0603892405
J03WR9,ball_defender_distance_m,near,34614,23.1325069343,13.3294811553,33.7907801873,24.2769441097,13.7198637897
J03WR9,ball_goalward_offset_from_centroid_m,far,34614,-6.84071422241,-19.354142814,3.57942857019,-6.01691013036,17.8467397343
J03WR9,ball_goalward_offset_from_centroid_m,middle,46152,-6.84071422241,-19.354142814,3.57942857019,-6.01691013036,17.8466752836
J03WR9,ball_goalward_offset_from_centroid_m,near,34614,-6.84071422241,-19.354142814,3.57942857019,-6.01691013036,17.8467397343
J03WR9,defender_abs_lateral_offset_from_centroid_m,far,34614,13.7938570023,7.51971430414,19.1324284826,13.7369857036,7.48756384703
J03WR9,defender_abs_lateral_offset_from_centroid_m,middle,46152,7.1074285371,3.68514286498,12.6385714545,8.68529881244,6.46740280808
J03WR9,defender_abs_lateral_offset_from_centroid_m,near,34614,7.80914302553,4.11246423445,14.2592857135,9.45420317815,6.74225472476
J03WR9,defender_centroid_distance_m,far,34614,19.3213784666,15.3709867355,23.0900605703,19.5512703147,5.90391703494
J03WR9,defender_centroid_distance_m,middle,46152,12.5077137776,8.25591543395,17.6420971286,13.257668605,6.55148282167
J03WR9,defender_centroid_distance_m,near,34614,14.0555089068,9.04994528069,19.281185132,14.434942097,6.76472905273
J03WR9,defender_fixed_x_m,far,34614,3.13142858233,-11.6400000708,19.5142857688,3.64882834607,21.4010798211
J03WR9,defender_fixed_x_m,middle,46152,3.56142858097,-12.9357144492,21.0857143402,3.67188526432,21.9729877737
J03WR9,defender_fixed_x_m,near,34614,3.60571428708,-11.8750000341,20.4357141767,3.76912999667,21.6189473593
J03WR9,defender_fixed_y_m,far,34614,-0.312142856951,-14.0228571211,13.5728571756,-0.261407070105,16.873647649
J03WR9,defender_fixed_y_m,middle,46152,-0.0271428572014,-9.51857144492,9.43142850058,-0.000191170475255,14.0468341833
J03WR9,defender_fixed_y_m,near,34614,-0.262857143368,-10.8614285333,9.80285739899,-0.299679361743,14.4721776457
J03WR9,defender_goalward_offset_from_centroid_m,far,34614,6.17528509412,-7.67957136205,11.7698570865,2.32028703067,12.9213669168
J03WR9,defender_goalward_offset_from_centroid_m,middle,46152,1.82785716142,-7.01614353997,8.3029999154,0.492617549558,10.059099668
J03WR9,defender_goalward_offset_from_centroid_m,near,34614,-3.25185711043,-10.5187857394,5.16528551919,-2.97711043008,10.5085275378
J03WR9,defender_lateral_offset_from_centroid_m,far,34614,-0.300857075623,-13.7031786001,13.886571269,-0.0930046723601,15.6449733241
J03WR9,defender_lateral_offset_from_centroid_m,middle,46152,0.208428542529,-7.0025714159,7.17528573786,0.168211227269,10.8275137232
J03WR9,defender_lateral_offset_from_centroid_m,near,34614,0.0277141881841,-7.83100000897,7.74971436901,-0.131276963999,11.6114299159
J03WR9,defender_own_goal_depth_m,far,34614,45.5964285646,31.4857139587,60.3842857565,46.2346712277,20.7861750147
J03WR9,defender_own_goal_depth_m,middle,46152,46.0242857933,31.9032140459,63.833928551,48.0623407088,21.8312156911
J03WR9,defender_own_goal_depth_m,near,34614,49.9242857184,35.5824996403,67.6353572096,51.5320686884,21.923702201
J03WR9,local_two_neighbor_mean_distance_m,far,34614,12.6306542324,9.82340281743,16.1002563771,13.2657351364,5.17637556256
J03WR9,local_two_neighbor_mean_distance_m,middle,46152,10.4328695661,7.86704632701,13.187635648,10.7006866493,4.37786403392
J03WR9,local_two_neighbor_mean_distance_m,near,34614,10.759550148,8.01728622239,13.6702908956,11.0054054098,4.58589005423
J03WR9,prior_absolute_path_m,far,34614,3.12841954731,2.11608342856,5.35711510443,3.91212028383,2.68764674125
J03WR9,prior_absolute_path_m,middle,46152,3.26739470866,2.22354368272,5.6053234207,4.06495002801,2.67173159332
J03WR9,prior_absolute_path_m,near,34614,3.25598647449,2.20332976979,5.6176161395,4.06085400791,2.6953688199
J03WR9,prior_attacker_path_m,far,34614,3.12527331956,2.09921751361,5.38080049589,3.89880147165,2.64508120095
J03WR9,prior_attacker_path_m,middle,46152,3.12527331956,2.09921751361,5.38080049589,3.89880147165,2.64507164866
J03WR9,prior_attacker_path_m,near,34614,3.12527331956,2.09921751361,5.38080049589,3.89880147165,2.64508120095
J03WR9,prior_defensive_centroid_path_m,far,34614,2.6678691889,1.54447191216,4.32129885787,3.12576454059,2.06667221643
J03WR9,prior_defensive_centroid_path_m,middle,46152,2.6678691889,1.54447191216,4.32129885787,3.12576454059,2.06666475297
J03WR9,prior_defensive_centroid_path_m,near,34614,2.6678691889,1.54447191216,4.32129885787,3.12576454059,2.06667221643
J03WR9,prior_focal_relative_path_m,far,34614,2.34511065589,1.49297284053,3.68128610292,2.8355127298,1.90728734692
J03WR9,prior_focal_relative_path_m,middle,46152,2.27400522583,1.45515266277,3.5324474745,2.74582615158,1.84752916776
J03WR9,prior_focal_relative_path_m,near,34614,2.34054372512,1.48017798983,3.67655827354,2.82558246237,1.90930651196
J03WR9,prior_other_nine_mean_absolute_path_m,far,34614,3.67413417839,2.53249407754,5.24640536525,4.0296225226,1.99660890734
J03WR9,prior_other_nine_mean_absolute_path_m,middle,46152,3.67822315704,2.51596729391,5.23446145947,4.01264143992,1.98423504221
J03WR9,prior_other_nine_mean_absolute_path_m,near,34614,3.67307152237,2.51519827115,5.23814714516,4.01309655326,1.98958389294
J03WR9,prior_terminal_speed_mps,far,34614,1.5361306206,1.01014820945,2.71991950308,1.95109630362,1.41570180508
J03WR9,prior_terminal_speed_mps,middle,46152,1.5911885622,1.06545898989,2.86517136332,2.02803895121,1.41377010946
J03WR9,prior_terminal_speed_mps,near,34614,1.58597160986,1.06186381868,2.85379584999,2.0320078547,1.43050447245
J03WR9,unit_depth_span_m,far,34614,32.5685719081,27.4614284464,38.0342861755,33.0855062902,8.138776809
J03WR9,unit_depth_span_m,middle,46152,32.5685719081,27.4614284464,38.0342861755,33.0855062902,8.13874741711
J03WR9,unit_depth_span_m,near,34614,32.5685719081,27.4614284464,38.0342861755,33.0855062902,8.138776809
J03WR9,unit_width_span_m,far,34614,39.5242859977,33.6871429171,43.6457143511,39.3414591576,9.00253279083
J03WR9,unit_width_span_m,middle,46152,39.5242859977,33.6871429171,43.6457143511,39.3414591576,9.00250027962
J03WR9,unit_width_span_m,near,34614,39.5242859977,33.6871429171,43.6457143511,39.3414591576,9.00253279083
metrica_game_1,attacker_abs_lateral_offset_from_centroid_m,far,24795,9.95600628571,5.05038914286,16.6888417143,11.5619003799,8.21523714804
metrica_game_1,attacker_abs_lateral_offset_from_centroid_m,middle,33060,9.95600628571,5.05038914286,16.6888417143,11.5619003799,8.21519573089
metrica_game_1,attacker_abs_lateral_offset_from_centroid_m,near,24795,9.95600628571,5.05038914286,16.6888417143,11.5619003799,8.21523714804
metrica_game_1,attacker_defender_start_distance_m,far,24795,34.0456356474,27.7350318132,40.2484010436,34.2939446164,8.93795811677
metrica_game_1,attacker_defender_start_distance_m,middle,33060,21.9786904432,16.8369694875,27.9584258438,22.6347490142,7.80851115338
metrica_game_1,attacker_defender_start_distance_m,near,24795,10.3624297065,6.31823349558,15.068966219,11.1805514418,6.35435568282
metrica_game_1,attacker_goalward_offset_from_centroid_m,far,24795,-7.30881,-14.98338,2.838765,-6.12923827586,11.5329174736
metrica_game_1,attacker_goalward_offset_from_centroid_m,middle,33060,-7.30881,-14.98338,2.838765,-6.12923827586,11.5328593304
metrica_game_1,attacker_goalward_offset_from_centroid_m,near,24795,-7.30881,-14.98338,2.838765,-6.12923827586,11.5329174736
metrica_game_1,ball_abs_lateral_offset_from_centroid_m,far,14742,10.1441137143,3.72091142857,15.9721994286,10.6048861899,7.52963666136
metrica_game_1,ball_abs_lateral_offset_from_centroid_m,middle,19656,10.1441137143,3.72091142857,15.9721994286,10.6048861899,7.52957281274
metrica_game_1,ball_abs_lateral_offset_from_centroid_m,near,14742,10.1441137143,3.72091142857,15.9721994286,10.6048861899,7.52963666136
metrica_game_1,ball_defender_distance_m,far,14742,27.1833160162,16.7295469909,36.6241888366,27.0634973295,13.5700987553
metrica_game_1,ball_defender_distance_m,middle,19656,21.3342994246,13.4440826266,29.8491131317,22.5130647709,12.2733261076
metrica_game_1,ball_defender_distance_m,near,14742,19.5138551262,11.3699312722,29.7760754408,21.5848116351,13.0351636807
metrica_game_1,ball_goalward_offset_from_centroid_m,far,14742,-9.81216,-17.27868,-1.38306,-10.0228192216,13.5232114315
metrica_game_1,ball_goalward_offset_from_centroid_m,middle,19656,-9.81216,-17.27868,-1.38306,-10.0228192216,13.5230967595
metrica_game_1,ball_goalward_offset_from_centroid_m,near,14742,-9.81216,-17.27868,-1.38306,-10.0228192216,13.5232114315
metrica_game_1,defender_abs_lateral_offset_from_centroid_m,far,24795,13.7000862857,7.82746057143,19.0096525714,13.7434279303,7.69923927223
metrica_game_1,defender_abs_lateral_offset_from_centroid_m,middle,33060,7.10962342857,3.518728,12.4893074286,8.59988192136,6.42365871288
metrica_game_1,defender_abs_lateral_offset_from_centroid_m,near,24795,7.78493142857,3.87191028571,13.3871405714,9.18118141386,6.57182198963
metrica_game_1,defender_centroid_distance_m,far,24795,18.9141833534,15.1319874537,22.9650860008,19.4628885474,6.35257978645
metrica_game_1,defender_centroid_distance_m,middle,33060,12.3947116999,7.94234307578,17.4498245425,13.0406228783,6.59155142405
metrica_game_1,defender_centroid_distance_m,near,24795,13.6665215967,8.72341044197,18.7605495661,14.0370577567,6.76441178914
metrica_game_1,defender_fixed_x_m,far,24795,0.3471,-12.3546,15.9825,2.00582433757,21.605117375
metrica_game_1,defender_fixed_x_m,middle,33060,1.3446,-12.174,18.2497875,2.58234955989,21.2528377125
metrica_game_1,defender_fixed_x_m,near,24795,2.72985,-10.0119,17.8911,3.92221062311,20.8475256816
metrica_game_1,defender_fixed_y_m,far,24795,-1.35689142857,-15.2569657143,11.3497828571,-1.8711463053,16.9138360091
metrica_game_1,defender_fixed_y_m,middle,33060,-2.28664571429,-12.5080414286,6.65885142857,-2.98734885524,14.1605126448
metrica_game_1,defender_fixed_y_m,near,24795,-1.93100571429,-13.0403114286,7.45182857143,-2.55691932175,14.1532727693
metrica_game_1,defender_goalward_offset_from_centroid_m,far,24795,5.786175,-7.353285,11.313,2.42426402299,12.8502751264
metrica_game_1,defender_goalward_offset_from_centroid_m,middle,33060,1.578165,-6.032355,8.15793,0.601982481851,9.89573382616
metrica_game_1,defender_goalward_offset_from_centroid_m,near,24795,-2.82987,-10.55223,3.89013,-3.22690733212,10.2422906255
metrica_game_1,defender_lateral_offset_from_centroid_m,far,24795,-0.269872571429,-13.1904165714,14.263136,0.65221292491,15.7398321413
metrica_game_1,defender_lateral_offset_from_centroid_m,middle,33060,-0.879900571429,-7.73163885714,6.34092228571,-0.463989625028,10.7241924912
metrica_game_1,defender_lateral_offset_from_centroid_m,near,24795,-0.634916,-8.00546514286,7.59713485714,-0.0335600915392,11.2909348537
metrica_game_1,defender_own_goal_depth_m,far,24795,45.4977,31.7988,57.78255,45.8184106413,20.643622584
metrica_game_1,defender_own_goal_depth_m,middle,33060,46.81695,32.6228625,60.3081,47.6406921824,20.850377816
metrica_game_1,defender_own_goal_depth_m,near,24795,51.0993,36.92775,63.33855,51.4695819964,21.1882486202
metrica_game_1,local_two_neighbor_mean_distance_m,far,24795,12.0799629548,9.34524828918,15.365577543,12.6902624127,5.3956201159
metrica_game_1,local_two_neighbor_mean_distance_m,middle,33060,10.0931584099,7.60029211936,12.8127923975,10.3580201678,4.31032484875
metrica_game_1,local_two_neighbor_mean_distance_m,near,24795,10.4586902796,7.95574471185,13.1924944265,10.7310128602,4.38626758066
metrica_game_1,prior_absolute_path_m,far,24795,2.89216015196,1.77257390268,4.98155221916,3.61914270673,2.68189518153
metrica_game_1,prior_absolute_path_m,middle,33060,3.00180688902,1.87766613707,5.40220155328,3.79635986638,2.72835738426
metrica_game_1,prior_absolute_path_m,near,24795,2.97359174272,1.84550582729,5.40355214574,3.78533950225,2.77088258485
metrica_game_1,prior_attacker_path_m,far,24795,2.81555755765,1.72686105481,4.91423551635,3.57111036734,2.66763436801
metrica_game_1,prior_attacker_path_m,middle,33060,2.81555755765,1.72686105481,4.91423551635,3.57111036734,2.66762091912
metrica_game_1,prior_attacker_path_m,near,24795,2.81555755765,1.72686105481,4.91423551635,3.57111036734,2.66763436801
metrica_game_1,prior_defensive_centroid_path_m,far,24795,2.32305860821,1.16004530132,4.31291061348,2.97286711965,2.26544591688
metrica_game_1,prior_defensive_centroid_path_m,middle,33060,2.32305860821,1.16004530132,4.31291061348,2.97286711965,2.26543449562
metrica_game_1,prior_defensive_centroid_path_m,near,24795,2.32305860821,1.16004530132,4.31291061348,2.97286711965,2.26544591688
metrica_game_1,prior_focal_relative_path_m,far,24795,2.02917467036,1.26428880372,3.20843033747,2.49564519162,1.77021594233
metrica_game_1,prior_focal_relative_path_m,middle,33060,1.97124220008,1.23150767093,3.13866053575,2.41710268081,1.70938181315
metrica_game_1,prior_focal_relative_path_m,near,24795,2.03232232617,1.23156518148,3.25063366633,2.49857721528,1.79833746572
metrica_game_1,prior_other_nine_mean_absolute_path_m,far,24795,3.22551498463,2.14168769547,5.07953821876,3.75330482064,2.17923681384
metrica_game_1,prior_other_nine_mean_absolute_path_m,middle,33060,3.2341141025,2.13454841065,5.04042461928,3.73361402512,2.16062717778
metrica_game_1,prior_other_nine_mean_absolute_path_m,near,24795,3.22181963455,2.14279735714,5.03385161575,3.73483851002,2.16437947975
metrica_game_1,prior_terminal_speed_mps,far,24795,1.41937914038,0.834704163651,2.50789137407,1.80415450487,1.41282546867
metrica_game_1,prior_terminal_speed_mps,middle,33060,1.49204451738,0.899108322482,2.71528893125,1.8994068815,1.43246647416
metrica_game_1,prior_terminal_speed_mps,near,24795,1.45920478457,0.872859527703,2.70217684946,1.87979413329,1.45198295713
metrica_game_1,unit_depth_span_m,far,24795,31.28805,25.4301,38.81055,32.291939637,9.28593240997
metrica_game_1,unit_depth_span_m,middle,33060,31.28805,25.4301,38.81055,32.291939637,9.2858855949
metrica_game_1,unit_depth_span_m,near,24795,31.28805,25.4301,38.81055,32.291939637,9.28593240997
metrica_game_1,unit_width_span_m,far,24795,38.8512171429,34.3934285714,44.0590457143,39.3595267749,8.21560958513
metrica_game_1,unit_width_span_m,middle,33060,38.8512171429,34.3934285714,44.0590457143,39.3595267749,8.2155681661
metrica_game_1,unit_width_span_m,near,24795,38.8512171429,34.3934285714,44.0590457143,39.3595267749,8.21560958513
metrica_game_2,attacker_abs_lateral_offset_from_centroid_m,far,3546,10.0664091429,4.50763257143,16.5500634286,11.3592817438,8.17443235602
metrica_game_2,attacker_abs_lateral_offset_from_centroid_m,middle,4728,10.0664091429,4.50763257143,16.5500634286,11.3592817438,8.17414413317
metrica_game_2,attacker_abs_lateral_offset_from_centroid_m,near,3546,10.0664091429,4.50763257143,16.5500634286,11.3592817438,8.17443235602
metrica_game_2,attacker_defender_start_distance_m,far,3546,33.9695219707,27.65370279,39.8385983462,33.9990233387,8.75600696599
metrica_game_2,attacker_defender_start_distance_m,middle,4728,22.6181585985,17.3356669234,28.242681212,23.1525318478,7.7519272462
metrica_game_2,attacker_defender_start_distance_m,near,3546,10.5054740441,6.63380313739,15.3209031182,11.435213464,6.35280842195
metrica_game_2,attacker_goalward_offset_from_centroid_m,far,3546,-8.15235,-17.054175,2.30157,-7.38717992386,12.1274622758
metrica_game_2,attacker_goalward_offset_from_centroid_m,middle,4728,-8.15235,-17.054175,2.30157,-7.38717992386,12.1270346728
metrica_game_2,attacker_goalward_offset_from_centroid_m,near,3546,-8.15235,-17.054175,2.30157,-7.38717992386,12.1274622758
metrica_game_2,ball_abs_lateral_offset_from_centroid_m,far,2358,11.2894571429,6.53328457143,15.9333714286,11.0587166063,6.3492757511
metrica_game_2,ball_abs_lateral_offset_from_centroid_m,middle,3144,11.2894571429,6.53328457143,15.9333714286,11.0587166063,6.34893905346
metrica_game_2,ball_abs_lateral_offset_from_centroid_m,near,2358,11.2894571429,6.53328457143,15.9333714286,11.0587166063,6.3492757511
metrica_game_2,ball_defender_distance_m,far,2358,28.9981916795,17.1959079977,38.1842292524,28.1468515527,14.3098272311
metrica_game_2,ball_defender_distance_m,middle,3144,22.3467209886,13.4912148168,30.3359089788,22.9286984969,12.273399616
metrica_game_2,ball_defender_distance_m,near,2358,20.512016897,11.9831830888,31.4550402934,22.2581873817,12.9305666987
metrica_game_2,ball_goalward_offset_from_centroid_m,far,2358,-14.186175,-21.059565,-3.191565,-13.1047453053,13.1956062646
metrica_game_2,ball_goalward_offset_from_centroid_m,middle,3144,-14.186175,-21.059565,-3.191565,-13.1047453053,13.1949065109
metrica_game_2,ball_goalward_offset_from_centroid_m,near,2358,-14.186175,-21.059565,-3.191565,-13.1047453053,13.1956062646
metrica_game_2,defender_abs_lateral_offset_from_centroid_m,far,3546,12.6707411429,7.30583257143,17.5314782857,12.7636753446,6.77897629489
metrica_game_2,defender_abs_lateral_offset_from_centroid_m,middle,4728,7.00959542857,3.53272628571,12.2555622857,8.31374669326,5.95507099874
metrica_game_2,defender_abs_lateral_offset_from_centroid_m,near,3546,8.12687428571,4.08709142857,13.849016,9.26379816534,6.42916938169
metrica_game_2,defender_centroid_distance_m,far,3546,18.070998456,14.4729789165,21.8941527847,18.3362027447,5.60188709874
metrica_game_2,defender_centroid_distance_m,middle,4728,12.2741756456,8.16281087028,16.801475676,12.5429949176,6.15539827708
metrica_game_2,defender_centroid_distance_m,near,3546,14.4352230893,9.90324648084,18.5544618991,14.3105361763,6.40865120645
metrica_game_2,defender_fixed_x_m,far,3546,-2.70465,-15.9648,11.928,-1.83897783418,20.7764677164
metrica_game_2,defender_fixed_x_m,middle,4728,-5.8443,-21.0862875,9.74385,-4.52159622462,21.216003534
metrica_game_2,defender_fixed_x_m,near,3546,-6.816,-20.2911,7.0138125,-5.78947813029,19.7605487908
metrica_game_2,defender_fixed_y_m,far,3546,-1.71058857143,-12.4193257143,11.0498057143,-0.338331915236,15.6762736016
metrica_game_2,defender_fixed_y_m,middle,4728,-0.70856,-9.48347428571,8.65795428571,-0.228558219724,13.1284091413
metrica_game_2,defender_fixed_y_m,near,3546,-0.76976,-8.86802571429,9.64706285714,0.249854168077,13.641409633
metrica_game_2,defender_goalward_offset_from_centroid_m,far,3546,6.41997,-5.29914,11.916405,3.1626005753,12.1973589579
metrica_game_2,defender_goalward_offset_from_centroid_m,middle,4728,1.39707,-6.33009,7.941765,0.344196821066,9.51496499156
metrica_game_2,defender_goalward_offset_from_centroid_m,near,3546,-3.629625,-11.492985,4.4066925,-3.62152967005,10.2773763489
metrica_game_2,defender_lateral_offset_from_centroid_m,far,3546,-3.00026685714,-12.9022714286,12.3450017143,-0.220365303199,14.4521039509
metrica_game_2,defender_lateral_offset_from_centroid_m,middle,4728,-0.576348571429,-7.18692971429,6.69129714286,-0.110591607687,10.2266144754
metrica_game_2,defender_lateral_offset_from_centroid_m,near,3546,-0.228101142857,-7.57029914286,8.480008,0.367820780114,11.2712489665
metrica_game_2,defender_own_goal_depth_m,far,3546,44.31645,29.1762,55.4097,43.6590533841,18.8907389622
metrica_game_2,defender_own_goal_depth_m,middle,4728,46.66275,28.58715,62.0556,46.4774571383,20.8396081492
metrica_game_2,defender_own_goal_depth_m,near,3546,50.336475,34.90905,65.55615,50.4431836294,20.4884141311
metrica_game_2,local_two_neighbor_mean_distance_m,far,3546,11.9969245024,9.32705309701,14.9399398157,12.3453829288,4.52531542243
metrica_game_2,local_two_neighbor_mean_distance_m,middle,4728,10.2986010946,7.97113715347,12.4825365495,10.3268593344,3.76240410152
metrica_game_2,local_two_neighbor_mean_distance_m,near,3546,10.8925214966,8.43525303955,13.3876114751,11.1302488657,4.08325273018
metrica_game_2,prior_absolute_path_m,far,3546,2.7892681175,1.8894852159,4.46177198026,3.41059426481,2.40835378907
metrica_game_2,prior_absolute_path_m,middle,4728,2.96576973154,1.98294963306,5.1325538108,3.72331071812,2.58333152674
metrica_game_2,prior_absolute_path_m,near,3546,2.88724135685,2.00749715731,5.17535367489,3.73755517644,2.62252831052
metrica_game_2,prior_attacker_path_m,far,3546,2.80940909056,1.88411514212,4.70431549113,3.46814198064,2.41670949159
metrica_game_2,prior_attacker_path_m,middle,4728,2.80940909056,1.88411514212,4.70431549113,3.46814198064,2.41662428067
metrica_game_2,prior_attacker_path_m,near,3546,2.80940909056,1.88411514212,4.70431549113,3.46814198064,2.41670949159
metrica_game_2,prior_defensive_centroid_path_m,far,3546,2.67389174289,1.87303597481,4.43696785263,3.01311994833,1.82084451248
metrica_game_2,prior_defensive_centroid_path_m,middle,4728,2.67389174289,1.87303597481,4.43696785263,3.01311994833,1.8207803112
metrica_game_2,prior_defensive_centroid_path_m,near,3546,2.67389174289,1.87303597481,4.43696785263,3.01311994833,1.82084451248
metrica_game_2,prior_focal_relative_path_m,far,3546,2.00633197538,1.20142582967,3.19280585988,2.42968528481,1.71057982066
metrica_game_2,prior_focal_relative_path_m,middle,4728,1.94356468017,1.14667391215,3.11367827822,2.37937715621,1.73523178064
metrica_game_2,prior_focal_relative_path_m,near,3546,2.01795307284,1.19543523592,3.29409718524,2.50099565361,1.81073904451
metrica_game_2,prior_other_nine_mean_absolute_path_m,far,3546,3.40623811696,2.30631254153,4.93190460756,3.65856632571,1.81204409203
metrica_game_2,prior_other_nine_mean_absolute_path_m,middle,4728,3.34739860731,2.28670568266,4.9437971898,3.62382005312,1.77269196781
metrica_game_2,prior_other_nine_mean_absolute_path_m,near,3546,3.34616457177,2.28874473625,4.93190460756,3.62223733553,1.78679535908
metrica_game_2,prior_terminal_speed_mps,far,3546,1.39104693771,0.884389655356,2.35520301673,1.73332606255,1.2706013049
metrica_game_2,prior_terminal_speed_mps,middle,4728,1.49524396045,0.954899941334,2.69749143882,1.90138650332,1.36255245808
metrica_game_2,prior_terminal_speed_mps,near,3546,1.4697799194,0.961212483812,2.70734903319,1.89457494294,1.35839328248
metrica_game_2,unit_depth_span_m,far,3546,31.8594,25.51845,37.92075,32.1306848985,8.00920540393
metrica_game_2,unit_depth_span_m,middle,4728,31.8594,25.51845,37.92075,32.1306848985,8.00892300682
metrica_game_2,unit_depth_span_m,near,3546,31.8594,25.51845,37.92075,32.1306848985,8.00920540393
metrica_game_2,unit_width_span_m,far,3546,35.3449428571,31.6420514286,40.2671714286,36.478713169,8.86715612921
metrica_game_2,unit_width_span_m,middle,4728,35.3449428571,31.6420514286,40.2671714286,36.478713169,8.86684348157
metrica_game_2,unit_width_span_m,near,3546,35.3449428571,31.6420514286,40.2671714286,36.478713169,8.86715612921
