match_id,family,estimand,estimate,ci_low,ci_high,valid,attempted
J03WMX,primary,D1,0.15008048035076774,0.12409470602557561,0.17691471694870595,2000,2000
J03WMX,primary,D2,0.062284524197047685,0.04252224671589136,0.08383111426242648,2000,2000
J03WMX,primary,D3,0.08126479384628515,0.05960027495784606,0.10310227386053318,2000,2000
J03WMX,primary,D4,0.06130437903575778,0.03824714186907084,0.08559070827273235,2000,2000
J03WMX,primary,D5,0.046498813033035824,0.02516322388081662,0.06878419856143368,2000,2000
J03WMX,primary,D6,0.046665544091760665,0.021789724688316442,0.06969437149838714,2000,2000
J03WMX,primary,D7,0.04540715162832132,0.022113485828904943,0.0666084496063468,2000,2000
J03WMX,primary,D8,0.03468522945327571,0.011669741285121847,0.05844420512640272,2000,2000
J03WMX,primary,D9,0.06848484305625038,0.043380843880183186,0.0929598430749187,2000,2000
J03WMX,primary,D10,0.06470555635019648,0.04045138742051684,0.08988170615282427,2000,2000
J03WMX,primary,near,0.09787659946470019,0.08194823812134656,0.11461039815632514,2000,2000
J03WMX,primary,middle,0.049968971947218895,0.03228250958961644,0.06741941741947421,2000,2000
J03WMX,primary,far,0.055958542953240854,0.036299240062565026,0.07628587370912013,2000,2000
J03WMX,primary,near_minus_middle,0.047907627517481295,0.03504437709907432,0.06016103096581017,2000,2000
J03WMX,secondary,D1,0.12081342450436866,0.10145010835930535,0.14093435930269368,2000,2000
J03WMX,secondary,D2,0.07775781593698511,0.05777567442350486,0.09858328044259934,2000,2000
J03WMX,secondary,D3,0.0832544408881205,0.06276455664225136,0.10375926197073064,2000,2000
J03WMX,secondary,D4,0.07824779314319415,0.05808569390926672,0.09935101551238257,2000,2000
J03WMX,secondary,D5,0.06836739544364176,0.049149734998138905,0.08903626530514148,2000,2000
J03WMX,secondary,D6,0.06565055370341191,0.044111472100314214,0.08682791023492187,2000,2000
J03WMX,secondary,D7,0.06532932443237165,0.04413605356844684,0.08650844853489723,2000,2000
J03WMX,secondary,D8,0.06144685764543467,0.04229716540123373,0.0806889940939254,2000,2000
J03WMX,secondary,D9,0.08191067733664048,0.059641849739120664,0.1033699113763443,2000,2000
J03WMX,secondary,D10,0.07585969803251853,0.05225087934856756,0.09898704180521958,2000,2000
J03WMX,secondary,near,0.09394189377649143,0.07666167859080471,0.11173619280705743,2000,2000
J03WMX,secondary,middle,0.06939876668065487,0.05075873295915228,0.08829835899118507,2000,2000
J03WMX,secondary,far,0.07307241100486456,0.05306009380489732,0.09291929423928576,2000,2000
J03WMX,secondary,near_minus_middle,0.02454312709583656,0.01626885400766232,0.032991608244376476,2000,2000
J03WMX,trimmed,D1,0.13851974814394188,0.11377930075692079,0.16296508417580105,2000,2000
J03WMX,trimmed,D2,0.07031810346925838,0.05023801076191975,0.0928252929695285,2000,2000
J03WMX,trimmed,D3,0.08552558666887544,0.06313417156673026,0.10652750902332501,2000,2000
J03WMX,trimmed,D4,0.05900929138036595,0.03591824282387299,0.08252620970759114,2000,2000
J03WMX,trimmed,D5,0.05061140130002957,0.028766939622919128,0.07366684605433818,2000,2000
J03WMX,trimmed,D6,0.05080111168814608,0.025443098361479167,0.07487549399407206,2000,2000
J03WMX,trimmed,D7,0.051427496347986254,0.026680819868988365,0.0736437594832666,2000,2000
J03WMX,trimmed,D8,0.03842859045032937,0.014723423959993577,0.06275257798135775,2000,2000
J03WMX,trimmed,D9,0.0713123979771031,0.045002073631602836,0.0970134547967775,2000,2000
J03WMX,trimmed,D10,0.06943873170938336,0.043005296274216266,0.09706339536251618,2000,2000
J03WMX,trimmed,near,0.09812114609402522,0.08274184007049012,0.11473066629914457,2000,2000
J03WMX,trimmed,middle,0.052962325179131964,0.03435138444275216,0.07136349268070026,2000,2000
J03WMX,trimmed,far,0.05972657337893861,0.038946921048817314,0.08096936988130829,2000,2000
J03WMX,trimmed,near_minus_middle,0.04515882091489326,0.031914446691001096,0.057936203535347126,2000,2000
J03WN1,primary,D1,0.18151076932381466,0.13872482011956183,0.22255778749229382,1998,2000
J03WN1,primary,D2,0.07148309510942513,0.04260318331537243,0.10056444379119961,1998,2000
J03WN1,primary,D3,0.04821515186130326,0.020297461623696375,0.07631355533955866,1998,2000
J03WN1,primary,D4,0.039239458375863956,0.015319693424875222,0.06446918845107788,1998,2000
J03WN1,primary,D5,0.05900785058534064,0.032425087989508695,0.08678681446881817,1998,2000
J03WN1,primary,D6,0.02626575342008175,-0.002248960061183212,0.055178036690330765,1998,2000
J03WN1,primary,D7,0.031171184459731827,8.74861048320197e-05,0.06151788067266026,1998,2000
J03WN1,primary,D8,0.07663223240033978,0.040257708194868215,0.11511243302626467,1998,2000
J03WN1,primary,D9,0.045943746909562766,0.011129876442778299,0.08086039050847496,1998,2000
J03WN1,primary,D10,0.077020741031669,0.03919848418447043,0.11355549832481561,1998,2000
J03WN1,primary,near,0.10040300543151436,0.07744104812298898,0.12325040376295701,1998,2000
J03WN1,primary,middle,0.03892106171025454,0.01808445039059559,0.058739574536745366,1998,2000
J03WN1,primary,far,0.06653224011385718,0.03818199190822752,0.09512808924368654,1998,2000
J03WN1,primary,near_minus_middle,0.06148194372125981,0.03780268554492581,0.08552107063917182,1998,2000
J03WN1,secondary,D1,0.12346428388887645,0.08463977004500876,0.15959032842247853,1998,2000
J03WN1,secondary,D2,0.07201708350744428,0.0399997547952559,0.10250023156618505,1998,2000
J03WN1,secondary,D3,0.06952815260276118,0.04029724283029265,0.09886212966274806,1998,2000
J03WN1,secondary,D4,0.05547852638903805,0.0259395706648732,0.08541999199826494,1998,2000
J03WN1,secondary,D5,0.06906620562140928,0.0422979414631199,0.09576329662435853,1998,2000
J03WN1,secondary,D6,0.06012735766438598,0.028265743275113223,0.09096538896303467,1998,2000
J03WN1,secondary,D7,0.0633411244073932,0.030810689283945505,0.0961554058782717,1998,2000
J03WN1,secondary,D8,0.0798107568515605,0.0438312456315719,0.11922824105460908,1998,2000
J03WN1,secondary,D9,0.056272765288597204,0.021847197783476734,0.08778515843635837,1998,2000
J03WN1,secondary,D10,0.06759690454495437,0.02770492798398614,0.10622223536421263,1998,2000
J03WN1,secondary,near,0.08833650666636063,0.05785772549945485,0.1173882160604311,1998,2000
J03WN1,secondary,middle,0.06200330352055663,0.03382079980712748,0.08965450402721292,1998,2000
J03WN1,secondary,far,0.06789347556170403,0.034545027156466325,0.10135837447606094,1998,2000
J03WN1,secondary,near_minus_middle,0.026333203145804,0.01328878274883778,0.040198953175018474,1998,2000
J03WN1,trimmed,D1,0.15807022195521508,0.11787520939886348,0.19734654260728907,1998,2000
J03WN1,trimmed,D2,0.0724795049918813,0.044994885627130034,0.10045328727434077,1998,2000
J03WN1,trimmed,D3,0.039763610337267385,0.01091865123995376,0.06752037187397407,1998,2000
J03WN1,trimmed,D4,0.040833483044621255,0.014562058552917029,0.06668173478384085,1998,2000
J03WN1,trimmed,D5,0.061401435443044494,0.03526602275742759,0.08753150692798382,1998,2000
J03WN1,trimmed,D6,0.028783879357506453,-0.0011378360057832438,0.05775813547898884,1998,2000
J03WN1,trimmed,D7,0.029095845319758507,-0.0023516918381016622,0.059560416278197394,1998,2000
J03WN1,trimmed,D8,0.08129300396888259,0.04221086090575012,0.12269431940601856,1998,2000
J03WN1,trimmed,D9,0.04889718243959662,0.014539348680205469,0.08410156648464687,1998,2000
J03WN1,trimmed,D10,0.07952315454010123,0.042293571643297195,0.11789515200669386,1998,2000
J03WN1,trimmed,near,0.0901044457614546,0.06860698941655043,0.11131808638904135,1998,2000
J03WN1,trimmed,middle,0.04002866079123268,0.018984773956827954,0.0601935121528662,1998,2000
J03WN1,trimmed,far,0.06990444698286015,0.04147239860287581,0.10025004908253304,1998,2000
J03WN1,trimmed,near_minus_middle,0.05007578497022192,0.02716384737691703,0.0728127743201869,1998,2000
J03WOH,primary,D1,0.14264801589413795,0.1185989011970765,0.16858028142668505,2000,2000
J03WOH,primary,D2,0.07761028129736779,0.05710935574600766,0.09882174340893468,2000,2000
J03WOH,primary,D3,0.04569257807966623,0.024545020159112405,0.06791711827653692,2000,2000
J03WOH,primary,D4,0.042603418467528575,0.024250975652802157,0.062330560122347035,2000,2000
J03WOH,primary,D5,0.038746508303114935,0.017425337988743836,0.06042412883504645,2000,2000
J03WOH,primary,D6,0.046391219755873625,0.02296586342515713,0.06864995278742361,2000,2000
J03WOH,primary,D7,0.02967259362342267,0.008190199812118435,0.05264489941420119,2000,2000
J03WOH,primary,D8,0.04182976112966508,0.018820573645833064,0.06414032410533041,2000,2000
J03WOH,primary,D9,0.06900717662514215,0.050351820714340065,0.08711925536057123,2000,2000
J03WOH,primary,D10,0.06368826639839908,0.04214771588821116,0.0853210672779622,2000,2000
J03WOH,primary,near,0.08865029175705734,0.07054988202472316,0.10743141933204331,2000,2000
J03WOH,primary,middle,0.03935343503748495,0.022330043730225718,0.05656870776524791,2000,2000
J03WOH,primary,far,0.05817506805106878,0.04173095649868325,0.07432346872212137,2000,2000
J03WOH,primary,near_minus_middle,0.04929685671957239,0.03698836585481754,0.06267331057052494,2000,2000
J03WOH,secondary,D1,0.11239157144952017,0.09090997683987165,0.13505132359159633,2000,2000
J03WOH,secondary,D2,0.08155133885574242,0.061002453350625915,0.10349258718888205,2000,2000
J03WOH,secondary,D3,0.0639954522066557,0.042706576308220084,0.086710645606974,2000,2000
J03WOH,secondary,D4,0.06428994730600807,0.04548166102789087,0.08519357629399969,2000,2000
J03WOH,secondary,D5,0.06290604365324773,0.043455802238327505,0.0829780964912528,2000,2000
J03WOH,secondary,D6,0.061932418964546376,0.041433298845023905,0.08359374794079852,2000,2000
J03WOH,secondary,D7,0.056534482408494346,0.03473159859816374,0.08104822154773746,2000,2000
J03WOH,secondary,D8,0.05967695710291894,0.037599796734118895,0.08345400861818238,2000,2000
J03WOH,secondary,D9,0.07980611265305622,0.0603121784691356,0.09935187102243817,2000,2000
J03WOH,secondary,D10,0.07408698919324475,0.052964516482208464,0.09495612261308223,2000,2000
J03WOH,secondary,near,0.08597945417063942,0.06649370231472096,0.10751645913699881,2000,2000
J03WOH,secondary,middle,0.06141572308307413,0.04241665513352725,0.08156842573364935,2000,2000
J03WOH,secondary,far,0.07119001964973996,0.05176868142297394,0.09149847720696301,2000,2000
J03WOH,secondary,near_minus_middle,0.024563731087565287,0.016047982934989345,0.03314195486665793,2000,2000
J03WOH,trimmed,D1,0.14652979850816214,0.1230319135626909,0.17126870286478793,2000,2000
J03WOH,trimmed,D2,0.08421196960224597,0.06291992437270122,0.10559278817671452,2000,2000
J03WOH,trimmed,D3,0.050302415664033984,0.02982169330508041,0.07173929295368153,2000,2000
J03WOH,trimmed,D4,0.05197021668470336,0.03193735746759524,0.07248225467587027,2000,2000
J03WOH,trimmed,D5,0.04526488845996715,0.02281079736768005,0.06795387253580319,2000,2000
J03WOH,trimmed,D6,0.051964833316129444,0.028537069411695325,0.07417623840225568,2000,2000
J03WOH,trimmed,D7,0.03428707877156467,0.011966845972670002,0.058790476577588985,2000,2000
J03WOH,trimmed,D8,0.050616449996082113,0.025055109396727403,0.07395796332515875,2000,2000
J03WOH,trimmed,D9,0.07395309885775286,0.0532304315949889,0.09328690506340719,2000,2000
J03WOH,trimmed,D10,0.06751633456423925,0.04441155097217135,0.09089249357224817,2000,2000
J03WOH,trimmed,near,0.09368139459148069,0.07589640602903447,0.11101539369201176,2000,2000
J03WOH,trimmed,middle,0.04587175430809116,0.028217649592530293,0.06308336100121478,2000,2000
J03WOH,trimmed,far,0.06402862780602474,0.046549203079680225,0.08101011264220703,2000,2000
J03WOH,trimmed,near_minus_middle,0.04780964028338953,0.03555969844352243,0.06172948838050824,2000,2000
J03WOY,primary,D1,0.12730841715963145,0.09675802824787713,0.1617566121692613,2000,2000
J03WOY,primary,D2,0.0517082386172289,0.03219997004866219,0.07384890849295639,2000,2000
J03WOY,primary,D3,0.03356321337201784,0.0161851455201528,0.05500726249542649,2000,2000
J03WOY,primary,D4,0.030818130695458024,0.014631395080291723,0.05015435315165033,2000,2000
J03WOY,primary,D5,0.024840748487857056,0.005592849257127061,0.04415785959770736,2000,2000
J03WOY,primary,D6,0.047001898128143094,0.025848863601533798,0.07134499667944526,2000,2000
J03WOY,primary,D7,0.026407681195936616,0.00999093349637641,0.04375216278327804,2000,2000
J03WOY,primary,D8,0.029891219488511298,0.011820351769517746,0.04869378407092298,2000,2000
J03WOY,primary,D9,0.04831347662568086,0.027561792921525673,0.07038814284220092,2000,2000
J03WOY,primary,D10,0.06700838411174177,0.040125275250303835,0.0955259022366714,2000,2000
J03WOY,primary,near,0.0708599563829594,0.052003529463643686,0.09269109144961718,2000,2000
J03WOY,primary,middle,0.0322671146268487,0.018768841686742803,0.0480426163899199,2000,2000
J03WOY,primary,far,0.04840436007531131,0.030025056893916505,0.06890877996985913,2000,2000
J03WOY,primary,near_minus_middle,0.038592841756110705,0.02630338954131151,0.05389440264491559,2000,2000
J03WOY,secondary,D1,0.09146691358351156,0.06798204597578864,0.11966705771272391,2000,2000
J03WOY,secondary,D2,0.0524807325277495,0.03345777729444621,0.07419466305822812,2000,2000
J03WOY,secondary,D3,0.05040796803516456,0.03260955966620534,0.07058720771041814,2000,2000
J03WOY,secondary,D4,0.04676765007996647,0.028959512664632862,0.06687804081711454,2000,2000
J03WOY,secondary,D5,0.04322516509434701,0.026000002256204087,0.06217601209116407,2000,2000
J03WOY,secondary,D6,0.05369784413312917,0.03521142618220087,0.07518280167498868,2000,2000
J03WOY,secondary,D7,0.03788149948723456,0.020876082283403017,0.05715681951062608,2000,2000
J03WOY,secondary,D8,0.04790168561541912,0.030050887967301668,0.0672188652082791,2000,2000
J03WOY,secondary,D9,0.05312486670217875,0.034577607534013094,0.07463158196713819,2000,2000
J03WOY,secondary,D10,0.06628059494303448,0.04518917398218102,0.0896980930840957,2000,2000
J03WOY,secondary,near,0.0647852047154752,0.04639284704349575,0.08613903516523165,2000,2000
J03WOY,secondary,middle,0.0453930396986693,0.0296224297931777,0.06405038619360778,2000,2000
J03WOY,secondary,far,0.055769049086877444,0.037611135896028616,0.07561866987271093,2000,2000
J03WOY,secondary,near_minus_middle,0.019392165016805907,0.011682245408769627,0.028484012215915473,2000,2000
J03WOY,trimmed,D1,0.1354028516066208,0.1079210491672674,0.16266612128541472,2000,2000
J03WOY,trimmed,D2,0.06121512294720027,0.03932927043828928,0.08426523292931234,2000,2000
J03WOY,trimmed,D3,0.03975293234860522,0.020211357898515997,0.061436980366447354,2000,2000
J03WOY,trimmed,D4,0.04110124417564376,0.02364455486914356,0.05993668755719283,2000,2000
J03WOY,trimmed,D5,0.0391514042162934,0.01788549826813461,0.05892940103442067,2000,2000
J03WOY,trimmed,D6,0.056707428746258975,0.0306059061547953,0.08278640263396012,2000,2000
J03WOY,trimmed,D7,0.03894731217288824,0.02090492048078415,0.05749224981293328,2000,2000
J03WOY,trimmed,D8,0.04060977359895676,0.02006561926436536,0.060502664680800206,2000,2000
J03WOY,trimmed,D9,0.060154609749956914,0.036301615905506276,0.08341405933019931,2000,2000
J03WOY,trimmed,D10,0.0777702353053982,0.0473217790219155,0.10723532913991562,2000,2000
J03WOY,trimmed,near,0.07879030230080876,0.061742196080715094,0.09682149966596064,2000,2000
J03WOY,trimmed,middle,0.043976847327771094,0.029511350304673122,0.059303834770767984,2000,2000
J03WOY,trimmed,far,0.05951153955143729,0.03892070831199577,0.07957048033271671,2000,2000
J03WOY,trimmed,near_minus_middle,0.034813454973037665,0.020801185817960016,0.048554078684335825,2000,2000
J03WPY,primary,D1,0.1614049725763614,0.1393916466915574,0.18523392967273278,2000,2000
J03WPY,primary,D2,0.08069153107004733,0.05906616066156098,0.10365230702073773,2000,2000
J03WPY,primary,D3,0.0563817531366515,0.036472944518219454,0.07691146041356584,2000,2000
J03WPY,primary,D4,0.061315969635859835,0.0414882694809462,0.08202004086053549,2000,2000
J03WPY,primary,D5,0.04646065138871809,0.02595807065787483,0.06644252968205726,2000,2000
J03WPY,primary,D6,0.05515902339891107,0.033049571222319454,0.07717638794519202,2000,2000
J03WPY,primary,D7,0.05424492138862402,0.03527402999008287,0.07322288402278498,2000,2000
J03WPY,primary,D8,0.035634185520761794,0.015821456911126828,0.05647091737074103,2000,2000
J03WPY,primary,D9,0.0640099732463827,0.03944857723477604,0.08928409520060178,2000,2000
J03WPY,primary,D10,0.06350566841645203,0.04029062033191959,0.08837095933195843,2000,2000
J03WPY,primary,near,0.09949275226102007,0.08293429440120047,0.11718845749695925,2000,2000
J03WPY,primary,middle,0.05429514145302826,0.039547569588461166,0.06960323586250997,2000,2000
J03WPY,primary,far,0.054383275727865506,0.03645709669990377,0.07285319829743232,2000,2000
J03WPY,primary,near_minus_middle,0.04519761080799181,0.032796266393500695,0.0597145385174227,2000,2000
J03WPY,secondary,D1,0.12010904715044277,0.10024702941083154,0.1401325510447193,2000,2000
J03WPY,secondary,D2,0.07698919648068278,0.058467180398769865,0.09739883178380822,2000,2000
J03WPY,secondary,D3,0.06440822654098699,0.04745201404456476,0.08296499451073394,2000,2000
J03WPY,secondary,D4,0.0703947053043178,0.05409013562032533,0.0886732914385458,2000,2000
J03WPY,secondary,D5,0.05899813947747782,0.042796191620770994,0.0761549964178705,2000,2000
J03WPY,secondary,D6,0.06203509704596369,0.043881477350350084,0.07986101752092778,2000,2000
J03WPY,secondary,D7,0.06409873535038302,0.04848302920476219,0.08151125541925318,2000,2000
J03WPY,secondary,D8,0.04929711047939381,0.031452734687458773,0.0680122593444557,2000,2000
J03WPY,secondary,D9,0.06735391729729706,0.045645328619607246,0.08989552850120719,2000,2000
J03WPY,secondary,D10,0.07807915848575209,0.05670796558506681,0.10140482838005822,2000,2000
J03WPY,secondary,near,0.08716882339070418,0.07067322161581374,0.1042774891189818,2000,2000
J03WPY,secondary,middle,0.06388166929453558,0.04924060693277267,0.07934016460752723,2000,2000
J03WPY,secondary,far,0.06491006208748099,0.04709141082533849,0.08359090324650877,2000,2000
J03WPY,secondary,near_minus_middle,0.023287154096168605,0.01586685424975812,0.030838177595684704,2000,2000
J03WPY,trimmed,D1,0.15989161776399347,0.13947609136070513,0.18192657481833288,2000,2000
J03WPY,trimmed,D2,0.08417458002716757,0.06165553148489106,0.10619232205989523,2000,2000
J03WPY,trimmed,D3,0.0619585650445883,0.043010618970115565,0.08094531812831121,2000,2000
J03WPY,trimmed,D4,0.06708366947355665,0.045238047943511266,0.08962858591993808,2000,2000
J03WPY,trimmed,D5,0.05411854492695617,0.03330130869000253,0.0746314797711706,2000,2000
J03WPY,trimmed,D6,0.05740664483322908,0.03468104269773827,0.07930706712319943,2000,2000
J03WPY,trimmed,D7,0.062768947001062,0.04448248812583541,0.08133617755196904,2000,2000
J03WPY,trimmed,D8,0.03407824926096589,0.013091862984899474,0.05565652272313384,2000,2000
J03WPY,trimmed,D9,0.07235288452485286,0.044460065322298174,0.09858534874502914,2000,2000
J03WPY,trimmed,D10,0.08045414854863156,0.05696680841804343,0.1030023335776052,2000,2000
J03WPY,trimmed,near,0.10200825427858311,0.08569350829718242,0.11785767954269642,2000,2000
J03WPY,trimmed,middle,0.060344451558700975,0.046493438137159754,0.07433313116455838,2000,2000
J03WPY,trimmed,far,0.062295094111483436,0.042793921152795004,0.08081407033669197,2000,2000
J03WPY,trimmed,near_minus_middle,0.04166380271988213,0.02797658754171372,0.05627272393325506,2000,2000
J03WQQ,primary,D1,0.1639460104652822,0.13621500113032262,0.19130307970788635,2000,2000
J03WQQ,primary,D2,0.0795948465927081,0.05265397463890305,0.10711834693044667,2000,2000
J03WQQ,primary,D3,0.05556726001456422,0.03316158952015527,0.07836916948429795,2000,2000
J03WQQ,primary,D4,0.05816569899288182,0.034612919419828324,0.08262446095019825,2000,2000
J03WQQ,primary,D5,0.04135954656515581,0.02065032975711435,0.06175929503682628,2000,2000
J03WQQ,primary,D6,0.039046764101609316,0.015148821760573956,0.06329183368695555,2000,2000
J03WQQ,primary,D7,0.0330750080666303,0.011508353793257578,0.05601163472768224,2000,2000
J03WQQ,primary,D8,0.057579596985973786,0.034122648680806104,0.08217953425748531,2000,2000
J03WQQ,primary,D9,0.06715513527521637,0.04555318354282082,0.09125452952582497,2000,2000
J03WQQ,primary,D10,0.06007712262701874,0.03223087911162649,0.08847408183728225,2000,2000
J03WQQ,primary,near,0.0997027056908515,0.07938768016218423,0.12123087864564135,2000,2000
J03WQQ,primary,middle,0.04291175443156931,0.024824162583717706,0.06113713282306736,2000,2000
J03WQQ,primary,far,0.061603951629402964,0.04287703172045443,0.08160718335147932,2000,2000
J03WQQ,primary,near_minus_middle,0.05679095125928219,0.04187623140991513,0.07132208380130854,2000,2000
J03WQQ,secondary,D1,0.11724916994212531,0.09533930101018587,0.1414257384101384,2000,2000
J03WQQ,secondary,D2,0.06971999898815526,0.04566015801884129,0.0949639509364553,2000,2000
J03WQQ,secondary,D3,0.06691934639529779,0.043756559274259345,0.09052851495711503,2000,2000
J03WQQ,secondary,D4,0.06647416489227909,0.04414495121824342,0.08853009201283826,2000,2000
J03WQQ,secondary,D5,0.059667410963887724,0.03905645137230607,0.0795530127621248,2000,2000
J03WQQ,secondary,D6,0.06063270580394159,0.03839886729679154,0.08393549665239348,2000,2000
J03WQQ,secondary,D7,0.05678050012591524,0.03599186705364984,0.07896611367559146,2000,2000
J03WQQ,secondary,D8,0.06693750980980379,0.044858581626007275,0.08879404393309569,2000,2000
J03WQQ,secondary,D9,0.06398854034968549,0.040850961953958695,0.08783937246093369,2000,2000
J03WQQ,secondary,D10,0.07045399717480005,0.044248259857431194,0.09718467779541265,2000,2000
J03WQQ,secondary,near,0.08462950510852611,0.06363883162968195,0.10724171677672405,2000,2000
J03WQQ,secondary,middle,0.06088869544650591,0.04079516774876582,0.081521754182539,2000,2000
J03WQQ,secondary,far,0.06712668244476311,0.04592807268941236,0.08866851572567004,2000,2000
J03WQQ,secondary,near_minus_middle,0.023740809662020204,0.015343462703421752,0.03200103403762752,2000,2000
J03WQQ,trimmed,D1,0.15446039308944842,0.12585527326797538,0.18242154530795826,2000,2000
J03WQQ,trimmed,D2,0.07922258493701993,0.051786650719776076,0.10792788154949332,2000,2000
J03WQQ,trimmed,D3,0.05822866460261915,0.034602508642378155,0.08095521194775061,2000,2000
J03WQQ,trimmed,D4,0.06481227076880347,0.040224057585804295,0.09087614109754588,2000,2000
J03WQQ,trimmed,D5,0.04924106251502888,0.027337975942214078,0.06990474697684797,2000,2000
J03WQQ,trimmed,D6,0.04521101127570286,0.01977599554116178,0.07159438761088419,2000,2000
J03WQQ,trimmed,D7,0.03548822394329232,0.011904178122344788,0.060985670447873105,2000,2000
J03WQQ,trimmed,D8,0.06143803815925716,0.037125819935238724,0.08702215907377328,2000,2000
J03WQQ,trimmed,D9,0.06837161582739065,0.04536179748447974,0.09328480372441313,2000,2000
J03WQQ,trimmed,D10,0.06417580971151794,0.03450587452445616,0.09588724570969245,2000,2000
J03WQQ,trimmed,near,0.0973038808763625,0.07699771709424211,0.11935243802667662,2000,2000
J03WQQ,trimmed,middle,0.04868814212570688,0.029205834041373183,0.0686400690831705,2000,2000
J03WQQ,trimmed,far,0.06466182123272192,0.04438136924563551,0.08613470948361521,2000,2000
J03WQQ,trimmed,near_minus_middle,0.04861573875065563,0.03285308400342869,0.06423375079533122,2000,2000
J03WR9,primary,D1,0.16344905107184657,0.12759471950939222,0.2011171144695851,2000,2000
J03WR9,primary,D2,0.08227167201841376,0.06007670527338757,0.10669484652977265,2000,2000
J03WR9,primary,D3,0.05602527840770563,0.03592512524189306,0.07809520549617342,2000,2000
J03WR9,primary,D4,0.04119887987880569,0.020629380371348486,0.0630558818257446,2000,2000
J03WR9,primary,D5,0.03902071947528424,0.015530457006951768,0.06424862925935743,2000,2000
J03WR9,primary,D6,0.029379955502487648,0.009478975485098568,0.04981787843203377,2000,2000
J03WR9,primary,D7,0.027761378057543362,0.009244789663960747,0.04830177277469942,2000,2000
J03WR9,primary,D8,0.03481925441777553,0.017671321242385934,0.05237542547379879,2000,2000
J03WR9,primary,D9,0.04361219308863576,0.019475124467900853,0.07034735872817274,2000,2000
J03WR9,primary,D10,0.04451707501852881,0.02089904846817705,0.0718085369904755,2000,2000
J03WR9,primary,near,0.10058200049932198,0.07818003564464425,0.12336771339827973,2000,2000
J03WR9,primary,middle,0.034340233228530234,0.017352670946487053,0.05165046984506788,2000,2000
J03WR9,primary,far,0.040982840841646696,0.023512110384539948,0.06076359801834912,2000,2000
J03WR9,primary,near_minus_middle,0.06624176727079174,0.053277510041368624,0.07994990095186279,2000,2000
J03WR9,secondary,D1,0.11466237380794983,0.08671392349275692,0.1443709481934788,2000,2000
J03WR9,secondary,D2,0.07696405449557554,0.055015855604076076,0.0994874778947518,2000,2000
J03WR9,secondary,D3,0.06397416749757587,0.04344582957233558,0.08558901121722791,2000,2000
J03WR9,secondary,D4,0.05275017591669236,0.03396147821716416,0.07377035124727932,2000,2000
J03WR9,secondary,D5,0.04954578810945948,0.027529859844187002,0.07271652673277756,2000,2000
J03WR9,secondary,D6,0.04713296528448635,0.030194349758742172,0.06547264553369131,2000,2000
J03WR9,secondary,D7,0.05295634171235132,0.034158406473009904,0.07394925268957192,2000,2000
J03WR9,secondary,D8,0.04996482480880304,0.03208629439244253,0.0699273221811092,2000,2000
J03WR9,secondary,D9,0.05876670727167281,0.03420140174679315,0.08717133036367261,2000,2000
J03WR9,secondary,D10,0.061124997591070276,0.03640318631922382,0.08863624530780422,2000,2000
J03WR9,secondary,near,0.0852001986003671,0.06327530971669085,0.10804237810472332,2000,2000
J03WR9,secondary,middle,0.05059631775574737,0.03279185929594106,0.0694035303158817,2000,2000
J03WR9,secondary,far,0.05661884322384871,0.03575719373723679,0.07914164556272708,2000,2000
J03WR9,secondary,near_minus_middle,0.034603880844619725,0.026964701647953608,0.04297075897103738,2000,2000
J03WR9,trimmed,D1,0.17192426444531814,0.14743003195638357,0.19618520620876792,2000,2000
J03WR9,trimmed,D2,0.09225822474398478,0.07018792423476335,0.11440155309863684,2000,2000
J03WR9,trimmed,D3,0.06662229696173058,0.045036713394634394,0.08819802216217905,2000,2000
J03WR9,trimmed,D4,0.05381792952336645,0.033993519785589184,0.07235762270484433,2000,2000
J03WR9,trimmed,D5,0.052044374742529986,0.028955209455665296,0.0749441898070683,2000,2000
J03WR9,trimmed,D6,0.03911866664955087,0.016779484646592954,0.061248468173081314,2000,2000
J03WR9,trimmed,D7,0.041402660546132744,0.02064172804127021,0.062068955728468586,2000,2000
J03WR9,trimmed,D8,0.04527812652321762,0.02573643315398525,0.06477983702231012,2000,2000
J03WR9,trimmed,D9,0.04807124211260813,0.02529161317907878,0.07119360161172053,2000,2000
J03WR9,trimmed,D10,0.061742057772733644,0.03860110190465003,0.0865286479587174,2000,2000
J03WR9,trimmed,near,0.1102682620503445,0.09403386007453157,0.12557446152719562,2000,2000
J03WR9,trimmed,middle,0.04659590786539501,0.030765018049998406,0.061825980625349136,2000,2000
J03WR9,trimmed,far,0.05169714213618646,0.034748250399300816,0.06939447962784984,2000,2000
J03WR9,trimmed,near_minus_middle,0.06367235418494949,0.04994837072113595,0.07724602422108723,2000,2000
POOLED,primary,D1,0.15323708838345101,0.14192690489920723,0.16534143401626214,2000,2000
POOLED,primary,D2,0.07268805927529556,0.064286870735483,0.08206352428878157,2000,2000
POOLED,primary,D3,0.05483035837879574,0.0469310884192384,0.06401194539410665,2000,2000
POOLED,primary,D4,0.048976729558423304,0.040486588997968885,0.057160371042246715,2000,2000
POOLED,primary,D5,0.04113842215352213,0.033195700866067185,0.04923790639714843,2000,2000
POOLED,primary,D6,0.04333524495316826,0.034762145710195654,0.052320471905819246,2000,2000
POOLED,primary,D7,0.03629394880030888,0.028150911552564804,0.04494307081657929,2000,2000
POOLED,primary,D8,0.04135744256049624,0.033045267348803684,0.04996666298807515,2000,2000
POOLED,primary,D9,0.05926128333002931,0.05039647935539391,0.06857431324007264,2000,2000
POOLED,primary,D10,0.0617122575308128,0.051580449070455586,0.07202983180633735,2000,2000
POOLED,primary,near,0.09358516867918076,0.08609810338212658,0.10154158827109479,2000,2000
POOLED,primary,middle,0.04243608636635565,0.036196414511871305,0.04899689259827471,2000,2000
POOLED,primary,far,0.05411032780711278,0.046499801052127726,0.061884212216633386,2000,2000
POOLED,primary,near_minus_middle,0.05114908231282511,0.045948170446903414,0.056419293773982526,2000,2000
POOLED,secondary,D1,0.11340998139190994,0.10427603156693639,0.12292249858702799,2000,2000
POOLED,secondary,D2,0.07260444090564536,0.06424933345671854,0.08111828257513856,2000,2000
POOLED,secondary,D3,0.06589542595742884,0.057729262490179026,0.07418974395164889,2000,2000
POOLED,secondary,D4,0.06271085477319382,0.05440465934122626,0.0711656698259988,2000,2000
POOLED,secondary,D5,0.05778082348191038,0.05006022946846025,0.06610876399061061,2000,2000
POOLED,secondary,D6,0.05869300047628956,0.050205516212020816,0.06681729154267722,2000,2000
POOLED,secondary,D7,0.05619203708717632,0.04816139650331039,0.06434955366867696,2000,2000
POOLED,secondary,D8,0.05734627636331634,0.049229079754118485,0.06550136565426844,2000,2000
POOLED,secondary,D9,0.06680695234134798,0.05825324909273317,0.07555037093899139,2000,2000
POOLED,secondary,D10,0.07085726213484542,0.061188735757925,0.08013216097094825,2000,2000
POOLED,secondary,near,0.08396994941832804,0.07612301179289446,0.09191304977226004,2000,2000
POOLED,secondary,middle,0.05884417895464252,0.05109169934623598,0.06629489726381378,2000,2000
POOLED,secondary,far,0.06500349694650324,0.05656571947419992,0.07278930587690623,2000,2000
POOLED,secondary,near_minus_middle,0.02512577046368552,0.021984437852652753,0.02829589554682827,2000,2000
POOLED,trimmed,D1,0.1516054723427825,0.14223775224789545,0.16166498788053868,2000,2000
POOLED,trimmed,D2,0.07865773146157365,0.06991102137260374,0.08809288387196235,2000,2000
POOLED,trimmed,D3,0.05990903358071095,0.05161967969840763,0.06864775834862874,2000,2000
POOLED,trimmed,D4,0.05608272915015422,0.047230635604199205,0.06461230948932023,2000,2000
POOLED,trimmed,D5,0.0499122798716619,0.04179850912017299,0.058340469881873525,2000,2000
POOLED,trimmed,D6,0.04954992452166397,0.04025458137292095,0.059368684564618614,2000,2000
POOLED,trimmed,D7,0.04371099250513931,0.03540987163704636,0.05256485457483683,2000,2000
POOLED,trimmed,D8,0.04752193913063668,0.03848199422152689,0.056596572404352674,2000,2000
POOLED,trimmed,D9,0.06511371770723909,0.055895194959608235,0.07475710454732303,2000,2000
POOLED,trimmed,D10,0.07137595759943607,0.06095106719567451,0.0818378434201527,2000,2000
POOLED,trimmed,near,0.09672407912835569,0.08997613528428221,0.10374997457960494,2000,2000
POOLED,trimmed,middle,0.049813981512154853,0.043350742370422815,0.056683450427825535,2000,2000
POOLED,trimmed,far,0.06133720481243728,0.05347252474912004,0.0691789097763107,2000,2000
POOLED,trimmed,near_minus_middle,0.04691009761620084,0.0416119243316379,0.0521951904242226,2000,2000
