block_id,team,player,period,frames,start_s,end_s
metrica:Away:15|P1|S001|O001,Away,15,1,4,0.2,0.32
metrica:Away:15|P1|S002|O001,Away,15,1,2556,2329.72,2431.92
metrica:Away:15|P1|S002|O002,Away,15,1,1739,2432.28,2501.8
metrica:Away:15|P1|S002|O003,Away,15,1,5197,2509.68,2717.52
metrica:Away:15|P2|S001|O001,Away,15,2,10,2717.84,2718.2
metrica:Away:15|P2|S002|O001,Away,15,2,3446,5392.0,5529.8
metrica:Away:15|P2|S002|O002,Away,15,2,1631,5530.24,5595.44
metrica:Away:15|P2|S002|O003,Away,15,2,364,5595.88,5610.4
metrica:Away:15|P2|S002|O004,Away,15,2,883,5610.84,5646.12
metrica:Away:16|P1|S001|O001,Away,16,1,43,0.2,1.88
metrica:Away:16|P1|S001|O002,Away,16,1,445,2.24,20.0
metrica:Away:16|P1|S001|O003,Away,16,1,5419,27.08,243.8
metrica:Away:16|P1|S001|O004,Away,16,1,709,254.36,282.68
metrica:Away:16|P1|S001|O005,Away,16,1,409,326.12,342.44
metrica:Away:16|P1|S001|O006,Away,16,1,1191,349.0,396.6
metrica:Away:16|P1|S001|O007,Away,16,1,35,418.72,420.08
metrica:Away:16|P1|S001|O008,Away,16,1,3078,428.8,551.88
metrica:Away:16|P1|S001|O009,Away,16,1,737,552.24,581.68
metrica:Away:16|P1|S001|O010,Away,16,1,360,593.96,608.32
metrica:Away:16|P1|S001|O011,Away,16,1,3064,618.16,740.68
metrica:Away:16|P1|S001|O012,Away,16,1,2144,779.6,865.32
metrica:Away:16|P1|S001|O013,Away,16,1,1017,865.68,906.32
metrica:Away:16|P1|S001|O014,Away,16,1,2749,917.24,1027.16
metrica:Away:16|P1|S001|O015,Away,16,1,567,1036.92,1059.56
metrica:Away:16|P1|S001|O016,Away,16,1,1537,1084.4,1145.84
metrica:Away:16|P1|S001|O017,Away,16,1,1732,1146.2,1215.44
metrica:Away:16|P1|S001|O018,Away,16,1,2454,1215.8,1313.92
metrica:Away:16|P1|S001|O019,Away,16,1,943,1314.28,1351.96
metrica:Away:16|P1|S001|O020,Away,16,1,1017,1448.84,1489.48
metrica:Away:16|P1|S001|O021,Away,16,1,209,1489.84,1498.16
metrica:Away:16|P1|S001|O022,Away,16,1,314,1531.68,1544.2
metrica:Away:16|P1|S001|O023,Away,16,1,521,1565.16,1585.96
metrica:Away:16|P1|S001|O024,Away,16,1,290,1586.32,1597.88
metrica:Away:16|P1|S001|O025,Away,16,1,1755,1603.48,1673.64
metrica:Away:16|P1|S001|O026,Away,16,1,654,1674.0,1700.12
metrica:Away:16|P1|S001|O027,Away,16,1,623,1700.48,1725.36
metrica:Away:16|P1|S001|O028,Away,16,1,371,1725.72,1740.52
metrica:Away:16|P1|S001|O029,Away,16,1,493,1811.8,1831.48
metrica:Away:16|P1|S001|O030,Away,16,1,2724,1838.88,1947.8
metrica:Away:16|P1|S001|O031,Away,16,1,975,1948.16,1987.12
metrica:Away:16|P1|S001|O032,Away,16,1,2161,1993.44,2079.84
metrica:Away:16|P1|S001|O033,Away,16,1,1678,2179.08,2246.16
metrica:Away:16|P1|S002|O001,Away,16,1,42,2247.0,2248.64
metrica:Away:16|P1|S003|O001,Away,16,1,1157,2249.52,2295.76
metrica:Away:16|P1|S003|O002,Away,16,1,2556,2329.72,2431.92
metrica:Away:16|P1|S003|O003,Away,16,1,1739,2432.28,2501.8
metrica:Away:16|P1|S003|O004,Away,16,1,5197,2509.68,2717.52
metrica:Away:16|P2|S001|O001,Away,16,2,43,2717.84,2719.52
metrica:Away:16|P2|S001|O002,Away,16,2,416,2719.88,2736.48
metrica:Away:16|P2|S001|O003,Away,16,2,252,2736.84,2746.88
metrica:Away:16|P2|S001|O004,Away,16,2,1926,2759.44,2836.44
metrica:Away:16|P2|S001|O005,Away,16,2,252,2836.8,2846.84
metrica:Away:16|P2|S001|O006,Away,16,2,352,2861.52,2875.56
metrica:Away:16|P2|S001|O007,Away,16,2,2382,2925.52,3020.76
metrica:Away:16|P2|S001|O008,Away,16,2,193,3021.12,3028.8
metrica:Away:16|P2|S001|O009,Away,16,2,1083,3079.48,3122.76
metrica:Away:16|P2|S001|O010,Away,16,2,1023,3123.12,3164.0
metrica:Away:16|P2|S001|O011,Away,16,2,1851,3174.64,3248.64
metrica:Away:16|P2|S001|O012,Away,16,2,3081,3296.2,3419.4
metrica:Away:16|P2|S001|O013,Away,16,2,46,3419.76,3421.56
metrica:Away:16|P2|S001|O014,Away,16,2,2204,3441.64,3529.76
metrica:Away:16|P2|S001|O015,Away,16,2,1031,3530.12,3571.32
metrica:Away:16|P2|S001|O016,Away,16,2,901,3571.68,3607.68
metrica:Away:16|P2|S001|O017,Away,16,2,505,3636.72,3656.88
metrica:Away:16|P2|S001|O018,Away,16,2,2754,3674.48,3784.6
metrica:Away:16|P2|S001|O019,Away,16,2,1003,3835.68,3875.76
metrica:Away:16|P2|S001|O020,Away,16,2,264,3946.92,3957.44
metrica:Away:16|P2|S001|O021,Away,16,2,2288,4007.96,4099.44
metrica:Away:16|P2|S001|O022,Away,16,2,1556,4127.88,4190.08
metrica:Away:16|P2|S001|O023,Away,16,2,275,4190.52,4201.48
metrica:Away:16|P2|S001|O024,Away,16,2,1478,4201.92,4261.0
metrica:Away:16|P2|S001|O025,Away,16,2,245,4261.44,4271.2
metrica:Away:16|P2|S001|O026,Away,16,2,315,4281.0,4293.56
metrica:Away:16|P2|S001|O027,Away,16,2,832,4302.16,4335.4
metrica:Away:16|P2|S001|O028,Away,16,2,81,4335.84,4339.04
metrica:Away:16|P2|S001|O029,Away,16,2,1730,4368.2,4437.36
metrica:Away:16|P2|S001|O030,Away,16,2,291,4437.8,4449.4
metrica:Away:16|P2|S001|O031,Away,16,2,3631,4454.96,4600.16
metrica:Away:16|P2|S001|O032,Away,16,2,1708,4600.6,4668.88
metrica:Away:16|P2|S001|O033,Away,16,2,548,4669.32,4691.2
metrica:Away:16|P2|S002|O001,Away,16,2,1254,4693.32,4743.44
metrica:Away:16|P2|S002|O002,Away,16,2,567,4743.88,4766.52
metrica:Away:16|P2|S002|O003,Away,16,2,1153,4766.96,4813.04
metrica:Away:16|P2|S002|O004,Away,16,2,1098,4813.48,4857.36
metrica:Away:16|P2|S003|O001,Away,16,2,1463,4858.04,4916.52
metrica:Away:16|P2|S003|O002,Away,16,2,292,4916.96,4928.6
metrica:Away:16|P2|S003|O003,Away,16,2,3021,4937.24,5058.04
metrica:Away:16|P2|S003|O004,Away,16,2,2115,5065.52,5150.08
metrica:Away:16|P2|S003|O005,Away,16,2,1449,5150.52,5208.44
metrica:Away:16|P2|S003|O006,Away,16,2,472,5208.88,5227.72
metrica:Away:16|P2|S003|O007,Away,16,2,1862,5228.16,5302.6
metrica:Away:16|P2|S003|O008,Away,16,2,997,5303.04,5342.88
metrica:Away:16|P2|S003|O009,Away,16,2,4484,5350.48,5529.8
metrica:Away:16|P2|S003|O010,Away,16,2,1631,5530.24,5595.44
metrica:Away:16|P2|S003|O011,Away,16,2,364,5595.88,5610.4
metrica:Away:16|P2|S003|O012,Away,16,2,883,5610.84,5646.12
metrica:Away:17|P1|S002|O001,Away,17,1,493,1811.8,1831.48
metrica:Away:17|P1|S002|O002,Away,17,1,2724,1838.88,1947.8
metrica:Away:17|P1|S002|O003,Away,17,1,975,1948.16,1987.12
metrica:Away:17|P1|S002|O004,Away,17,1,2161,1993.44,2079.84
metrica:Away:17|P1|S002|O005,Away,17,1,1678,2179.08,2246.16
metrica:Away:17|P1|S003|O001,Away,17,1,42,2247.0,2248.64
metrica:Away:17|P1|S004|O001,Away,17,1,1157,2249.52,2295.76
metrica:Away:17|P1|S004|O002,Away,17,1,2556,2329.72,2431.92
metrica:Away:17|P1|S004|O003,Away,17,1,1739,2432.28,2501.8
metrica:Away:17|P1|S004|O004,Away,17,1,5197,2509.68,2717.52
metrica:Away:17|P2|S001|O001,Away,17,2,43,2717.84,2719.52
metrica:Away:17|P2|S001|O002,Away,17,2,416,2719.88,2736.48
metrica:Away:17|P2|S001|O003,Away,17,2,252,2736.84,2746.88
metrica:Away:17|P2|S001|O004,Away,17,2,1926,2759.44,2836.44
metrica:Away:17|P2|S001|O005,Away,17,2,252,2836.8,2846.84
metrica:Away:17|P2|S001|O006,Away,17,2,352,2861.52,2875.56
metrica:Away:17|P2|S001|O007,Away,17,2,2382,2925.52,3020.76
metrica:Away:17|P2|S001|O008,Away,17,2,193,3021.12,3028.8
metrica:Away:17|P2|S001|O009,Away,17,2,1083,3079.48,3122.76
metrica:Away:17|P2|S001|O010,Away,17,2,1023,3123.12,3164.0
metrica:Away:17|P2|S001|O011,Away,17,2,1851,3174.64,3248.64
metrica:Away:17|P2|S001|O012,Away,17,2,3081,3296.2,3419.4
metrica:Away:17|P2|S001|O013,Away,17,2,46,3419.76,3421.56
metrica:Away:17|P2|S001|O014,Away,17,2,2204,3441.64,3529.76
metrica:Away:17|P2|S001|O015,Away,17,2,1031,3530.12,3571.32
metrica:Away:17|P2|S001|O016,Away,17,2,901,3571.68,3607.68
metrica:Away:17|P2|S001|O017,Away,17,2,505,3636.72,3656.88
metrica:Away:17|P2|S001|O018,Away,17,2,2754,3674.48,3784.6
metrica:Away:17|P2|S001|O019,Away,17,2,1003,3835.68,3875.76
metrica:Away:17|P2|S001|O020,Away,17,2,264,3946.92,3957.44
metrica:Away:17|P2|S001|O021,Away,17,2,2288,4007.96,4099.44
metrica:Away:17|P2|S001|O022,Away,17,2,1556,4127.88,4190.08
metrica:Away:17|P2|S001|O023,Away,17,2,275,4190.52,4201.48
metrica:Away:17|P2|S001|O024,Away,17,2,1478,4201.92,4261.0
metrica:Away:17|P2|S001|O025,Away,17,2,245,4261.44,4271.2
metrica:Away:17|P2|S001|O026,Away,17,2,315,4281.0,4293.56
metrica:Away:17|P2|S001|O027,Away,17,2,832,4302.16,4335.4
metrica:Away:17|P2|S001|O028,Away,17,2,81,4335.84,4339.04
metrica:Away:17|P2|S001|O029,Away,17,2,1730,4368.2,4437.36
metrica:Away:17|P2|S001|O030,Away,17,2,291,4437.8,4449.4
metrica:Away:17|P2|S001|O031,Away,17,2,3631,4454.96,4600.16
metrica:Away:17|P2|S001|O032,Away,17,2,1708,4600.6,4668.88
metrica:Away:17|P2|S001|O033,Away,17,2,1854,4669.32,4743.44
metrica:Away:17|P2|S001|O034,Away,17,2,567,4743.88,4766.52
metrica:Away:17|P2|S001|O035,Away,17,2,1153,4766.96,4813.04
metrica:Away:17|P2|S001|O036,Away,17,2,2577,4813.48,4916.52
metrica:Away:17|P2|S001|O037,Away,17,2,292,4916.96,4928.6
metrica:Away:17|P2|S001|O038,Away,17,2,3021,4937.24,5058.04
metrica:Away:17|P2|S001|O039,Away,17,2,2115,5065.52,5150.08
metrica:Away:17|P2|S001|O040,Away,17,2,1449,5150.52,5208.44
metrica:Away:17|P2|S001|O041,Away,17,2,472,5208.88,5227.72
metrica:Away:17|P2|S001|O042,Away,17,2,1862,5228.16,5302.6
metrica:Away:17|P2|S001|O043,Away,17,2,997,5303.04,5342.88
metrica:Away:17|P2|S001|O044,Away,17,2,4484,5350.48,5529.8
metrica:Away:17|P2|S001|O045,Away,17,2,1631,5530.24,5595.44
metrica:Away:17|P2|S001|O046,Away,17,2,364,5595.88,5610.4
metrica:Away:17|P2|S001|O047,Away,17,2,883,5610.84,5646.12
metrica:Away:18|P1|S001|O001,Away,18,1,43,0.2,1.88
metrica:Away:18|P1|S001|O002,Away,18,1,445,2.24,20.0
metrica:Away:18|P1|S001|O003,Away,18,1,5419,27.08,243.8
metrica:Away:18|P1|S001|O004,Away,18,1,709,254.36,282.68
metrica:Away:18|P1|S001|O005,Away,18,1,409,326.12,342.44
metrica:Away:18|P1|S001|O006,Away,18,1,1191,349.0,396.6
metrica:Away:18|P1|S001|O007,Away,18,1,35,418.72,420.08
metrica:Away:18|P1|S001|O008,Away,18,1,3078,428.8,551.88
metrica:Away:18|P1|S001|O009,Away,18,1,737,552.24,581.68
metrica:Away:18|P1|S001|O010,Away,18,1,360,593.96,608.32
metrica:Away:18|P1|S001|O011,Away,18,1,3064,618.16,740.68
metrica:Away:18|P1|S001|O012,Away,18,1,2144,779.6,865.32
metrica:Away:18|P1|S001|O013,Away,18,1,1017,865.68,906.32
metrica:Away:18|P1|S001|O014,Away,18,1,2749,917.24,1027.16
metrica:Away:18|P1|S001|O015,Away,18,1,567,1036.92,1059.56
metrica:Away:18|P1|S001|O016,Away,18,1,1537,1084.4,1145.84
metrica:Away:18|P1|S001|O017,Away,18,1,1732,1146.2,1215.44
metrica:Away:18|P1|S001|O018,Away,18,1,2454,1215.8,1313.92
metrica:Away:18|P1|S001|O019,Away,18,1,943,1314.28,1351.96
metrica:Away:18|P1|S001|O020,Away,18,1,1017,1448.84,1489.48
metrica:Away:18|P1|S001|O021,Away,18,1,209,1489.84,1498.16
metrica:Away:18|P1|S001|O022,Away,18,1,314,1531.68,1544.2
metrica:Away:18|P1|S001|O023,Away,18,1,521,1565.16,1585.96
metrica:Away:18|P1|S001|O024,Away,18,1,290,1586.32,1597.88
metrica:Away:18|P1|S001|O025,Away,18,1,1755,1603.48,1673.64
metrica:Away:18|P1|S001|O026,Away,18,1,654,1674.0,1700.12
metrica:Away:18|P1|S001|O027,Away,18,1,623,1700.48,1725.36
metrica:Away:18|P1|S001|O028,Away,18,1,371,1725.72,1740.52
metrica:Away:18|P1|S001|O029,Away,18,1,493,1811.8,1831.48
metrica:Away:18|P1|S001|O030,Away,18,1,2724,1838.88,1947.8
metrica:Away:18|P1|S001|O031,Away,18,1,975,1948.16,1987.12
metrica:Away:18|P1|S001|O032,Away,18,1,2161,1993.44,2079.84
metrica:Away:18|P1|S001|O033,Away,18,1,2918,2179.08,2295.76
metrica:Away:18|P1|S001|O034,Away,18,1,2556,2329.72,2431.92
metrica:Away:18|P1|S001|O035,Away,18,1,1739,2432.28,2501.8
metrica:Away:18|P1|S001|O036,Away,18,1,5197,2509.68,2717.52
metrica:Away:18|P2|S001|O001,Away,18,2,43,2717.84,2719.52
metrica:Away:18|P2|S001|O002,Away,18,2,416,2719.88,2736.48
metrica:Away:18|P2|S001|O003,Away,18,2,252,2736.84,2746.88
metrica:Away:18|P2|S001|O004,Away,18,2,1926,2759.44,2836.44
metrica:Away:18|P2|S001|O005,Away,18,2,252,2836.8,2846.84
metrica:Away:18|P2|S001|O006,Away,18,2,352,2861.52,2875.56
metrica:Away:18|P2|S001|O007,Away,18,2,2382,2925.52,3020.76
metrica:Away:18|P2|S001|O008,Away,18,2,193,3021.12,3028.8
metrica:Away:18|P2|S001|O009,Away,18,2,1083,3079.48,3122.76
metrica:Away:18|P2|S001|O010,Away,18,2,1023,3123.12,3164.0
metrica:Away:18|P2|S001|O011,Away,18,2,1851,3174.64,3248.64
metrica:Away:18|P2|S001|O012,Away,18,2,3081,3296.2,3419.4
metrica:Away:18|P2|S001|O013,Away,18,2,46,3419.76,3421.56
metrica:Away:18|P2|S001|O014,Away,18,2,2204,3441.64,3529.76
metrica:Away:18|P2|S001|O015,Away,18,2,1031,3530.12,3571.32
metrica:Away:18|P2|S001|O016,Away,18,2,901,3571.68,3607.68
metrica:Away:18|P2|S001|O017,Away,18,2,505,3636.72,3656.88
metrica:Away:18|P2|S001|O018,Away,18,2,2754,3674.48,3784.6
metrica:Away:18|P2|S001|O019,Away,18,2,1003,3835.68,3875.76
metrica:Away:18|P2|S001|O020,Away,18,2,264,3946.92,3957.44
metrica:Away:18|P2|S001|O021,Away,18,2,2288,4007.96,4099.44
metrica:Away:18|P2|S001|O022,Away,18,2,1556,4127.88,4190.08
metrica:Away:18|P2|S001|O023,Away,18,2,275,4190.52,4201.48
metrica:Away:18|P2|S001|O024,Away,18,2,1478,4201.92,4261.0
metrica:Away:18|P2|S001|O025,Away,18,2,245,4261.44,4271.2
metrica:Away:18|P2|S001|O026,Away,18,2,315,4281.0,4293.56
metrica:Away:18|P2|S001|O027,Away,18,2,832,4302.16,4335.4
metrica:Away:18|P2|S001|O028,Away,18,2,81,4335.84,4339.04
metrica:Away:18|P2|S001|O029,Away,18,2,1730,4368.2,4437.36
metrica:Away:18|P2|S001|O030,Away,18,2,291,4437.8,4449.4
metrica:Away:18|P2|S001|O031,Away,18,2,2538,4454.96,4556.44
metrica:Away:18|P2|S002|O001,Away,18,2,1023,4559.28,4600.16
metrica:Away:18|P2|S002|O002,Away,18,2,1708,4600.6,4668.88
metrica:Away:18|P2|S002|O003,Away,18,2,527,4669.32,4690.36
metrica:Away:18|P2|S003|O001,Away,18,2,1318,4690.76,4743.44
metrica:Away:18|P2|S003|O002,Away,18,2,567,4743.88,4766.52
metrica:Away:18|P2|S003|O003,Away,18,2,1153,4766.96,4813.04
metrica:Away:18|P2|S003|O004,Away,18,2,2577,4813.48,4916.52
metrica:Away:18|P2|S003|O005,Away,18,2,292,4916.96,4928.6
metrica:Away:18|P2|S003|O006,Away,18,2,3021,4937.24,5058.04
metrica:Away:18|P2|S003|O007,Away,18,2,2115,5065.52,5150.08
metrica:Away:18|P2|S003|O008,Away,18,2,1449,5150.52,5208.44
metrica:Away:18|P2|S003|O009,Away,18,2,472,5208.88,5227.72
metrica:Away:18|P2|S003|O010,Away,18,2,556,5228.16,5250.36
metrica:Away:18|P2|S004|O001,Away,18,2,1271,5251.8,5302.6
metrica:Away:18|P2|S004|O002,Away,18,2,997,5303.04,5342.88
metrica:Away:18|P2|S004|O003,Away,18,2,4484,5350.48,5529.8
metrica:Away:18|P2|S004|O004,Away,18,2,1631,5530.24,5595.44
metrica:Away:18|P2|S004|O005,Away,18,2,364,5595.88,5610.4
metrica:Away:18|P2|S004|O006,Away,18,2,883,5610.84,5646.12
metrica:Away:19|P1|S001|O001,Away,19,1,43,0.2,1.88
metrica:Away:19|P1|S001|O002,Away,19,1,445,2.24,20.0
metrica:Away:19|P1|S001|O003,Away,19,1,5419,27.08,243.8
metrica:Away:19|P1|S001|O004,Away,19,1,709,254.36,282.68
metrica:Away:19|P1|S001|O005,Away,19,1,409,326.12,342.44
metrica:Away:19|P1|S001|O006,Away,19,1,1191,349.0,396.6
metrica:Away:19|P1|S001|O007,Away,19,1,35,418.72,420.08
metrica:Away:19|P1|S001|O008,Away,19,1,3078,428.8,551.88
metrica:Away:19|P1|S001|O009,Away,19,1,737,552.24,581.68
metrica:Away:19|P1|S001|O010,Away,19,1,360,593.96,608.32
metrica:Away:19|P1|S001|O011,Away,19,1,3064,618.16,740.68
metrica:Away:19|P1|S001|O012,Away,19,1,2144,779.6,865.32
metrica:Away:19|P1|S001|O013,Away,19,1,1017,865.68,906.32
metrica:Away:19|P1|S001|O014,Away,19,1,2749,917.24,1027.16
metrica:Away:19|P1|S001|O015,Away,19,1,567,1036.92,1059.56
metrica:Away:19|P1|S001|O016,Away,19,1,1537,1084.4,1145.84
metrica:Away:19|P1|S001|O017,Away,19,1,1732,1146.2,1215.44
metrica:Away:19|P1|S001|O018,Away,19,1,2454,1215.8,1313.92
metrica:Away:19|P1|S001|O019,Away,19,1,943,1314.28,1351.96
metrica:Away:19|P1|S001|O020,Away,19,1,1017,1448.84,1489.48
metrica:Away:19|P1|S001|O021,Away,19,1,209,1489.84,1498.16
metrica:Away:19|P1|S001|O022,Away,19,1,314,1531.68,1544.2
metrica:Away:19|P1|S001|O023,Away,19,1,521,1565.16,1585.96
metrica:Away:19|P1|S001|O024,Away,19,1,290,1586.32,1597.88
metrica:Away:19|P1|S001|O025,Away,19,1,1755,1603.48,1673.64
metrica:Away:19|P1|S001|O026,Away,19,1,654,1674.0,1700.12
metrica:Away:19|P1|S001|O027,Away,19,1,623,1700.48,1725.36
metrica:Away:19|P1|S001|O028,Away,19,1,371,1725.72,1740.52
metrica:Away:19|P1|S001|O029,Away,19,1,493,1811.8,1831.48
metrica:Away:19|P1|S001|O030,Away,19,1,2724,1838.88,1947.8
metrica:Away:19|P1|S001|O031,Away,19,1,975,1948.16,1987.12
metrica:Away:19|P1|S001|O032,Away,19,1,2161,1993.44,2079.84
metrica:Away:19|P1|S001|O033,Away,19,1,2918,2179.08,2295.76
metrica:Away:19|P1|S001|O034,Away,19,1,2556,2329.72,2431.92
metrica:Away:19|P1|S001|O035,Away,19,1,1739,2432.28,2501.8
metrica:Away:19|P1|S001|O036,Away,19,1,5197,2509.68,2717.52
metrica:Away:19|P2|S001|O001,Away,19,2,8,2717.84,2718.12
metrica:Away:19|P2|S002|O001,Away,19,2,26,2718.52,2719.52
metrica:Away:19|P2|S002|O002,Away,19,2,416,2719.88,2736.48
metrica:Away:19|P2|S002|O003,Away,19,2,252,2736.84,2746.88
metrica:Away:19|P2|S002|O004,Away,19,2,1926,2759.44,2836.44
metrica:Away:19|P2|S002|O005,Away,19,2,252,2836.8,2846.84
metrica:Away:19|P2|S002|O006,Away,19,2,352,2861.52,2875.56
metrica:Away:19|P2|S002|O007,Away,19,2,2382,2925.52,3020.76
metrica:Away:19|P2|S002|O008,Away,19,2,193,3021.12,3028.8
metrica:Away:19|P2|S002|O009,Away,19,2,1083,3079.48,3122.76
metrica:Away:19|P2|S002|O010,Away,19,2,1023,3123.12,3164.0
metrica:Away:19|P2|S002|O011,Away,19,2,1851,3174.64,3248.64
metrica:Away:19|P2|S002|O012,Away,19,2,3081,3296.2,3419.4
metrica:Away:19|P2|S002|O013,Away,19,2,46,3419.76,3421.56
metrica:Away:19|P2|S002|O014,Away,19,2,2204,3441.64,3529.76
metrica:Away:19|P2|S002|O015,Away,19,2,1031,3530.12,3571.32
metrica:Away:19|P2|S002|O016,Away,19,2,901,3571.68,3607.68
metrica:Away:19|P2|S002|O017,Away,19,2,505,3636.72,3656.88
metrica:Away:19|P2|S002|O018,Away,19,2,2754,3674.48,3784.6
metrica:Away:19|P2|S002|O019,Away,19,2,1003,3835.68,3875.76
metrica:Away:19|P2|S002|O020,Away,19,2,264,3946.92,3957.44
metrica:Away:19|P2|S002|O021,Away,19,2,2288,4007.96,4099.44
metrica:Away:19|P2|S002|O022,Away,19,2,1556,4127.88,4190.08
metrica:Away:19|P2|S002|O023,Away,19,2,275,4190.52,4201.48
metrica:Away:19|P2|S002|O024,Away,19,2,1478,4201.92,4261.0
metrica:Away:19|P2|S002|O025,Away,19,2,245,4261.44,4271.2
metrica:Away:19|P2|S002|O026,Away,19,2,315,4281.0,4293.56
metrica:Away:19|P2|S002|O027,Away,19,2,832,4302.16,4335.4
metrica:Away:19|P2|S002|O028,Away,19,2,81,4335.84,4339.04
metrica:Away:19|P2|S002|O029,Away,19,2,1730,4368.2,4437.36
metrica:Away:19|P2|S002|O030,Away,19,2,291,4437.8,4449.4
metrica:Away:19|P2|S002|O031,Away,19,2,2538,4454.96,4556.44
metrica:Away:19|P2|S003|O001,Away,19,2,1023,4559.28,4600.16
metrica:Away:19|P2|S003|O002,Away,19,2,1708,4600.6,4668.88
metrica:Away:19|P2|S003|O003,Away,19,2,1854,4669.32,4743.44
metrica:Away:19|P2|S003|O004,Away,19,2,567,4743.88,4766.52
metrica:Away:19|P2|S003|O005,Away,19,2,1153,4766.96,4813.04
metrica:Away:19|P2|S003|O006,Away,19,2,2577,4813.48,4916.52
metrica:Away:19|P2|S003|O007,Away,19,2,292,4916.96,4928.6
metrica:Away:19|P2|S003|O008,Away,19,2,3021,4937.24,5058.04
metrica:Away:19|P2|S003|O009,Away,19,2,2115,5065.52,5150.08
metrica:Away:19|P2|S003|O010,Away,19,2,1449,5150.52,5208.44
metrica:Away:19|P2|S003|O011,Away,19,2,472,5208.88,5227.72
metrica:Away:19|P2|S003|O012,Away,19,2,1862,5228.16,5302.6
metrica:Away:19|P2|S003|O013,Away,19,2,997,5303.04,5342.88
metrica:Away:19|P2|S003|O014,Away,19,2,4484,5350.48,5529.8
metrica:Away:19|P2|S003|O015,Away,19,2,738,5530.24,5559.72
metrica:Away:19|P2|S004|O001,Away,19,2,712,5567.0,5595.44
metrica:Away:19|P2|S004|O002,Away,19,2,364,5595.88,5610.4
metrica:Away:19|P2|S004|O003,Away,19,2,883,5610.84,5646.12
metrica:Away:20|P1|S002|O001,Away,20,1,368,1337.28,1351.96
metrica:Away:20|P1|S002|O002,Away,20,1,1017,1448.84,1489.48
metrica:Away:20|P1|S002|O003,Away,20,1,209,1489.84,1498.16
metrica:Away:20|P1|S002|O004,Away,20,1,314,1531.68,1544.2
metrica:Away:20|P1|S002|O005,Away,20,1,521,1565.16,1585.96
metrica:Away:20|P1|S002|O006,Away,20,1,290,1586.32,1597.88
metrica:Away:20|P1|S002|O007,Away,20,1,1755,1603.48,1673.64
metrica:Away:20|P1|S002|O008,Away,20,1,654,1674.0,1700.12
metrica:Away:20|P1|S002|O009,Away,20,1,623,1700.48,1725.36
metrica:Away:20|P1|S002|O010,Away,20,1,371,1725.72,1740.52
metrica:Away:20|P1|S002|O011,Away,20,1,493,1811.8,1831.48
metrica:Away:20|P1|S002|O012,Away,20,1,2724,1838.88,1947.8
metrica:Away:20|P1|S002|O013,Away,20,1,975,1948.16,1987.12
metrica:Away:20|P1|S002|O014,Away,20,1,2161,1993.44,2079.84
metrica:Away:20|P1|S002|O015,Away,20,1,2918,2179.08,2295.76
metrica:Away:20|P1|S002|O016,Away,20,1,2556,2329.72,2431.92
metrica:Away:20|P1|S002|O017,Away,20,1,1739,2432.28,2501.8
metrica:Away:20|P1|S002|O018,Away,20,1,5197,2509.68,2717.52
metrica:Away:20|P2|S002|O001,Away,20,2,1881,4524.96,4600.16
metrica:Away:20|P2|S002|O002,Away,20,2,1708,4600.6,4668.88
metrica:Away:20|P2|S002|O003,Away,20,2,1854,4669.32,4743.44
metrica:Away:20|P2|S002|O004,Away,20,2,567,4743.88,4766.52
metrica:Away:20|P2|S002|O005,Away,20,2,1153,4766.96,4813.04
metrica:Away:20|P2|S002|O006,Away,20,2,2577,4813.48,4916.52
metrica:Away:20|P2|S002|O007,Away,20,2,292,4916.96,4928.6
metrica:Away:20|P2|S002|O008,Away,20,2,3021,4937.24,5058.04
metrica:Away:20|P2|S002|O009,Away,20,2,2115,5065.52,5150.08
metrica:Away:20|P2|S002|O010,Away,20,2,1449,5150.52,5208.44
metrica:Away:20|P2|S002|O011,Away,20,2,472,5208.88,5227.72
metrica:Away:20|P2|S002|O012,Away,20,2,556,5228.16,5250.36
metrica:Away:20|P2|S003|O001,Away,20,2,1271,5251.8,5302.6
metrica:Away:20|P2|S003|O002,Away,20,2,997,5303.04,5342.88
metrica:Away:20|P2|S003|O003,Away,20,2,4484,5350.48,5529.8
metrica:Away:20|P2|S003|O004,Away,20,2,1631,5530.24,5595.44
metrica:Away:20|P2|S003|O005,Away,20,2,330,5595.88,5609.04
metrica:Away:20|P2|S004|O001,Away,20,2,12,5609.96,5610.4
metrica:Away:20|P2|S004|O002,Away,20,2,883,5610.84,5646.12
metrica:Away:21|P1|S002|O001,Away,21,1,36,0.48,1.88
metrica:Away:21|P1|S002|O002,Away,21,1,445,2.24,20.0
metrica:Away:21|P1|S002|O003,Away,21,1,5419,27.08,243.8
metrica:Away:21|P1|S002|O004,Away,21,1,709,254.36,282.68
metrica:Away:21|P1|S002|O005,Away,21,1,409,326.12,342.44
metrica:Away:21|P1|S002|O006,Away,21,1,1191,349.0,396.6
metrica:Away:21|P1|S002|O007,Away,21,1,35,418.72,420.08
metrica:Away:21|P1|S002|O008,Away,21,1,3078,428.8,551.88
metrica:Away:21|P1|S002|O009,Away,21,1,737,552.24,581.68
metrica:Away:21|P1|S002|O010,Away,21,1,360,593.96,608.32
metrica:Away:21|P1|S002|O011,Away,21,1,3064,618.16,740.68
metrica:Away:21|P1|S002|O012,Away,21,1,2144,779.6,865.32
metrica:Away:21|P1|S002|O013,Away,21,1,1017,865.68,906.32
metrica:Away:21|P1|S002|O014,Away,21,1,2749,917.24,1027.16
metrica:Away:21|P1|S002|O015,Away,21,1,567,1036.92,1059.56
metrica:Away:21|P1|S002|O016,Away,21,1,1537,1084.4,1145.84
metrica:Away:21|P1|S002|O017,Away,21,1,1732,1146.2,1215.44
metrica:Away:21|P1|S002|O018,Away,21,1,2454,1215.8,1313.92
metrica:Away:21|P1|S002|O019,Away,21,1,943,1314.28,1351.96
metrica:Away:21|P1|S002|O020,Away,21,1,1017,1448.84,1489.48
metrica:Away:21|P1|S002|O021,Away,21,1,209,1489.84,1498.16
metrica:Away:21|P1|S002|O022,Away,21,1,314,1531.68,1544.2
metrica:Away:21|P1|S002|O023,Away,21,1,521,1565.16,1585.96
metrica:Away:21|P1|S002|O024,Away,21,1,290,1586.32,1597.88
metrica:Away:21|P1|S002|O025,Away,21,1,1755,1603.48,1673.64
metrica:Away:21|P1|S002|O026,Away,21,1,654,1674.0,1700.12
metrica:Away:21|P1|S002|O027,Away,21,1,623,1700.48,1725.36
metrica:Away:21|P1|S002|O028,Away,21,1,371,1725.72,1740.52
metrica:Away:21|P1|S002|O029,Away,21,1,493,1811.8,1831.48
metrica:Away:21|P1|S002|O030,Away,21,1,2724,1838.88,1947.8
metrica:Away:21|P1|S002|O031,Away,21,1,975,1948.16,1987.12
metrica:Away:21|P1|S002|O032,Away,21,1,2161,1993.44,2079.84
metrica:Away:21|P1|S002|O033,Away,21,1,2918,2179.08,2295.76
metrica:Away:21|P1|S002|O034,Away,21,1,2556,2329.72,2431.92
metrica:Away:21|P1|S002|O035,Away,21,1,1739,2432.28,2501.8
metrica:Away:21|P1|S002|O036,Away,21,1,5197,2509.68,2717.52
metrica:Away:21|P2|S001|O001,Away,21,2,43,2717.84,2719.52
metrica:Away:21|P2|S001|O002,Away,21,2,416,2719.88,2736.48
metrica:Away:21|P2|S001|O003,Away,21,2,252,2736.84,2746.88
metrica:Away:21|P2|S001|O004,Away,21,2,1926,2759.44,2836.44
metrica:Away:21|P2|S001|O005,Away,21,2,252,2836.8,2846.84
metrica:Away:21|P2|S001|O006,Away,21,2,352,2861.52,2875.56
metrica:Away:21|P2|S001|O007,Away,21,2,2382,2925.52,3020.76
metrica:Away:21|P2|S001|O008,Away,21,2,193,3021.12,3028.8
metrica:Away:21|P2|S001|O009,Away,21,2,1083,3079.48,3122.76
metrica:Away:21|P2|S001|O010,Away,21,2,1023,3123.12,3164.0
metrica:Away:21|P2|S001|O011,Away,21,2,1851,3174.64,3248.64
metrica:Away:21|P2|S001|O012,Away,21,2,3081,3296.2,3419.4
metrica:Away:21|P2|S001|O013,Away,21,2,46,3419.76,3421.56
metrica:Away:21|P2|S001|O014,Away,21,2,2204,3441.64,3529.76
metrica:Away:21|P2|S001|O015,Away,21,2,1031,3530.12,3571.32
metrica:Away:21|P2|S001|O016,Away,21,2,901,3571.68,3607.68
metrica:Away:21|P2|S001|O017,Away,21,2,505,3636.72,3656.88
metrica:Away:21|P2|S001|O018,Away,21,2,2754,3674.48,3784.6
metrica:Away:21|P2|S001|O019,Away,21,2,1003,3835.68,3875.76
metrica:Away:21|P2|S001|O020,Away,21,2,264,3946.92,3957.44
metrica:Away:21|P2|S001|O021,Away,21,2,2288,4007.96,4099.44
metrica:Away:21|P2|S001|O022,Away,21,2,1556,4127.88,4190.08
metrica:Away:21|P2|S001|O023,Away,21,2,275,4190.52,4201.48
metrica:Away:21|P2|S001|O024,Away,21,2,1478,4201.92,4261.0
metrica:Away:21|P2|S001|O025,Away,21,2,245,4261.44,4271.2
metrica:Away:21|P2|S001|O026,Away,21,2,315,4281.0,4293.56
metrica:Away:21|P2|S001|O027,Away,21,2,832,4302.16,4335.4
metrica:Away:21|P2|S001|O028,Away,21,2,81,4335.84,4339.04
metrica:Away:21|P2|S001|O029,Away,21,2,1730,4368.2,4437.36
metrica:Away:21|P2|S001|O030,Away,21,2,291,4437.8,4449.4
metrica:Away:21|P2|S001|O031,Away,21,2,3631,4454.96,4600.16
metrica:Away:21|P2|S001|O032,Away,21,2,1708,4600.6,4668.88
metrica:Away:21|P2|S001|O033,Away,21,2,1854,4669.32,4743.44
metrica:Away:21|P2|S001|O034,Away,21,2,567,4743.88,4766.52
metrica:Away:21|P2|S001|O035,Away,21,2,1153,4766.96,4813.04
metrica:Away:21|P2|S001|O036,Away,21,2,2577,4813.48,4916.52
metrica:Away:21|P2|S001|O037,Away,21,2,292,4916.96,4928.6
metrica:Away:21|P2|S001|O038,Away,21,2,3021,4937.24,5058.04
metrica:Away:21|P2|S001|O039,Away,21,2,2115,5065.52,5150.08
metrica:Away:21|P2|S001|O040,Away,21,2,1449,5150.52,5208.44
metrica:Away:21|P2|S001|O041,Away,21,2,472,5208.88,5227.72
metrica:Away:21|P2|S001|O042,Away,21,2,1048,5228.16,5270.04
metrica:Away:21|P2|S002|O001,Away,21,2,793,5270.92,5302.6
metrica:Away:21|P2|S002|O002,Away,21,2,997,5303.04,5342.88
metrica:Away:21|P2|S002|O003,Away,21,2,4484,5350.48,5529.8
metrica:Away:21|P2|S002|O004,Away,21,2,1631,5530.24,5595.44
metrica:Away:21|P2|S002|O005,Away,21,2,330,5595.88,5609.04
metrica:Away:21|P2|S003|O001,Away,21,2,12,5609.96,5610.4
metrica:Away:21|P2|S003|O002,Away,21,2,883,5610.84,5646.12
metrica:Away:22|P1|S002|O001,Away,22,1,36,0.48,1.88
metrica:Away:22|P1|S002|O002,Away,22,1,445,2.24,20.0
metrica:Away:22|P1|S002|O003,Away,22,1,5419,27.08,243.8
metrica:Away:22|P1|S002|O004,Away,22,1,709,254.36,282.68
metrica:Away:22|P1|S002|O005,Away,22,1,409,326.12,342.44
metrica:Away:22|P1|S002|O006,Away,22,1,1191,349.0,396.6
metrica:Away:22|P1|S002|O007,Away,22,1,35,418.72,420.08
metrica:Away:22|P1|S002|O008,Away,22,1,3078,428.8,551.88
metrica:Away:22|P1|S002|O009,Away,22,1,737,552.24,581.68
metrica:Away:22|P1|S002|O010,Away,22,1,360,593.96,608.32
metrica:Away:22|P1|S002|O011,Away,22,1,3064,618.16,740.68
metrica:Away:22|P1|S002|O012,Away,22,1,2144,779.6,865.32
metrica:Away:22|P1|S002|O013,Away,22,1,1017,865.68,906.32
metrica:Away:22|P1|S002|O014,Away,22,1,2749,917.24,1027.16
metrica:Away:22|P1|S002|O015,Away,22,1,567,1036.92,1059.56
metrica:Away:22|P1|S002|O016,Away,22,1,1537,1084.4,1145.84
metrica:Away:22|P1|S002|O017,Away,22,1,1732,1146.2,1215.44
metrica:Away:22|P1|S002|O018,Away,22,1,2454,1215.8,1313.92
metrica:Away:22|P1|S002|O019,Away,22,1,943,1314.28,1351.96
metrica:Away:22|P1|S002|O020,Away,22,1,1017,1448.84,1489.48
metrica:Away:22|P1|S002|O021,Away,22,1,209,1489.84,1498.16
metrica:Away:22|P1|S002|O022,Away,22,1,314,1531.68,1544.2
metrica:Away:22|P1|S002|O023,Away,22,1,521,1565.16,1585.96
metrica:Away:22|P1|S002|O024,Away,22,1,290,1586.32,1597.88
metrica:Away:22|P1|S002|O025,Away,22,1,1755,1603.48,1673.64
metrica:Away:22|P1|S002|O026,Away,22,1,654,1674.0,1700.12
metrica:Away:22|P1|S002|O027,Away,22,1,623,1700.48,1725.36
metrica:Away:22|P1|S002|O028,Away,22,1,371,1725.72,1740.52
metrica:Away:22|P1|S002|O029,Away,22,1,493,1811.8,1831.48
metrica:Away:22|P1|S002|O030,Away,22,1,2724,1838.88,1947.8
metrica:Away:22|P1|S002|O031,Away,22,1,975,1948.16,1987.12
metrica:Away:22|P1|S002|O032,Away,22,1,2161,1993.44,2079.84
metrica:Away:22|P1|S002|O033,Away,22,1,2918,2179.08,2295.76
metrica:Away:22|P1|S002|O034,Away,22,1,2556,2329.72,2431.92
metrica:Away:22|P1|S002|O035,Away,22,1,1739,2432.28,2501.8
metrica:Away:22|P1|S002|O036,Away,22,1,5197,2509.68,2717.52
metrica:Away:22|P2|S001|O001,Away,22,2,43,2717.84,2719.52
metrica:Away:22|P2|S001|O002,Away,22,2,416,2719.88,2736.48
metrica:Away:22|P2|S001|O003,Away,22,2,252,2736.84,2746.88
metrica:Away:22|P2|S001|O004,Away,22,2,1926,2759.44,2836.44
metrica:Away:22|P2|S001|O005,Away,22,2,252,2836.8,2846.84
metrica:Away:22|P2|S001|O006,Away,22,2,352,2861.52,2875.56
metrica:Away:22|P2|S001|O007,Away,22,2,2382,2925.52,3020.76
metrica:Away:22|P2|S001|O008,Away,22,2,193,3021.12,3028.8
metrica:Away:22|P2|S001|O009,Away,22,2,1083,3079.48,3122.76
metrica:Away:22|P2|S001|O010,Away,22,2,1023,3123.12,3164.0
metrica:Away:22|P2|S001|O011,Away,22,2,1851,3174.64,3248.64
metrica:Away:22|P2|S001|O012,Away,22,2,3081,3296.2,3419.4
metrica:Away:22|P2|S001|O013,Away,22,2,46,3419.76,3421.56
metrica:Away:22|P2|S001|O014,Away,22,2,1942,3441.64,3519.28
metrica:Away:23|P1|S001|O001,Away,23,1,43,0.2,1.88
metrica:Away:23|P1|S001|O002,Away,23,1,445,2.24,20.0
metrica:Away:23|P1|S001|O003,Away,23,1,5419,27.08,243.8
metrica:Away:23|P1|S001|O004,Away,23,1,709,254.36,282.68
metrica:Away:23|P1|S001|O005,Away,23,1,409,326.12,342.44
metrica:Away:23|P1|S001|O006,Away,23,1,1191,349.0,396.6
metrica:Away:23|P1|S001|O007,Away,23,1,35,418.72,420.08
metrica:Away:23|P1|S001|O008,Away,23,1,3078,428.8,551.88
metrica:Away:23|P1|S001|O009,Away,23,1,737,552.24,581.68
metrica:Away:23|P1|S001|O010,Away,23,1,360,593.96,608.32
metrica:Away:23|P1|S001|O011,Away,23,1,3064,618.16,740.68
metrica:Away:23|P1|S001|O012,Away,23,1,2144,779.6,865.32
metrica:Away:23|P1|S001|O013,Away,23,1,1017,865.68,906.32
metrica:Away:23|P1|S001|O014,Away,23,1,2749,917.24,1027.16
metrica:Away:23|P1|S001|O015,Away,23,1,567,1036.92,1059.56
metrica:Away:23|P1|S001|O016,Away,23,1,1537,1084.4,1145.84
metrica:Away:23|P1|S001|O017,Away,23,1,1732,1146.2,1215.44
metrica:Away:23|P1|S001|O018,Away,23,1,2454,1215.8,1313.92
metrica:Away:23|P1|S001|O019,Away,23,1,943,1314.28,1351.96
metrica:Away:23|P1|S001|O020,Away,23,1,1017,1448.84,1489.48
metrica:Away:23|P1|S001|O021,Away,23,1,209,1489.84,1498.16
metrica:Away:23|P1|S001|O022,Away,23,1,314,1531.68,1544.2
metrica:Away:23|P1|S001|O023,Away,23,1,521,1565.16,1585.96
metrica:Away:23|P1|S001|O024,Away,23,1,290,1586.32,1597.88
metrica:Away:23|P1|S001|O025,Away,23,1,1755,1603.48,1673.64
metrica:Away:23|P1|S001|O026,Away,23,1,654,1674.0,1700.12
metrica:Away:23|P1|S001|O027,Away,23,1,623,1700.48,1725.36
metrica:Away:23|P1|S001|O028,Away,23,1,371,1725.72,1740.52
metrica:Away:23|P1|S001|O029,Away,23,1,493,1811.8,1831.48
metrica:Away:23|P1|S001|O030,Away,23,1,2724,1838.88,1947.8
metrica:Away:23|P1|S001|O031,Away,23,1,975,1948.16,1987.12
metrica:Away:23|P1|S001|O032,Away,23,1,2161,1993.44,2079.84
metrica:Away:23|P1|S001|O033,Away,23,1,2918,2179.08,2295.76
metrica:Away:23|P1|S001|O034,Away,23,1,2556,2329.72,2431.92
metrica:Away:23|P1|S001|O035,Away,23,1,1739,2432.28,2501.8
metrica:Away:23|P1|S001|O036,Away,23,1,5197,2509.68,2717.52
metrica:Away:23|P2|S001|O001,Away,23,2,43,2717.84,2719.52
metrica:Away:23|P2|S001|O002,Away,23,2,416,2719.88,2736.48
metrica:Away:23|P2|S001|O003,Away,23,2,252,2736.84,2746.88
metrica:Away:23|P2|S001|O004,Away,23,2,1926,2759.44,2836.44
metrica:Away:23|P2|S001|O005,Away,23,2,252,2836.8,2846.84
metrica:Away:23|P2|S001|O006,Away,23,2,352,2861.52,2875.56
metrica:Away:23|P2|S001|O007,Away,23,2,2382,2925.52,3020.76
metrica:Away:23|P2|S001|O008,Away,23,2,193,3021.12,3028.8
metrica:Away:23|P2|S001|O009,Away,23,2,1083,3079.48,3122.76
metrica:Away:23|P2|S001|O010,Away,23,2,1023,3123.12,3164.0
metrica:Away:23|P2|S001|O011,Away,23,2,1851,3174.64,3248.64
metrica:Away:23|P2|S001|O012,Away,23,2,3081,3296.2,3419.4
metrica:Away:23|P2|S001|O013,Away,23,2,46,3419.76,3421.56
metrica:Away:23|P2|S001|O014,Away,23,2,2204,3441.64,3529.76
metrica:Away:23|P2|S001|O015,Away,23,2,1031,3530.12,3571.32
metrica:Away:23|P2|S001|O016,Away,23,2,901,3571.68,3607.68
metrica:Away:23|P2|S001|O017,Away,23,2,505,3636.72,3656.88
metrica:Away:23|P2|S001|O018,Away,23,2,2754,3674.48,3784.6
metrica:Away:23|P2|S001|O019,Away,23,2,1003,3835.68,3875.76
metrica:Away:23|P2|S001|O020,Away,23,2,264,3946.92,3957.44
metrica:Away:23|P2|S001|O021,Away,23,2,2288,4007.96,4099.44
metrica:Away:23|P2|S001|O022,Away,23,2,1556,4127.88,4190.08
metrica:Away:23|P2|S001|O023,Away,23,2,275,4190.52,4201.48
metrica:Away:23|P2|S001|O024,Away,23,2,1478,4201.92,4261.0
metrica:Away:23|P2|S001|O025,Away,23,2,245,4261.44,4271.2
metrica:Away:23|P2|S001|O026,Away,23,2,315,4281.0,4293.56
metrica:Away:23|P2|S001|O027,Away,23,2,832,4302.16,4335.4
metrica:Away:23|P2|S001|O028,Away,23,2,81,4335.84,4339.04
metrica:Away:23|P2|S001|O029,Away,23,2,1730,4368.2,4437.36
metrica:Away:23|P2|S001|O030,Away,23,2,291,4437.8,4449.4
metrica:Away:23|P2|S001|O031,Away,23,2,3631,4454.96,4600.16
metrica:Away:23|P2|S001|O032,Away,23,2,1708,4600.6,4668.88
metrica:Away:23|P2|S001|O033,Away,23,2,1854,4669.32,4743.44
metrica:Away:23|P2|S001|O034,Away,23,2,567,4743.88,4766.52
metrica:Away:23|P2|S001|O035,Away,23,2,1153,4766.96,4813.04
metrica:Away:23|P2|S001|O036,Away,23,2,2577,4813.48,4916.52
metrica:Away:23|P2|S001|O037,Away,23,2,292,4916.96,4928.6
metrica:Away:23|P2|S001|O038,Away,23,2,3021,4937.24,5058.04
metrica:Away:23|P2|S001|O039,Away,23,2,2115,5065.52,5150.08
metrica:Away:23|P2|S001|O040,Away,23,2,1449,5150.52,5208.44
metrica:Away:23|P2|S001|O041,Away,23,2,472,5208.88,5227.72
metrica:Away:23|P2|S001|O042,Away,23,2,1862,5228.16,5302.6
metrica:Away:23|P2|S001|O043,Away,23,2,997,5303.04,5342.88
metrica:Away:23|P2|S001|O044,Away,23,2,4484,5350.48,5529.8
metrica:Away:23|P2|S001|O045,Away,23,2,738,5530.24,5559.72
metrica:Away:23|P2|S002|O001,Away,23,2,712,5567.0,5595.44
metrica:Away:23|P2|S002|O002,Away,23,2,364,5595.88,5610.4
metrica:Away:23|P2|S002|O003,Away,23,2,883,5610.84,5646.12
metrica:Away:24|P1|S001|O001,Away,24,1,43,0.2,1.88
metrica:Away:24|P1|S001|O002,Away,24,1,445,2.24,20.0
metrica:Away:24|P1|S001|O003,Away,24,1,5419,27.08,243.8
metrica:Away:24|P1|S001|O004,Away,24,1,709,254.36,282.68
metrica:Away:24|P1|S001|O005,Away,24,1,409,326.12,342.44
metrica:Away:24|P1|S001|O006,Away,24,1,1191,349.0,396.6
metrica:Away:24|P1|S001|O007,Away,24,1,35,418.72,420.08
metrica:Away:24|P1|S001|O008,Away,24,1,3078,428.8,551.88
metrica:Away:24|P1|S001|O009,Away,24,1,737,552.24,581.68
metrica:Away:24|P1|S001|O010,Away,24,1,360,593.96,608.32
metrica:Away:24|P1|S001|O011,Away,24,1,3064,618.16,740.68
metrica:Away:24|P1|S001|O012,Away,24,1,2144,779.6,865.32
metrica:Away:24|P1|S001|O013,Away,24,1,1017,865.68,906.32
metrica:Away:24|P1|S001|O014,Away,24,1,2749,917.24,1027.16
metrica:Away:24|P1|S001|O015,Away,24,1,567,1036.92,1059.56
metrica:Away:24|P1|S001|O016,Away,24,1,1537,1084.4,1145.84
metrica:Away:24|P1|S001|O017,Away,24,1,1732,1146.2,1215.44
metrica:Away:24|P1|S001|O018,Away,24,1,1824,1215.8,1288.72
metrica:Away:24|P1|S002|O001,Away,24,1,621,1289.12,1313.92
metrica:Away:24|P1|S002|O002,Away,24,1,943,1314.28,1351.96
metrica:Away:24|P1|S002|O003,Away,24,1,1017,1448.84,1489.48
metrica:Away:24|P1|S002|O004,Away,24,1,209,1489.84,1498.16
metrica:Away:24|P1|S002|O005,Away,24,1,314,1531.68,1544.2
metrica:Away:24|P1|S002|O006,Away,24,1,521,1565.16,1585.96
metrica:Away:24|P1|S002|O007,Away,24,1,290,1586.32,1597.88
metrica:Away:24|P1|S002|O008,Away,24,1,1755,1603.48,1673.64
metrica:Away:24|P1|S002|O009,Away,24,1,654,1674.0,1700.12
metrica:Away:24|P1|S002|O010,Away,24,1,623,1700.48,1725.36
metrica:Away:24|P1|S002|O011,Away,24,1,371,1725.72,1740.52
metrica:Away:24|P1|S002|O012,Away,24,1,493,1811.8,1831.48
metrica:Away:24|P1|S002|O013,Away,24,1,2724,1838.88,1947.8
metrica:Away:24|P1|S002|O014,Away,24,1,975,1948.16,1987.12
metrica:Away:24|P1|S002|O015,Away,24,1,2161,1993.44,2079.84
metrica:Away:24|P1|S002|O016,Away,24,1,2918,2179.08,2295.76
metrica:Away:24|P1|S002|O017,Away,24,1,2556,2329.72,2431.92
metrica:Away:24|P1|S002|O018,Away,24,1,1739,2432.28,2501.8
metrica:Away:24|P1|S002|O019,Away,24,1,5197,2509.68,2717.52
metrica:Away:24|P2|S002|O001,Away,24,2,36,2718.12,2719.52
metrica:Away:24|P2|S002|O002,Away,24,2,416,2719.88,2736.48
metrica:Away:24|P2|S002|O003,Away,24,2,252,2736.84,2746.88
metrica:Away:24|P2|S002|O004,Away,24,2,1926,2759.44,2836.44
metrica:Away:24|P2|S002|O005,Away,24,2,252,2836.8,2846.84
metrica:Away:24|P2|S002|O006,Away,24,2,352,2861.52,2875.56
metrica:Away:24|P2|S002|O007,Away,24,2,2382,2925.52,3020.76
metrica:Away:24|P2|S002|O008,Away,24,2,193,3021.12,3028.8
metrica:Away:24|P2|S002|O009,Away,24,2,1083,3079.48,3122.76
metrica:Away:24|P2|S002|O010,Away,24,2,1023,3123.12,3164.0
metrica:Away:24|P2|S002|O011,Away,24,2,1851,3174.64,3248.64
metrica:Away:24|P2|S002|O012,Away,24,2,3081,3296.2,3419.4
metrica:Away:24|P2|S002|O013,Away,24,2,46,3419.76,3421.56
metrica:Away:24|P2|S002|O014,Away,24,2,2204,3441.64,3529.76
metrica:Away:24|P2|S002|O015,Away,24,2,1031,3530.12,3571.32
metrica:Away:24|P2|S002|O016,Away,24,2,901,3571.68,3607.68
metrica:Away:24|P2|S002|O017,Away,24,2,505,3636.72,3656.88
metrica:Away:24|P2|S002|O018,Away,24,2,2754,3674.48,3784.6
metrica:Away:24|P2|S002|O019,Away,24,2,1003,3835.68,3875.76
metrica:Away:24|P2|S002|O020,Away,24,2,264,3946.92,3957.44
metrica:Away:24|P2|S002|O021,Away,24,2,2288,4007.96,4099.44
metrica:Away:24|P2|S002|O022,Away,24,2,1556,4127.88,4190.08
metrica:Away:24|P2|S002|O023,Away,24,2,275,4190.52,4201.48
metrica:Away:24|P2|S002|O024,Away,24,2,1478,4201.92,4261.0
metrica:Away:24|P2|S002|O025,Away,24,2,245,4261.44,4271.2
metrica:Away:24|P2|S002|O026,Away,24,2,315,4281.0,4293.56
metrica:Away:24|P2|S002|O027,Away,24,2,832,4302.16,4335.4
metrica:Away:24|P2|S002|O028,Away,24,2,81,4335.84,4339.04
metrica:Away:24|P2|S002|O029,Away,24,2,1730,4368.2,4437.36
metrica:Away:24|P2|S002|O030,Away,24,2,291,4437.8,4449.4
metrica:Away:24|P2|S002|O031,Away,24,2,3631,4454.96,4600.16
metrica:Away:24|P2|S002|O032,Away,24,2,1708,4600.6,4668.88
metrica:Away:24|P2|S002|O033,Away,24,2,1854,4669.32,4743.44
metrica:Away:24|P2|S002|O034,Away,24,2,567,4743.88,4766.52
metrica:Away:24|P2|S002|O035,Away,24,2,1153,4766.96,4813.04
metrica:Away:24|P2|S002|O036,Away,24,2,2577,4813.48,4916.52
metrica:Away:24|P2|S002|O037,Away,24,2,292,4916.96,4928.6
metrica:Away:24|P2|S002|O038,Away,24,2,3021,4937.24,5058.04
metrica:Away:24|P2|S002|O039,Away,24,2,2115,5065.52,5150.08
metrica:Away:24|P2|S002|O040,Away,24,2,1449,5150.52,5208.44
metrica:Away:24|P2|S002|O041,Away,24,2,472,5208.88,5227.72
metrica:Away:24|P2|S002|O042,Away,24,2,1048,5228.16,5270.04
metrica:Away:24|P2|S003|O001,Away,24,2,793,5270.92,5302.6
metrica:Away:24|P2|S003|O002,Away,24,2,997,5303.04,5342.88
metrica:Away:24|P2|S003|O003,Away,24,2,4484,5350.48,5529.8
metrica:Away:24|P2|S003|O004,Away,24,2,1631,5530.24,5595.44
metrica:Away:24|P2|S003|O005,Away,24,2,364,5595.88,5610.4
metrica:Away:24|P2|S003|O006,Away,24,2,883,5610.84,5646.12
metrica:Away:26|P2|S001|O001,Away,26,2,256,3519.56,3529.76
metrica:Away:26|P2|S001|O002,Away,26,2,1031,3530.12,3571.32
metrica:Away:26|P2|S001|O003,Away,26,2,901,3571.68,3607.68
metrica:Away:26|P2|S001|O004,Away,26,2,505,3636.72,3656.88
metrica:Away:26|P2|S001|O005,Away,26,2,2754,3674.48,3784.6
metrica:Away:26|P2|S001|O006,Away,26,2,1003,3835.68,3875.76
metrica:Away:26|P2|S001|O007,Away,26,2,264,3946.92,3957.44
metrica:Away:26|P2|S001|O008,Away,26,2,2288,4007.96,4099.44
metrica:Away:26|P2|S001|O009,Away,26,2,1556,4127.88,4190.08
metrica:Away:26|P2|S001|O010,Away,26,2,275,4190.52,4201.48
metrica:Away:26|P2|S001|O011,Away,26,2,1478,4201.92,4261.0
metrica:Away:26|P2|S001|O012,Away,26,2,245,4261.44,4271.2
metrica:Away:26|P2|S001|O013,Away,26,2,315,4281.0,4293.56
metrica:Away:26|P2|S001|O014,Away,26,2,832,4302.16,4335.4
metrica:Away:26|P2|S001|O015,Away,26,2,81,4335.84,4339.04
metrica:Away:26|P2|S001|O016,Away,26,2,1730,4368.2,4437.36
metrica:Away:26|P2|S001|O017,Away,26,2,291,4437.8,4449.4
metrica:Away:26|P2|S001|O018,Away,26,2,3631,4454.96,4600.16
metrica:Away:26|P2|S001|O019,Away,26,2,1573,4600.6,4663.48
metrica:Away:26|P2|S002|O001,Away,26,2,78,4665.8,4668.88
metrica:Away:26|P2|S002|O002,Away,26,2,1854,4669.32,4743.44
metrica:Away:26|P2|S002|O003,Away,26,2,567,4743.88,4766.52
metrica:Away:26|P2|S002|O004,Away,26,2,1153,4766.96,4813.04
metrica:Away:26|P2|S002|O005,Away,26,2,2577,4813.48,4916.52
metrica:Away:26|P2|S002|O006,Away,26,2,292,4916.96,4928.6
metrica:Away:26|P2|S002|O007,Away,26,2,3021,4937.24,5058.04
metrica:Away:26|P2|S002|O008,Away,26,2,2115,5065.52,5150.08
metrica:Away:26|P2|S002|O009,Away,26,2,1449,5150.52,5208.44
metrica:Away:26|P2|S002|O010,Away,26,2,472,5208.88,5227.72
metrica:Away:26|P2|S002|O011,Away,26,2,1862,5228.16,5302.6
metrica:Away:26|P2|S002|O012,Away,26,2,997,5303.04,5342.88
metrica:Away:26|P2|S002|O013,Away,26,2,4484,5350.48,5529.8
metrica:Away:26|P2|S002|O014,Away,26,2,1631,5530.24,5595.44
metrica:Away:26|P2|S002|O015,Away,26,2,364,5595.88,5610.4
metrica:Away:26|P2|S002|O016,Away,26,2,883,5610.84,5646.12
metrica:Home:10|P1|S002|O001,Home,10,1,1283,1094.56,1145.84
metrica:Home:10|P1|S002|O002,Home,10,1,1732,1146.2,1215.44
metrica:Home:10|P1|S002|O003,Home,10,1,2454,1215.8,1313.92
metrica:Home:10|P1|S002|O004,Home,10,1,943,1314.28,1351.96
metrica:Home:10|P1|S002|O005,Home,10,1,1017,1448.84,1489.48
metrica:Home:10|P1|S002|O006,Home,10,1,209,1489.84,1498.16
metrica:Home:10|P1|S002|O007,Home,10,1,314,1531.68,1544.2
metrica:Home:10|P1|S002|O008,Home,10,1,521,1565.16,1585.96
metrica:Home:10|P1|S002|O009,Home,10,1,290,1586.32,1597.88
metrica:Home:10|P1|S002|O010,Home,10,1,1755,1603.48,1673.64
metrica:Home:10|P1|S002|O011,Home,10,1,654,1674.0,1700.12
metrica:Home:10|P1|S002|O012,Home,10,1,623,1700.48,1725.36
metrica:Home:10|P1|S002|O013,Home,10,1,371,1725.72,1740.52
metrica:Home:10|P1|S002|O014,Home,10,1,493,1811.8,1831.48
metrica:Home:10|P1|S002|O015,Home,10,1,2724,1838.88,1947.8
metrica:Home:10|P1|S002|O016,Home,10,1,975,1948.16,1987.12
metrica:Home:10|P1|S002|O017,Home,10,1,2161,1993.44,2079.84
metrica:Home:10|P1|S002|O018,Home,10,1,2918,2179.08,2295.76
metrica:Home:10|P1|S002|O019,Home,10,1,2556,2329.72,2431.92
metrica:Home:10|P1|S002|O020,Home,10,1,1739,2432.28,2501.8
metrica:Home:10|P1|S002|O021,Home,10,1,5197,2509.68,2717.52
metrica:Home:10|P2|S002|O001,Home,10,2,2288,4007.96,4099.44
metrica:Home:10|P2|S002|O002,Home,10,2,1556,4127.88,4190.08
metrica:Home:10|P2|S002|O003,Home,10,2,275,4190.52,4201.48
metrica:Home:10|P2|S002|O004,Home,10,2,1478,4201.92,4261.0
metrica:Home:10|P2|S002|O005,Home,10,2,245,4261.44,4271.2
metrica:Home:10|P2|S002|O006,Home,10,2,315,4281.0,4293.56
metrica:Home:10|P2|S002|O007,Home,10,2,832,4302.16,4335.4
metrica:Home:10|P2|S002|O008,Home,10,2,81,4335.84,4339.04
metrica:Home:10|P2|S002|O009,Home,10,2,1730,4368.2,4437.36
metrica:Home:10|P2|S002|O010,Home,10,2,291,4437.8,4449.4
metrica:Home:10|P2|S002|O011,Home,10,2,3631,4454.96,4600.16
metrica:Home:10|P2|S002|O012,Home,10,2,828,4600.6,4633.68
metrica:Home:10|P2|S003|O001,Home,10,2,721,4640.08,4668.88
metrica:Home:10|P2|S003|O002,Home,10,2,1854,4669.32,4743.44
metrica:Home:10|P2|S003|O003,Home,10,2,567,4743.88,4766.52
metrica:Home:10|P2|S003|O004,Home,10,2,1153,4766.96,4813.04
metrica:Home:10|P2|S003|O005,Home,10,2,918,4813.48,4850.16
metrica:Home:10|P2|S004|O001,Home,10,2,561,4853.32,4875.72
metrica:Home:10|P2|S005|O001,Home,10,2,1003,4876.44,4916.52
metrica:Home:10|P2|S005|O002,Home,10,2,292,4916.96,4928.6
metrica:Home:10|P2|S005|O003,Home,10,2,2305,4937.24,5029.4
metrica:Home:12|P2|S001|O001,Home,12,2,1003,3835.68,3875.76
metrica:Home:12|P2|S001|O002,Home,12,2,264,3946.92,3957.44
metrica:Home:12|P2|S001|O003,Home,12,2,2288,4007.96,4099.44
metrica:Home:12|P2|S001|O004,Home,12,2,1556,4127.88,4190.08
metrica:Home:12|P2|S001|O005,Home,12,2,275,4190.52,4201.48
metrica:Home:12|P2|S001|O006,Home,12,2,1478,4201.92,4261.0
metrica:Home:12|P2|S001|O007,Home,12,2,245,4261.44,4271.2
metrica:Home:12|P2|S001|O008,Home,12,2,315,4281.0,4293.56
metrica:Home:12|P2|S001|O009,Home,12,2,832,4302.16,4335.4
metrica:Home:12|P2|S001|O010,Home,12,2,81,4335.84,4339.04
metrica:Home:12|P2|S001|O011,Home,12,2,1285,4368.2,4419.56
metrica:Home:12|P2|S002|O001,Home,12,2,432,4420.12,4437.36
metrica:Home:12|P2|S002|O002,Home,12,2,291,4437.8,4449.4
metrica:Home:12|P2|S002|O003,Home,12,2,1056,4454.96,4497.16
metrica:Home:12|P2|S003|O001,Home,12,2,2082,4499.08,4582.32
metrica:Home:12|P2|S004|O001,Home,12,2,351,4586.16,4600.16
metrica:Home:12|P2|S004|O002,Home,12,2,165,4600.6,4607.16
metrica:Home:12|P2|S005|O001,Home,12,2,1268,5251.92,5302.6
metrica:Home:12|P2|S005|O002,Home,12,2,997,5303.04,5342.88
metrica:Home:12|P2|S005|O003,Home,12,2,4484,5350.48,5529.8
metrica:Home:12|P2|S005|O004,Home,12,2,311,5530.24,5542.64
metrica:Home:12|P2|S006|O001,Home,12,2,1304,5543.32,5595.44
metrica:Home:12|P2|S006|O002,Home,12,2,364,5595.88,5610.4
metrica:Home:12|P2|S006|O003,Home,12,2,317,5610.84,5623.48
metrica:Home:12|P2|S007|O001,Home,12,2,550,5624.16,5646.12
metrica:Home:13|P2|S001|O001,Home,13,2,411,4244.6,4261.0
metrica:Home:13|P2|S001|O002,Home,13,2,245,4261.44,4271.2
metrica:Home:13|P2|S001|O003,Home,13,2,315,4281.0,4293.56
metrica:Home:13|P2|S001|O004,Home,13,2,832,4302.16,4335.4
metrica:Home:13|P2|S001|O005,Home,13,2,81,4335.84,4339.04
metrica:Home:13|P2|S001|O006,Home,13,2,1730,4368.2,4437.36
metrica:Home:13|P2|S001|O007,Home,13,2,291,4437.8,4449.4
metrica:Home:13|P2|S001|O008,Home,13,2,1365,4454.96,4509.52
metrica:Home:13|P2|S002|O001,Home,13,2,2255,4510.0,4600.16
metrica:Home:13|P2|S002|O002,Home,13,2,1708,4600.6,4668.88
metrica:Home:13|P2|S002|O003,Home,13,2,1854,4669.32,4743.44
metrica:Home:13|P2|S002|O004,Home,13,2,567,4743.88,4766.52
metrica:Home:13|P2|S002|O005,Home,13,2,1153,4766.96,4813.04
metrica:Home:13|P2|S002|O006,Home,13,2,2577,4813.48,4916.52
metrica:Home:13|P2|S002|O007,Home,13,2,292,4916.96,4928.6
metrica:Home:13|P2|S002|O008,Home,13,2,3021,4937.24,5058.04
metrica:Home:13|P2|S002|O009,Home,13,2,2115,5065.52,5150.08
metrica:Home:13|P2|S002|O010,Home,13,2,1449,5150.52,5208.44
metrica:Home:13|P2|S002|O011,Home,13,2,472,5208.88,5227.72
metrica:Home:13|P2|S002|O012,Home,13,2,1862,5228.16,5302.6
metrica:Home:13|P2|S002|O013,Home,13,2,997,5303.04,5342.88
metrica:Home:13|P2|S002|O014,Home,13,2,4484,5350.48,5529.8
metrica:Home:13|P2|S002|O015,Home,13,2,1631,5530.24,5595.44
metrica:Home:13|P2|S002|O016,Home,13,2,334,5595.88,5609.2
metrica:Home:13|P2|S003|O001,Home,13,2,6,5610.2,5610.4
metrica:Home:13|P2|S003|O002,Home,13,2,883,5610.84,5646.12
metrica:Home:14|P2|S001|O001,Home,14,2,710,5029.68,5058.04
metrica:Home:14|P2|S001|O002,Home,14,2,2115,5065.52,5150.08
metrica:Home:14|P2|S001|O003,Home,14,2,1449,5150.52,5208.44
metrica:Home:14|P2|S001|O004,Home,14,2,472,5208.88,5227.72
metrica:Home:14|P2|S001|O005,Home,14,2,1862,5228.16,5302.6
metrica:Home:14|P2|S001|O006,Home,14,2,997,5303.04,5342.88
metrica:Home:14|P2|S001|O007,Home,14,2,4484,5350.48,5529.8
metrica:Home:14|P2|S001|O008,Home,14,2,1631,5530.24,5595.44
metrica:Home:14|P2|S001|O009,Home,14,2,364,5595.88,5610.4
metrica:Home:14|P2|S001|O010,Home,14,2,883,5610.84,5646.12
metrica:Home:1|P1|S001|O001,Home,1,1,43,0.2,1.88
metrica:Home:1|P1|S001|O002,Home,1,1,445,2.24,20.0
metrica:Home:1|P1|S001|O003,Home,1,1,5419,27.08,243.8
metrica:Home:1|P1|S001|O004,Home,1,1,709,254.36,282.68
metrica:Home:1|P1|S001|O005,Home,1,1,409,326.12,342.44
metrica:Home:1|P1|S001|O006,Home,1,1,1191,349.0,396.6
metrica:Home:1|P1|S001|O007,Home,1,1,35,418.72,420.08
metrica:Home:1|P1|S001|O008,Home,1,1,1758,428.8,499.08
metrica:Home:1|P1|S002|O001,Home,1,1,1244,502.16,551.88
metrica:Home:1|P1|S002|O002,Home,1,1,737,552.24,581.68
metrica:Home:1|P1|S002|O003,Home,1,1,360,593.96,608.32
metrica:Home:1|P1|S002|O004,Home,1,1,3064,618.16,740.68
metrica:Home:1|P1|S002|O005,Home,1,1,2144,779.6,865.32
metrica:Home:1|P1|S002|O006,Home,1,1,1017,865.68,906.32
metrica:Home:1|P1|S002|O007,Home,1,1,2749,917.24,1027.16
metrica:Home:1|P1|S002|O008,Home,1,1,567,1036.92,1059.56
metrica:Home:1|P1|S002|O009,Home,1,1,1537,1084.4,1145.84
metrica:Home:1|P1|S002|O010,Home,1,1,1732,1146.2,1215.44
metrica:Home:1|P1|S002|O011,Home,1,1,2070,1215.8,1298.56
metrica:Home:1|P1|S003|O001,Home,1,1,327,1300.88,1313.92
metrica:Home:1|P1|S003|O002,Home,1,1,943,1314.28,1351.96
metrica:Home:1|P1|S004|O001,Home,1,1,1017,1448.84,1489.48
metrica:Home:1|P1|S004|O002,Home,1,1,209,1489.84,1498.16
metrica:Home:1|P1|S004|O003,Home,1,1,314,1531.68,1544.2
metrica:Home:1|P1|S004|O004,Home,1,1,521,1565.16,1585.96
metrica:Home:1|P1|S004|O005,Home,1,1,290,1586.32,1597.88
metrica:Home:1|P1|S004|O006,Home,1,1,1755,1603.48,1673.64
metrica:Home:1|P1|S004|O007,Home,1,1,654,1674.0,1700.12
metrica:Home:1|P1|S004|O008,Home,1,1,623,1700.48,1725.36
metrica:Home:1|P1|S004|O009,Home,1,1,371,1725.72,1740.52
metrica:Home:1|P1|S004|O010,Home,1,1,493,1811.8,1831.48
metrica:Home:1|P1|S004|O011,Home,1,1,2724,1838.88,1947.8
metrica:Home:1|P1|S004|O012,Home,1,1,975,1948.16,1987.12
metrica:Home:1|P1|S004|O013,Home,1,1,2161,1993.44,2079.84
metrica:Home:1|P1|S005|O001,Home,1,1,2918,2179.08,2295.76
metrica:Home:1|P1|S005|O002,Home,1,1,2556,2329.72,2431.92
metrica:Home:1|P1|S005|O003,Home,1,1,1739,2432.28,2501.8
metrica:Home:1|P1|S005|O004,Home,1,1,5197,2509.68,2717.52
metrica:Home:1|P2|S001|O001,Home,1,2,43,2717.84,2719.52
metrica:Home:1|P2|S001|O002,Home,1,2,154,2719.88,2726.0
metrica:Home:1|P2|S002|O001,Home,1,2,232,2727.24,2736.48
metrica:Home:1|P2|S002|O002,Home,1,2,252,2736.84,2746.88
metrica:Home:1|P2|S002|O003,Home,1,2,1926,2759.44,2836.44
metrica:Home:1|P2|S002|O004,Home,1,2,252,2836.8,2846.84
metrica:Home:1|P2|S002|O005,Home,1,2,352,2861.52,2875.56
metrica:Home:1|P2|S002|O006,Home,1,2,1067,2925.52,2968.16
metrica:Home:1|P2|S003|O001,Home,1,2,445,2980.28,2998.04
metrica:Home:1|P2|S004|O001,Home,1,2,348,2999.44,3013.32
metrica:Home:1|P2|S005|O001,Home,1,2,10,3020.4,3020.76
metrica:Home:1|P2|S005|O002,Home,1,2,193,3021.12,3028.8
metrica:Home:1|P2|S005|O003,Home,1,2,1083,3079.48,3122.76
metrica:Home:1|P2|S005|O004,Home,1,2,1023,3123.12,3164.0
metrica:Home:1|P2|S005|O005,Home,1,2,1851,3174.64,3248.64
metrica:Home:1|P2|S005|O006,Home,1,2,3081,3296.2,3419.4
metrica:Home:1|P2|S005|O007,Home,1,2,46,3419.76,3421.56
metrica:Home:1|P2|S005|O008,Home,1,2,2204,3441.64,3529.76
metrica:Home:1|P2|S005|O009,Home,1,2,1031,3530.12,3571.32
metrica:Home:1|P2|S005|O010,Home,1,2,901,3571.68,3607.68
metrica:Home:1|P2|S005|O011,Home,1,2,505,3636.72,3656.88
metrica:Home:1|P2|S006|O001,Home,1,2,2754,3674.48,3784.6
metrica:Home:1|P2|S006|O002,Home,1,2,1003,3835.68,3875.76
metrica:Home:1|P2|S006|O003,Home,1,2,264,3946.92,3957.44
metrica:Home:1|P2|S006|O004,Home,1,2,2288,4007.96,4099.44
metrica:Home:1|P2|S006|O005,Home,1,2,1556,4127.88,4190.08
metrica:Home:1|P2|S006|O006,Home,1,2,275,4190.52,4201.48
metrica:Home:1|P2|S006|O007,Home,1,2,1478,4201.92,4261.0
metrica:Home:1|P2|S006|O008,Home,1,2,245,4261.44,4271.2
metrica:Home:1|P2|S006|O009,Home,1,2,315,4281.0,4293.56
metrica:Home:1|P2|S006|O010,Home,1,2,832,4302.16,4335.4
metrica:Home:1|P2|S006|O011,Home,1,2,81,4335.84,4339.04
metrica:Home:1|P2|S006|O012,Home,1,2,1730,4368.2,4437.36
metrica:Home:1|P2|S006|O013,Home,1,2,291,4437.8,4449.4
metrica:Home:1|P2|S006|O014,Home,1,2,3631,4454.96,4600.16
metrica:Home:1|P2|S006|O015,Home,1,2,1708,4600.6,4668.88
metrica:Home:1|P2|S006|O016,Home,1,2,1854,4669.32,4743.44
metrica:Home:1|P2|S006|O017,Home,1,2,567,4743.88,4766.52
metrica:Home:1|P2|S006|O018,Home,1,2,1153,4766.96,4813.04
metrica:Home:1|P2|S006|O019,Home,1,2,871,4813.48,4848.28
metrica:Home:1|P2|S007|O001,Home,1,2,115,4850.76,4855.32
metrica:Home:1|P2|S008|O001,Home,1,2,1373,4861.64,4916.52
metrica:Home:1|P2|S008|O002,Home,1,2,292,4916.96,4928.6
metrica:Home:1|P2|S008|O003,Home,1,2,3021,4937.24,5058.04
metrica:Home:1|P2|S008|O004,Home,1,2,2115,5065.52,5150.08
metrica:Home:1|P2|S008|O005,Home,1,2,1449,5150.52,5208.44
metrica:Home:1|P2|S008|O006,Home,1,2,472,5208.88,5227.72
metrica:Home:1|P2|S008|O007,Home,1,2,1862,5228.16,5302.6
metrica:Home:1|P2|S008|O008,Home,1,2,997,5303.04,5342.88
metrica:Home:1|P2|S008|O009,Home,1,2,4484,5350.48,5529.8
metrica:Home:1|P2|S008|O010,Home,1,2,1631,5530.24,5595.44
metrica:Home:1|P2|S008|O011,Home,1,2,364,5595.88,5610.4
metrica:Home:1|P2|S008|O012,Home,1,2,883,5610.84,5646.12
metrica:Home:2|P1|S001|O001,Home,2,1,43,0.2,1.88
metrica:Home:2|P1|S001|O002,Home,2,1,445,2.24,20.0
metrica:Home:2|P1|S001|O003,Home,2,1,5419,27.08,243.8
metrica:Home:2|P1|S001|O004,Home,2,1,709,254.36,282.68
metrica:Home:2|P1|S001|O005,Home,2,1,409,326.12,342.44
metrica:Home:2|P1|S001|O006,Home,2,1,1191,349.0,396.6
metrica:Home:2|P1|S001|O007,Home,2,1,35,418.72,420.08
metrica:Home:2|P1|S001|O008,Home,2,1,3078,428.8,551.88
metrica:Home:2|P1|S001|O009,Home,2,1,737,552.24,581.68
metrica:Home:2|P1|S001|O010,Home,2,1,360,593.96,608.32
metrica:Home:2|P1|S001|O011,Home,2,1,3064,618.16,740.68
metrica:Home:2|P1|S002|O001,Home,2,1,2144,779.6,865.32
metrica:Home:2|P1|S002|O002,Home,2,1,1017,865.68,906.32
metrica:Home:2|P1|S002|O003,Home,2,1,2749,917.24,1027.16
metrica:Home:2|P1|S002|O004,Home,2,1,567,1036.92,1059.56
metrica:Home:2|P1|S002|O005,Home,2,1,1537,1084.4,1145.84
metrica:Home:2|P1|S002|O006,Home,2,1,1732,1146.2,1215.44
metrica:Home:2|P1|S002|O007,Home,2,1,2454,1215.8,1313.92
metrica:Home:2|P1|S002|O008,Home,2,1,943,1314.28,1351.96
metrica:Home:2|P1|S002|O009,Home,2,1,1017,1448.84,1489.48
metrica:Home:2|P1|S002|O010,Home,2,1,209,1489.84,1498.16
metrica:Home:2|P1|S002|O011,Home,2,1,314,1531.68,1544.2
metrica:Home:2|P1|S002|O012,Home,2,1,521,1565.16,1585.96
metrica:Home:2|P1|S002|O013,Home,2,1,290,1586.32,1597.88
metrica:Home:2|P1|S002|O014,Home,2,1,1755,1603.48,1673.64
metrica:Home:2|P1|S002|O015,Home,2,1,654,1674.0,1700.12
metrica:Home:2|P1|S002|O016,Home,2,1,623,1700.48,1725.36
metrica:Home:2|P1|S002|O017,Home,2,1,371,1725.72,1740.52
metrica:Home:2|P1|S002|O018,Home,2,1,493,1811.8,1831.48
metrica:Home:2|P1|S002|O019,Home,2,1,145,1838.88,1844.64
metrica:Home:2|P1|S004|O001,Home,2,1,2918,2179.08,2295.76
metrica:Home:2|P1|S004|O002,Home,2,1,2556,2329.72,2431.92
metrica:Home:2|P1|S004|O003,Home,2,1,1739,2432.28,2501.8
metrica:Home:2|P1|S004|O004,Home,2,1,5197,2509.68,2717.52
metrica:Home:2|P2|S002|O001,Home,2,2,9,4812.72,4813.04
metrica:Home:2|P2|S002|O002,Home,2,2,2577,4813.48,4916.52
metrica:Home:2|P2|S002|O003,Home,2,2,292,4916.96,4928.6
metrica:Home:2|P2|S002|O004,Home,2,2,3021,4937.24,5058.04
metrica:Home:2|P2|S002|O005,Home,2,2,2115,5065.52,5150.08
metrica:Home:2|P2|S002|O006,Home,2,2,1449,5150.52,5208.44
metrica:Home:2|P2|S002|O007,Home,2,2,472,5208.88,5227.72
metrica:Home:2|P2|S002|O008,Home,2,2,1862,5228.16,5302.6
metrica:Home:2|P2|S002|O009,Home,2,2,997,5303.04,5342.88
metrica:Home:2|P2|S002|O010,Home,2,2,4484,5350.48,5529.8
metrica:Home:2|P2|S002|O011,Home,2,2,1631,5530.24,5595.44
metrica:Home:2|P2|S002|O012,Home,2,2,364,5595.88,5610.4
metrica:Home:2|P2|S002|O013,Home,2,2,883,5610.84,5646.12
metrica:Home:3|P1|S001|O001,Home,3,1,43,0.2,1.88
metrica:Home:3|P1|S001|O002,Home,3,1,445,2.24,20.0
metrica:Home:3|P1|S001|O003,Home,3,1,5419,27.08,243.8
metrica:Home:3|P1|S001|O004,Home,3,1,709,254.36,282.68
metrica:Home:3|P1|S001|O005,Home,3,1,409,326.12,342.44
metrica:Home:3|P1|S001|O006,Home,3,1,1191,349.0,396.6
metrica:Home:3|P1|S001|O007,Home,3,1,35,418.72,420.08
metrica:Home:3|P1|S001|O008,Home,3,1,3078,428.8,551.88
metrica:Home:3|P1|S001|O009,Home,3,1,737,552.24,581.68
metrica:Home:3|P1|S001|O010,Home,3,1,360,593.96,608.32
metrica:Home:3|P1|S001|O011,Home,3,1,3064,618.16,740.68
metrica:Home:3|P1|S001|O012,Home,3,1,2144,779.6,865.32
metrica:Home:3|P1|S001|O013,Home,3,1,1017,865.68,906.32
metrica:Home:3|P1|S001|O014,Home,3,1,2749,917.24,1027.16
metrica:Home:3|P1|S001|O015,Home,3,1,567,1036.92,1059.56
metrica:Home:3|P1|S001|O016,Home,3,1,1537,1084.4,1145.84
metrica:Home:3|P1|S001|O017,Home,3,1,1732,1146.2,1215.44
metrica:Home:3|P1|S001|O018,Home,3,1,2454,1215.8,1313.92
metrica:Home:3|P1|S001|O019,Home,3,1,943,1314.28,1351.96
metrica:Home:3|P1|S001|O020,Home,3,1,1017,1448.84,1489.48
metrica:Home:3|P1|S001|O021,Home,3,1,209,1489.84,1498.16
metrica:Home:3|P1|S001|O022,Home,3,1,314,1531.68,1544.2
metrica:Home:3|P1|S001|O023,Home,3,1,521,1565.16,1585.96
metrica:Home:3|P1|S001|O024,Home,3,1,290,1586.32,1597.88
metrica:Home:3|P1|S001|O025,Home,3,1,1755,1603.48,1673.64
metrica:Home:3|P1|S001|O026,Home,3,1,654,1674.0,1700.12
metrica:Home:3|P1|S001|O027,Home,3,1,623,1700.48,1725.36
metrica:Home:3|P1|S001|O028,Home,3,1,371,1725.72,1740.52
metrica:Home:3|P1|S001|O029,Home,3,1,493,1811.8,1831.48
metrica:Home:3|P1|S001|O030,Home,3,1,2724,1838.88,1947.8
metrica:Home:3|P1|S001|O031,Home,3,1,975,1948.16,1987.12
metrica:Home:3|P1|S001|O032,Home,3,1,2161,1993.44,2079.84
metrica:Home:3|P1|S002|O001,Home,3,1,2918,2179.08,2295.76
metrica:Home:3|P1|S002|O002,Home,3,1,2556,2329.72,2431.92
metrica:Home:3|P1|S002|O003,Home,3,1,1739,2432.28,2501.8
metrica:Home:3|P1|S002|O004,Home,3,1,5197,2509.68,2717.52
metrica:Home:3|P2|S001|O001,Home,3,2,43,2717.84,2719.52
metrica:Home:3|P2|S001|O002,Home,3,2,416,2719.88,2736.48
metrica:Home:3|P2|S001|O003,Home,3,2,252,2736.84,2746.88
metrica:Home:3|P2|S001|O004,Home,3,2,1926,2759.44,2836.44
metrica:Home:3|P2|S001|O005,Home,3,2,252,2836.8,2846.84
metrica:Home:3|P2|S001|O006,Home,3,2,352,2861.52,2875.56
metrica:Home:3|P2|S001|O007,Home,3,2,1291,2925.52,2977.12
metrica:Home:3|P2|S002|O001,Home,3,2,1047,2978.92,3020.76
metrica:Home:3|P2|S002|O002,Home,3,2,193,3021.12,3028.8
metrica:Home:3|P2|S002|O003,Home,3,2,1083,3079.48,3122.76
metrica:Home:3|P2|S002|O004,Home,3,2,1023,3123.12,3164.0
metrica:Home:3|P2|S002|O005,Home,3,2,1851,3174.64,3248.64
metrica:Home:3|P2|S002|O006,Home,3,2,3081,3296.2,3419.4
metrica:Home:3|P2|S002|O007,Home,3,2,46,3419.76,3421.56
metrica:Home:3|P2|S002|O008,Home,3,2,406,3441.64,3457.84
metrica:Home:3|P2|S003|O001,Home,3,2,1786,3458.36,3529.76
metrica:Home:3|P2|S003|O002,Home,3,2,1031,3530.12,3571.32
metrica:Home:3|P2|S003|O003,Home,3,2,901,3571.68,3607.68
metrica:Home:3|P2|S003|O004,Home,3,2,505,3636.72,3656.88
metrica:Home:3|P2|S003|O005,Home,3,2,2754,3674.48,3784.6
metrica:Home:3|P2|S003|O006,Home,3,2,1003,3835.68,3875.76
metrica:Home:3|P2|S003|O007,Home,3,2,264,3946.92,3957.44
metrica:Home:3|P2|S003|O008,Home,3,2,2288,4007.96,4099.44
metrica:Home:3|P2|S003|O009,Home,3,2,1556,4127.88,4190.08
metrica:Home:3|P2|S003|O010,Home,3,2,275,4190.52,4201.48
metrica:Home:3|P2|S003|O011,Home,3,2,459,4201.92,4220.24
metrica:Home:3|P2|S004|O001,Home,3,2,970,4222.24,4261.0
metrica:Home:3|P2|S004|O002,Home,3,2,245,4261.44,4271.2
metrica:Home:3|P2|S004|O003,Home,3,2,315,4281.0,4293.56
metrica:Home:3|P2|S004|O004,Home,3,2,832,4302.16,4335.4
metrica:Home:3|P2|S004|O005,Home,3,2,81,4335.84,4339.04
metrica:Home:3|P2|S004|O006,Home,3,2,1730,4368.2,4437.36
metrica:Home:3|P2|S004|O007,Home,3,2,291,4437.8,4449.4
metrica:Home:3|P2|S004|O008,Home,3,2,3631,4454.96,4600.16
metrica:Home:3|P2|S004|O009,Home,3,2,1708,4600.6,4668.88
metrica:Home:3|P2|S004|O010,Home,3,2,1854,4669.32,4743.44
metrica:Home:3|P2|S004|O011,Home,3,2,567,4743.88,4766.52
metrica:Home:3|P2|S004|O012,Home,3,2,1153,4766.96,4813.04
metrica:Home:3|P2|S004|O013,Home,3,2,2577,4813.48,4916.52
metrica:Home:3|P2|S004|O014,Home,3,2,292,4916.96,4928.6
metrica:Home:3|P2|S004|O015,Home,3,2,3021,4937.24,5058.04
metrica:Home:3|P2|S004|O016,Home,3,2,2115,5065.52,5150.08
metrica:Home:3|P2|S004|O017,Home,3,2,1449,5150.52,5208.44
metrica:Home:3|P2|S004|O018,Home,3,2,472,5208.88,5227.72
metrica:Home:3|P2|S004|O019,Home,3,2,1862,5228.16,5302.6
metrica:Home:3|P2|S004|O020,Home,3,2,997,5303.04,5342.88
metrica:Home:3|P2|S004|O021,Home,3,2,4484,5350.48,5529.8
metrica:Home:3|P2|S004|O022,Home,3,2,626,5530.24,5555.24
metrica:Home:3|P2|S005|O001,Home,3,2,940,5557.88,5595.44
metrica:Home:3|P2|S005|O002,Home,3,2,364,5595.88,5610.4
metrica:Home:3|P2|S005|O003,Home,3,2,883,5610.84,5646.12
metrica:Home:4|P1|S001|O001,Home,4,1,43,0.2,1.88
metrica:Home:4|P1|S001|O002,Home,4,1,445,2.24,20.0
metrica:Home:4|P1|S001|O003,Home,4,1,5419,27.08,243.8
metrica:Home:4|P1|S001|O004,Home,4,1,709,254.36,282.68
metrica:Home:4|P1|S001|O005,Home,4,1,409,326.12,342.44
metrica:Home:4|P1|S001|O006,Home,4,1,1191,349.0,396.6
metrica:Home:4|P1|S001|O007,Home,4,1,35,418.72,420.08
metrica:Home:4|P1|S001|O008,Home,4,1,2257,428.8,519.04
metrica:Home:4|P1|S002|O001,Home,4,1,1226,2382.92,2431.92
metrica:Home:4|P1|S002|O002,Home,4,1,1739,2432.28,2501.8
metrica:Home:4|P1|S002|O003,Home,4,1,5197,2509.68,2717.52
metrica:Home:4|P2|S002|O001,Home,4,2,2204,3441.64,3529.76
metrica:Home:4|P2|S002|O002,Home,4,2,1031,3530.12,3571.32
metrica:Home:4|P2|S002|O003,Home,4,2,901,3571.68,3607.68
metrica:Home:4|P2|S002|O004,Home,4,2,165,3636.72,3643.28
metrica:Home:4|P2|S003|O001,Home,4,2,318,3644.2,3656.88
metrica:Home:4|P2|S003|O002,Home,4,2,2754,3674.48,3784.6
metrica:Home:5|P1|S001|O001,Home,5,1,14,0.2,0.72
metrica:Home:5|P1|S002|O001,Home,5,1,2918,2179.08,2295.76
metrica:Home:5|P1|S002|O002,Home,5,1,2556,2329.72,2431.92
metrica:Home:5|P1|S002|O003,Home,5,1,1739,2432.28,2501.8
metrica:Home:5|P1|S002|O004,Home,5,1,5197,2509.68,2717.52
metrica:Home:5|P2|S001|O001,Home,5,2,43,2717.84,2719.52
metrica:Home:5|P2|S001|O002,Home,5,2,416,2719.88,2736.48
metrica:Home:5|P2|S001|O003,Home,5,2,252,2736.84,2746.88
metrica:Home:5|P2|S001|O004,Home,5,2,1926,2759.44,2836.44
metrica:Home:5|P2|S001|O005,Home,5,2,252,2836.8,2846.84
metrica:Home:5|P2|S001|O006,Home,5,2,352,2861.52,2875.56
metrica:Home:5|P2|S001|O007,Home,5,2,2382,2925.52,3020.76
metrica:Home:5|P2|S001|O008,Home,5,2,193,3021.12,3028.8
metrica:Home:5|P2|S001|O009,Home,5,2,1083,3079.48,3122.76
metrica:Home:5|P2|S001|O010,Home,5,2,1023,3123.12,3164.0
metrica:Home:5|P2|S001|O011,Home,5,2,1851,3174.64,3248.64
metrica:Home:5|P2|S002|O001,Home,5,2,259,5600.08,5610.4
metrica:Home:5|P2|S002|O002,Home,5,2,883,5610.84,5646.12
metrica:Home:6|P1|S001|O001,Home,6,1,43,0.2,1.88
metrica:Home:6|P1|S001|O002,Home,6,1,287,2.24,13.68
metrica:Home:6|P1|S002|O001,Home,6,1,1092,1102.2,1145.84
metrica:Home:6|P1|S002|O002,Home,6,1,1732,1146.2,1215.44
metrica:Home:6|P1|S002|O003,Home,6,1,2388,1215.8,1311.28
metrica:Home:6|P1|S003|O001,Home,6,1,26,1312.92,1313.92
metrica:Home:6|P1|S003|O002,Home,6,1,943,1314.28,1351.96
metrica:Home:6|P1|S003|O003,Home,6,1,1017,1448.84,1489.48
metrica:Home:6|P1|S003|O004,Home,6,1,209,1489.84,1498.16
metrica:Home:6|P1|S003|O005,Home,6,1,314,1531.68,1544.2
metrica:Home:6|P1|S003|O006,Home,6,1,521,1565.16,1585.96
metrica:Home:6|P1|S003|O007,Home,6,1,290,1586.32,1597.88
metrica:Home:6|P1|S003|O008,Home,6,1,1755,1603.48,1673.64
metrica:Home:6|P1|S003|O009,Home,6,1,654,1674.0,1700.12
metrica:Home:6|P1|S003|O010,Home,6,1,623,1700.48,1725.36
metrica:Home:6|P1|S003|O011,Home,6,1,371,1725.72,1740.52
metrica:Home:6|P1|S003|O012,Home,6,1,493,1811.8,1831.48
metrica:Home:6|P1|S003|O013,Home,6,1,2724,1838.88,1947.8
metrica:Home:6|P1|S003|O014,Home,6,1,975,1948.16,1987.12
metrica:Home:6|P1|S003|O015,Home,6,1,2161,1993.44,2079.84
metrica:Home:6|P1|S004|O001,Home,6,1,2918,2179.08,2295.76
metrica:Home:6|P1|S004|O002,Home,6,1,2556,2329.72,2431.92
metrica:Home:6|P1|S004|O003,Home,6,1,1739,2432.28,2501.8
metrica:Home:6|P1|S004|O004,Home,6,1,5197,2509.68,2717.52
metrica:Home:6|P2|S001|O001,Home,6,2,43,2717.84,2719.52
metrica:Home:6|P2|S001|O002,Home,6,2,416,2719.88,2736.48
metrica:Home:6|P2|S001|O003,Home,6,2,252,2736.84,2746.88
metrica:Home:6|P2|S001|O004,Home,6,2,1926,2759.44,2836.44
metrica:Home:6|P2|S001|O005,Home,6,2,252,2836.8,2846.84
metrica:Home:6|P2|S001|O006,Home,6,2,352,2861.52,2875.56
metrica:Home:6|P2|S001|O007,Home,6,2,2382,2925.52,3020.76
metrica:Home:6|P2|S001|O008,Home,6,2,193,3021.12,3028.8
metrica:Home:6|P2|S001|O009,Home,6,2,1083,3079.48,3122.76
metrica:Home:6|P2|S001|O010,Home,6,2,1023,3123.12,3164.0
metrica:Home:6|P2|S001|O011,Home,6,2,1851,3174.64,3248.64
metrica:Home:6|P2|S001|O012,Home,6,2,3081,3296.2,3419.4
metrica:Home:6|P2|S001|O013,Home,6,2,46,3419.76,3421.56
metrica:Home:6|P2|S001|O014,Home,6,2,2204,3441.64,3529.76
metrica:Home:6|P2|S001|O015,Home,6,2,1031,3530.12,3571.32
metrica:Home:6|P2|S001|O016,Home,6,2,901,3571.68,3607.68
metrica:Home:6|P2|S001|O017,Home,6,2,505,3636.72,3656.88
metrica:Home:6|P2|S001|O018,Home,6,2,2754,3674.48,3784.6
metrica:Home:6|P2|S001|O019,Home,6,2,1003,3835.68,3875.76
metrica:Home:6|P2|S001|O020,Home,6,2,264,3946.92,3957.44
metrica:Home:6|P2|S001|O021,Home,6,2,2288,4007.96,4099.44
metrica:Home:6|P2|S001|O022,Home,6,2,1556,4127.88,4190.08
metrica:Home:6|P2|S001|O023,Home,6,2,275,4190.52,4201.48
metrica:Home:6|P2|S001|O024,Home,6,2,1478,4201.92,4261.0
metrica:Home:6|P2|S001|O025,Home,6,2,245,4261.44,4271.2
metrica:Home:6|P2|S001|O026,Home,6,2,315,4281.0,4293.56
metrica:Home:6|P2|S001|O027,Home,6,2,832,4302.16,4335.4
metrica:Home:6|P2|S001|O028,Home,6,2,81,4335.84,4339.04
metrica:Home:6|P2|S001|O029,Home,6,2,1730,4368.2,4437.36
metrica:Home:6|P2|S001|O030,Home,6,2,291,4437.8,4449.4
metrica:Home:6|P2|S001|O031,Home,6,2,3631,4454.96,4600.16
metrica:Home:6|P2|S001|O032,Home,6,2,1708,4600.6,4668.88
metrica:Home:6|P2|S001|O033,Home,6,2,1854,4669.32,4743.44
metrica:Home:6|P2|S001|O034,Home,6,2,567,4743.88,4766.52
metrica:Home:6|P2|S001|O035,Home,6,2,1153,4766.96,4813.04
metrica:Home:6|P2|S001|O036,Home,6,2,2577,4813.48,4916.52
metrica:Home:6|P2|S001|O037,Home,6,2,292,4916.96,4928.6
metrica:Home:6|P2|S001|O038,Home,6,2,3021,4937.24,5058.04
metrica:Home:6|P2|S001|O039,Home,6,2,2115,5065.52,5150.08
metrica:Home:6|P2|S001|O040,Home,6,2,1449,5150.52,5208.44
metrica:Home:6|P2|S001|O041,Home,6,2,472,5208.88,5227.72
metrica:Home:6|P2|S001|O042,Home,6,2,1862,5228.16,5302.6
metrica:Home:6|P2|S001|O043,Home,6,2,997,5303.04,5342.88
metrica:Home:6|P2|S001|O044,Home,6,2,4484,5350.48,5529.8
metrica:Home:6|P2|S001|O045,Home,6,2,1631,5530.24,5595.44
metrica:Home:6|P2|S001|O046,Home,6,2,364,5595.88,5610.4
metrica:Home:6|P2|S001|O047,Home,6,2,883,5610.84,5646.12
metrica:Home:7|P1|S002|O001,Home,7,1,36,0.48,1.88
metrica:Home:7|P1|S002|O002,Home,7,1,445,2.24,20.0
metrica:Home:7|P1|S002|O003,Home,7,1,5419,27.08,243.8
metrica:Home:7|P1|S002|O004,Home,7,1,709,254.36,282.68
metrica:Home:7|P1|S002|O005,Home,7,1,409,326.12,342.44
metrica:Home:7|P1|S002|O006,Home,7,1,1191,349.0,396.6
metrica:Home:7|P1|S002|O007,Home,7,1,35,418.72,420.08
metrica:Home:7|P1|S002|O008,Home,7,1,1235,428.8,478.16
metrica:Home:7|P1|S003|O001,Home,7,1,155,481.84,488.0
metrica:Home:7|P1|S004|O001,Home,7,1,1496,492.08,551.88
metrica:Home:7|P1|S004|O002,Home,7,1,737,552.24,581.68
metrica:Home:7|P1|S004|O003,Home,7,1,360,593.96,608.32
metrica:Home:7|P1|S004|O004,Home,7,1,3064,618.16,740.68
metrica:Home:7|P1|S004|O005,Home,7,1,2144,779.6,865.32
metrica:Home:7|P1|S004|O006,Home,7,1,1017,865.68,906.32
metrica:Home:7|P1|S004|O007,Home,7,1,2749,917.24,1027.16
metrica:Home:7|P1|S004|O008,Home,7,1,567,1036.92,1059.56
metrica:Home:7|P1|S004|O009,Home,7,1,1537,1084.4,1145.84
metrica:Home:7|P1|S004|O010,Home,7,1,1732,1146.2,1215.44
metrica:Home:7|P1|S004|O011,Home,7,1,2454,1215.8,1313.92
metrica:Home:7|P1|S004|O012,Home,7,1,943,1314.28,1351.96
metrica:Home:7|P1|S004|O013,Home,7,1,1017,1448.84,1489.48
metrica:Home:7|P1|S004|O014,Home,7,1,209,1489.84,1498.16
metrica:Home:7|P1|S004|O015,Home,7,1,314,1531.68,1544.2
metrica:Home:7|P1|S004|O016,Home,7,1,521,1565.16,1585.96
metrica:Home:7|P1|S004|O017,Home,7,1,290,1586.32,1597.88
metrica:Home:7|P1|S004|O018,Home,7,1,1755,1603.48,1673.64
metrica:Home:7|P1|S004|O019,Home,7,1,654,1674.0,1700.12
metrica:Home:7|P1|S004|O020,Home,7,1,623,1700.48,1725.36
metrica:Home:7|P1|S004|O021,Home,7,1,371,1725.72,1740.52
metrica:Home:7|P1|S004|O022,Home,7,1,493,1811.8,1831.48
metrica:Home:7|P1|S004|O023,Home,7,1,2724,1838.88,1947.8
metrica:Home:7|P1|S004|O024,Home,7,1,975,1948.16,1987.12
metrica:Home:7|P1|S004|O025,Home,7,1,2161,1993.44,2079.84
metrica:Home:7|P1|S004|O026,Home,7,1,2918,2179.08,2295.76
metrica:Home:7|P1|S004|O027,Home,7,1,2556,2329.72,2431.92
metrica:Home:7|P1|S004|O028,Home,7,1,1739,2432.28,2501.8
metrica:Home:7|P1|S004|O029,Home,7,1,5197,2509.68,2717.52
metrica:Home:7|P2|S001|O001,Home,7,2,14,2717.84,2718.36
metrica:Home:7|P2|S002|O001,Home,7,2,105,5605.04,5609.2
metrica:Home:7|P2|S003|O001,Home,7,2,6,5610.2,5610.4
metrica:Home:7|P2|S003|O002,Home,7,2,883,5610.84,5646.12
metrica:Home:8|P1|S002|O001,Home,8,1,823,519.0,551.88
metrica:Home:8|P1|S002|O002,Home,8,1,737,552.24,581.68
metrica:Home:8|P1|S002|O003,Home,8,1,360,593.96,608.32
metrica:Home:8|P1|S002|O004,Home,8,1,3064,618.16,740.68
metrica:Home:8|P1|S002|O005,Home,8,1,2144,779.6,865.32
metrica:Home:8|P1|S002|O006,Home,8,1,1017,865.68,906.32
metrica:Home:8|P1|S002|O007,Home,8,1,2749,917.24,1027.16
metrica:Home:8|P1|S002|O008,Home,8,1,567,1036.92,1059.56
metrica:Home:8|P1|S002|O009,Home,8,1,1537,1084.4,1145.84
metrica:Home:8|P1|S002|O010,Home,8,1,1732,1146.2,1215.44
metrica:Home:8|P1|S002|O011,Home,8,1,2454,1215.8,1313.92
metrica:Home:8|P1|S002|O012,Home,8,1,943,1314.28,1351.96
metrica:Home:8|P1|S002|O013,Home,8,1,1017,1448.84,1489.48
metrica:Home:8|P1|S002|O014,Home,8,1,209,1489.84,1498.16
metrica:Home:8|P1|S002|O015,Home,8,1,314,1531.68,1544.2
metrica:Home:8|P1|S002|O016,Home,8,1,521,1565.16,1585.96
metrica:Home:8|P1|S002|O017,Home,8,1,290,1586.32,1597.88
metrica:Home:8|P1|S002|O018,Home,8,1,1755,1603.48,1673.64
metrica:Home:8|P1|S002|O019,Home,8,1,654,1674.0,1700.12
metrica:Home:8|P1|S002|O020,Home,8,1,623,1700.48,1725.36
metrica:Home:8|P1|S002|O021,Home,8,1,371,1725.72,1740.52
metrica:Home:8|P1|S002|O022,Home,8,1,493,1811.8,1831.48
metrica:Home:8|P1|S002|O023,Home,8,1,2724,1838.88,1947.8
metrica:Home:8|P1|S002|O024,Home,8,1,975,1948.16,1987.12
metrica:Home:8|P1|S002|O025,Home,8,1,2161,1993.44,2079.84
metrica:Home:8|P1|S002|O026,Home,8,1,2918,2179.08,2295.76
metrica:Home:8|P1|S002|O027,Home,8,1,2556,2329.72,2431.92
metrica:Home:8|P1|S002|O028,Home,8,1,1739,2432.28,2501.8
metrica:Home:8|P1|S002|O029,Home,8,1,5197,2509.68,2717.52
metrica:Home:8|P2|S002|O001,Home,8,2,1003,3835.68,3875.76
metrica:Home:8|P2|S002|O002,Home,8,2,264,3946.92,3957.44
metrica:Home:8|P2|S002|O003,Home,8,2,2288,4007.96,4099.44
metrica:Home:8|P2|S002|O004,Home,8,2,1556,4127.88,4190.08
metrica:Home:8|P2|S002|O005,Home,8,2,275,4190.52,4201.48
metrica:Home:8|P2|S002|O006,Home,8,2,401,4201.92,4217.92
metrica:Home:8|P2|S003|O001,Home,8,2,633,4219.04,4244.32
metrica:Home:9|P1|S002|O001,Home,9,1,2144,779.6,865.32
metrica:Home:9|P1|S002|O002,Home,9,1,1017,865.68,906.32
metrica:Home:9|P1|S002|O003,Home,9,1,2749,917.24,1027.16
metrica:Home:9|P1|S002|O004,Home,9,1,567,1036.92,1059.56
metrica:Home:9|P1|S002|O005,Home,9,1,1537,1084.4,1145.84
metrica:Home:9|P1|S002|O006,Home,9,1,1732,1146.2,1215.44
metrica:Home:9|P1|S002|O007,Home,9,1,2070,1215.8,1298.56
metrica:Home:9|P1|S003|O001,Home,9,1,327,1300.88,1313.92
metrica:Home:9|P1|S003|O002,Home,9,1,943,1314.28,1351.96
metrica:Home:9|P1|S003|O003,Home,9,1,1017,1448.84,1489.48
metrica:Home:9|P1|S003|O004,Home,9,1,209,1489.84,1498.16
metrica:Home:9|P1|S003|O005,Home,9,1,314,1531.68,1544.2
metrica:Home:9|P1|S003|O006,Home,9,1,521,1565.16,1585.96
metrica:Home:9|P1|S003|O007,Home,9,1,290,1586.32,1597.88
metrica:Home:9|P1|S003|O008,Home,9,1,1755,1603.48,1673.64
metrica:Home:9|P1|S003|O009,Home,9,1,654,1674.0,1700.12
metrica:Home:9|P1|S003|O010,Home,9,1,623,1700.48,1725.36
metrica:Home:9|P1|S003|O011,Home,9,1,371,1725.72,1740.52
metrica:Home:9|P1|S003|O012,Home,9,1,493,1811.8,1831.48
metrica:Home:9|P1|S003|O013,Home,9,1,2724,1838.88,1947.8
metrica:Home:9|P1|S003|O014,Home,9,1,975,1948.16,1987.12
metrica:Home:9|P1|S003|O015,Home,9,1,2161,1993.44,2079.84
metrica:Home:9|P1|S003|O016,Home,9,1,2918,2179.08,2295.76
metrica:Home:9|P1|S003|O017,Home,9,1,2556,2329.72,2431.92
metrica:Home:9|P1|S003|O018,Home,9,1,1739,2432.28,2501.8
metrica:Home:9|P1|S003|O019,Home,9,1,5197,2509.68,2717.52
metrica:Home:9|P2|S002|O001,Home,9,2,15,2984.84,2985.4
metrica:Home:9|P2|S003|O001,Home,9,2,283,2986.76,2998.04
metrica:Home:9|P2|S004|O001,Home,9,2,534,2999.44,3020.76
metrica:Home:9|P2|S004|O002,Home,9,2,193,3021.12,3028.8
metrica:Home:9|P2|S004|O003,Home,9,2,1083,3079.48,3122.76
metrica:Home:9|P2|S004|O004,Home,9,2,1023,3123.12,3164.0
metrica:Home:9|P2|S004|O005,Home,9,2,1851,3174.64,3248.64
metrica:Home:9|P2|S004|O006,Home,9,2,3081,3296.2,3419.4
metrica:Home:9|P2|S004|O007,Home,9,2,46,3419.76,3421.56
metrica:Home:9|P2|S004|O008,Home,9,2,2204,3441.64,3529.76
metrica:Home:9|P2|S004|O009,Home,9,2,1031,3530.12,3571.32
metrica:Home:9|P2|S004|O010,Home,9,2,901,3571.68,3607.68
metrica:Home:9|P2|S004|O011,Home,9,2,165,3636.72,3643.28
metrica:Home:9|P2|S005|O001,Home,9,2,318,3644.2,3656.88
metrica:Home:9|P2|S005|O002,Home,9,2,2754,3674.48,3784.6
metrica:Home:9|P2|S005|O003,Home,9,2,1003,3835.68,3875.76
metrica:Home:9|P2|S005|O004,Home,9,2,264,3946.92,3957.44
metrica:Home:9|P2|S005|O005,Home,9,2,2288,4007.96,4099.44
metrica:Home:9|P2|S005|O006,Home,9,2,1556,4127.88,4190.08
metrica:Home:9|P2|S005|O007,Home,9,2,275,4190.52,4201.48
metrica:Home:9|P2|S005|O008,Home,9,2,1478,4201.92,4261.0
metrica:Home:9|P2|S005|O009,Home,9,2,245,4261.44,4271.2
metrica:Home:9|P2|S005|O010,Home,9,2,315,4281.0,4293.56
metrica:Home:9|P2|S005|O011,Home,9,2,832,4302.16,4335.4
metrica:Home:9|P2|S005|O012,Home,9,2,81,4335.84,4339.04
metrica:Home:9|P2|S005|O013,Home,9,2,1285,4368.2,4419.56
metrica:Home:9|P2|S006|O001,Home,9,2,432,4420.12,4437.36
metrica:Home:9|P2|S006|O002,Home,9,2,291,4437.8,4449.4
metrica:Home:9|P2|S006|O003,Home,9,2,1056,4454.96,4497.16
metrica:Home:9|P2|S007|O001,Home,9,2,2528,4499.08,4600.16
metrica:Home:9|P2|S007|O002,Home,9,2,828,4600.6,4633.68
metrica:Home:9|P2|S008|O001,Home,9,2,721,4640.08,4668.88
metrica:Home:9|P2|S008|O002,Home,9,2,1854,4669.32,4743.44
metrica:Home:9|P2|S008|O003,Home,9,2,567,4743.88,4766.52
metrica:Home:9|P2|S008|O004,Home,9,2,1153,4766.96,4813.04
metrica:Home:9|P2|S008|O005,Home,9,2,877,4813.48,4848.52
metrica:Home:9|P2|S009|O001,Home,9,2,345,4861.96,4875.72
metrica:Home:9|P2|S010|O001,Home,9,2,1003,4876.44,4916.52
metrica:Home:9|P2|S010|O002,Home,9,2,292,4916.96,4928.6
metrica:Home:9|P2|S010|O003,Home,9,2,3021,4937.24,5058.04
metrica:Home:9|P2|S010|O004,Home,9,2,2081,5065.52,5148.72
metrica:Home:9|P2|S011|O001,Home,9,2,18,5149.4,5150.08
metrica:Home:9|P2|S011|O002,Home,9,2,1449,5150.52,5208.44
metrica:Home:9|P2|S011|O003,Home,9,2,472,5208.88,5227.72
metrica:Home:9|P2|S011|O004,Home,9,2,1862,5228.16,5302.6
metrica:Home:9|P2|S011|O005,Home,9,2,997,5303.04,5342.88
metrica:Home:9|P2|S011|O006,Home,9,2,4484,5350.48,5529.8
metrica:Home:9|P2|S011|O007,Home,9,2,1631,5530.24,5595.44
metrica:Home:9|P2|S011|O008,Home,9,2,364,5595.88,5610.4
metrica:Home:9|P2|S011|O009,Home,9,2,317,5610.84,5623.48
metrica:Home:9|P2|S012|O001,Home,9,2,550,5624.16,5646.12
